marital_status,application_mode,course,tuition_fees_up_to_date,scholarship_holder,debtor,age_at_enrollment,curricular_units_1st_sem_approved,curricular_units_1st_sem_grade,curricular_units_2nd_sem_approved,curricular_units_2nd_sem_grade,admission_grade,unemployment_rate,inflation_rate,gdp,target_binary,target_multiclass,target_raw
1,1,9556,1,0,0,21,6,11.73,5,12.45,137,6.4,1.1,0.5,0,2,Graduate
1,13,9119,1,0,0,20,5,15.55,4,10.34,130.7,6.8,1.8,1.32,0,2,Graduate
1,13,9853,1,1,1,24,3,10.91,1,10.8,168.3,10,1.9,-1.07,1,0,Dropout
1,13,9119,1,0,0,19,4,11.69,4,15.48,111.9,7.4,2.2,-1.08,0,2,Graduate
1,14,9147,1,0,1,27,2,10.13,2,11.84,177.7,9.4,2.4,0.08,1,0,Dropout
1,12,171,1,1,0,23,4,10.79,4,16.85,175.4,8.7,0.5,-0.18,0,2,Graduate
1,13,9853,1,1,0,23,5,14.33,4,10.56,113.2,8.7,1.7,0.44,0,2,Graduate
2,10,33,1,0,1,25,0,0,0,0,117.2,8.7,0.8,-0.68,1,0,Dropout
1,13,9003,1,1,0,20,4,10.74,5,15.11,130.4,4,1.8,-0.65,0,1,Enrolled
1,11,9556,1,1,1,22,5,15.85,6,16.66,170,7.3,2.3,1.37,0,2,Graduate
1,11,33,1,0,0,20,4,11.43,6,16.44,162,6.1,2.2,1.16,0,2,Graduate
1,14,171,1,1,0,19,4,15.37,4,16.34,158,4.5,0.9,-1.39,0,2,Graduate
1,12,9070,0,0,1,19,2,11.17,1,11.43,139.1,7.8,3.1,0.64,1,0,Dropout
1,17,9500,1,1,0,18,6,12.51,6,14.01,101.3,9.3,2,0.86,0,1,Enrolled
1,9,9853,1,0,0,20,6,16.36,5,13.62,144.1,6.2,1.6,-0.27,0,1,Enrolled
1,14,9130,1,0,0,26,1,10.58,0,0,181.8,10,0.6,0.87,1,0,Dropout
1,6,9147,1,0,0,23,6,16.72,6,15.5,148.5,9.6,3,-0.58,0,2,Graduate
1,6,33,1,0,1,21,4,10.09,4,12.68,177.7,8.6,1.5,0.17,0,1,Enrolled
1,2,9147,1,1,0,20,4,14.54,4,10.72,122.1,6.1,2.3,0.72,0,1,Enrolled
1,12,9003,1,0,0,18,6,13.61,4,14.89,128.6,8,0.8,1.28,0,2,Graduate
1,5,171,1,0,0,19,5,15.55,4,14.22,141.9,10.9,1.6,0.97,0,2,Graduate
1,10,9853,1,1,0,23,6,15.18,6,12.37,124.9,11.1,1.6,-0.01,0,2,Graduate
1,8,9500,1,0,0,20,3,12.59,0,0,186.6,11.4,2.7,0.53,1,0,Dropout
1,17,9991,1,0,0,23,4,10.6,5,10.39,142.9,10,3,-0.47,0,2,Graduate
1,17,9238,1,0,0,23,4,14.27,4,11.94,148.1,3.9,2.3,-0.17,0,1,Enrolled
1,2,9254,1,0,0,18,6,11.59,5,15.53,145,11.1,2.1,-0.61,0,2,Graduate
1,2,9670,1,1,0,22,4,16.78,5,15.26,145,8.3,2.3,0.39,0,1,Enrolled
1,8,9085,0,1,1,27,3,10.89,1,10.04,181.1,6.1,1.8,2.16,1,0,Dropout
1,16,9238,0,0,0,23,2,12.28,0,0,175.1,6,1.3,-1.54,1,0,Dropout
1,3,9070,1,0,1,29,0,0,0,0,167.5,10.7,1.5,-0.42,1,0,Dropout
1,4,9003,1,0,0,20,6,15.14,5,10.5,107.6,10.2,2.4,-1.09,0,2,Graduate
1,18,9853,1,1,0,22,4,15.52,6,12.73,183.1,7.6,2,0.67,0,2,Graduate
1,2,9500,1,0,0,22,5,15.39,4,10.09,169.5,11,0.9,0.53,0,2,Graduate
1,1,9238,1,0,1,19,1,11.01,0,0,177.3,7.2,2.4,-0.47,1,0,Dropout
1,4,9500,1,0,1,25,1,11.65,0,0,133.9,3.6,3.1,-1.55,1,0,Dropout
1,11,9991,0,1,1,25,0,0,0,0,158.5,7.7,3.4,-0.16,1,0,Dropout
1,15,9130,1,0,1,21,2,11.77,2,10.6,119.8,10.6,0.7,1.15,1,0,Dropout
1,17,9147,1,1,1,21,4,15.75,6,10.31,166.9,8.5,2.7,0.1,0,2,Graduate
1,5,9119,1,1,0,20,4,16.85,6,11.17,147.9,8.3,2.9,0.27,0,2,Graduate
1,17,9147,1,0,0,22,4,12.72,5,14.31,156.7,10.8,2.2,1.92,0,1,Enrolled
1,15,9147,1,0,0,21,1,12.51,0,0,183.3,10,1.2,-1.57,1,0,Dropout
1,13,9991,1,0,0,20,4,13.35,5,13.74,145.7,10,3.2,0.26,0,2,Graduate
1,15,9130,1,0,1,20,5,10.64,4,13.36,123.6,8.9,2.5,0.43,0,2,Graduate
1,16,9670,1,0,0,20,4,12.5,4,12.57,186.7,5,2.6,0.11,0,1,Enrolled
1,12,9556,1,0,0,22,4,14.39,5,13.41,165.2,10.2,2.2,0.89,0,1,Enrolled
1,4,9254,0,0,1,28,1,12.58,2,12.63,178.7,9.3,1.8,0.86,1,0,Dropout
1,5,9991,1,0,0,23,4,15.6,6,11.26,121.1,4.8,0.5,-1.48,0,2,Graduate
1,4,9773,1,1,0,20,4,11.52,4,15.97,105.5,4.1,2.4,0.85,0,1,Enrolled
1,7,171,1,0,0,22,6,11.18,4,14.9,183.3,5.8,0.8,-0.78,0,2,Graduate
1,16,9147,1,1,0,23,6,14.47,4,10.83,173.1,6.4,2.7,-0.3,0,2,Graduate
1,8,8014,1,0,0,23,4,16.91,6,15.1,155.8,9.7,2.5,1.04,0,1,Enrolled
1,10,9773,1,0,0,27,3,11.97,2,12.85,130.2,9.7,0.7,-0.17,1,0,Dropout
1,8,9500,1,0,0,18,5,13.53,6,11.11,162,5.3,3.2,1.65,0,2,Graduate
1,14,9500,1,0,0,23,4,16.22,6,12.17,167.8,11.3,2.2,1.44,0,1,Enrolled
1,1,9119,1,0,1,28,1,12.9,0,0,155.8,4.2,1.7,0.65,1,0,Dropout
1,14,33,1,0,0,23,5,13.32,5,12.68,114.4,7.1,2.6,0.58,0,2,Graduate
1,10,171,1,0,0,20,6,16.82,5,16.7,165.3,11.2,2.9,2.11,0,2,Graduate
1,3,9773,1,1,0,21,5,13.61,5,15.12,104.5,7.9,2.9,1.4,0,1,Enrolled
1,7,8014,1,1,0,18,6,11.28,4,10.44,124.7,7.3,1.1,1.33,0,2,Graduate
1,7,9991,1,0,0,18,5,14.81,4,15.43,146.5,7.5,2.5,0.82,0,1,Enrolled
1,14,9500,1,0,0,20,6,10.79,4,13.61,130.9,5.1,1.4,2.27,0,2,Graduate
1,6,9070,1,0,0,22,4,13.02,6,13.39,186.1,9.4,2.7,1.67,0,2,Graduate
1,16,9147,1,0,0,20,4,11.46,4,11.96,141.7,5.8,1.2,0.31,0,1,Enrolled
1,7,9130,1,0,0,19,4,10.52,5,12.8,177.6,5.3,1.9,-1.03,0,1,Enrolled
1,12,9085,1,0,1,29,0,0,1,10.19,187.4,10.1,0.7,-0.71,1,0,Dropout
1,8,9254,1,0,0,18,2,11.12,1,10.68,109.3,8.4,0.7,0.5,1,0,Dropout
1,13,9130,1,0,1,28,1,12.67,2,10.92,128.9,6.7,0.9,1.75,1,0,Dropout
1,9,9070,1,0,1,20,0,0,1,12.75,122.3,9.5,1,-0.92,1,0,Dropout
1,10,9130,1,0,1,25,0,0,0,0,156.8,11.2,1.4,0.89,1,0,Dropout
1,17,9670,1,0,0,22,5,14.92,4,12.49,124.8,5.2,1.2,0.21,0,2,Graduate
2,9,9130,1,0,1,25,0,0,1,12.6,120.7,11.5,2.1,1.69,1,0,Dropout
2,5,9119,1,0,0,18,5,12.59,4,14.13,134.1,10.5,3.1,0.23,0,2,Graduate
1,11,9556,1,1,0,23,5,14.49,6,11.43,147.6,7,0.7,2.06,0,1,Enrolled
1,4,9070,1,1,1,28,3,10.29,2,11.66,139.2,6.3,0.8,-0.23,1,0,Dropout
1,1,9147,0,0,1,26,3,11.44,2,10.6,174.2,6.3,1.1,-0.27,1,0,Dropout
1,3,33,1,0,1,28,2,12.72,1,11.63,138.5,9.1,1.8,1.41,1,0,Dropout
1,13,9556,1,0,0,28,1,10.82,1,11.89,120.6,8.2,1.3,-1.47,1,0,Dropout
1,7,9003,0,0,1,23,0,0,2,12.65,144.1,11.1,1.5,0.7,1,0,Dropout
2,1,9670,1,0,0,23,4,12.65,5,13.59,106.2,10.7,1.4,-0.05,0,2,Graduate
1,4,33,1,0,0,22,5,14.53,6,10.56,148.7,8,1.2,-1.33,0,2,Graduate
1,9,9556,1,0,1,27,1,12.79,1,12.38,109.2,9.4,2.2,0.76,1,0,Dropout
1,14,9147,1,1,0,19,4,10.84,4,10.77,169.2,9.6,1.4,-1.44,0,2,Graduate
1,11,8014,1,1,0,23,5,11.67,5,15.81,185.5,11,2.4,-1.5,0,2,Graduate
1,8,9003,1,0,0,22,4,10.7,4,10.6,120.4,4.4,2.2,0.16,0,2,Graduate
1,14,9147,1,0,1,21,5,12.02,5,15.81,164.4,9.3,2.1,0.29,0,2,Graduate
1,3,9238,1,1,0,22,5,15.36,5,12.95,110,4.4,2.9,0.94,0,1,Enrolled
1,16,9147,1,0,0,20,6,11.44,4,15.75,123.7,11.3,2.1,2.29,0,2,Graduate
1,10,9070,1,0,0,23,4,10.81,6,11.69,133.5,5.8,1.5,0.92,0,2,Graduate
1,9,9773,1,0,0,18,5,13.58,4,11.46,135.6,5.8,1.5,-0.04,0,1,Enrolled
1,4,9070,1,1,0,18,6,15.2,4,14.17,182.9,11.5,2.5,-0.01,0,2,Graduate
1,4,9991,0,0,0,26,1,10.6,1,10.26,136.5,6.2,0.6,1.95,1,0,Dropout
1,18,9085,1,1,0,21,5,14.22,4,16.14,112.1,8.5,1.7,-0.28,0,2,Graduate
1,18,9238,1,0,1,19,0,0,1,10.36,164.3,11.4,2.5,1.07,1,0,Dropout
1,9,9254,0,0,1,29,3,10.89,1,10.26,162,9.5,0.5,0.2,1,0,Dropout
1,1,8014,1,0,0,20,4,12.42,6,10.85,174.7,4.3,1.6,-0.1,0,1,Enrolled
1,10,9853,1,1,1,19,3,10.2,1,11.4,149.8,6.1,0.8,1.54,1,0,Dropout
1,7,9003,1,0,0,20,6,13.46,5,12.89,103.9,5.9,3.1,-0.01,0,2,Graduate
1,7,9085,0,0,1,18,3,12.24,2,11.43,158.3,5.4,2,0.28,1,0,Dropout
1,15,9085,1,0,0,18,4,11.95,4,16.11,177,8.1,1.6,0.59,0,1,Enrolled
1,14,33,1,0,1,29,1,10.06,2,12.67,123.8,7.9,2.1,-1.41,1,0,Dropout
1,7,9991,1,0,0,27,0,0,2,10.86,162,3.9,3.2,2.08,1,0,Dropout
1,15,9853,1,0,1,19,6,11.23,4,14.97,102.7,6.5,2.7,-0.37,0,2,Graduate
1,3,9556,1,0,0,21,6,14.31,6,10.84,105.1,4.4,2.7,-0.68,0,2,Graduate
1,11,9085,1,1,0,18,4,16.48,4,12.83,167.7,6.5,2.8,1.33,0,2,Graduate
1,3,171,1,0,0,23,5,16.15,6,15.19,138.2,8.4,1.9,-0.77,0,2,Graduate
1,2,9991,0,1,0,19,3,11.86,2,11.63,165.6,5.6,1.1,1.15,1,0,Dropout
1,7,9130,1,1,0,23,4,13.91,6,15.03,113.3,4.6,1.7,-1.24,0,2,Graduate
1,9,171,1,0,0,20,4,13.9,6,15.57,122.2,5.8,0.5,0.9,0,2,Graduate
1,8,9085,0,0,1,19,1,12.61,0,0,169,4,1.4,1.68,1,0,Dropout
1,12,9853,0,0,1,24,3,11.29,2,10.79,117.8,7.9,1.8,-0.19,1,0,Dropout
2,2,9500,1,0,0,21,4,11.78,6,14.91,187.1,6.1,2.3,1.24,0,2,Graduate
1,4,9773,1,1,0,21,5,14.04,4,12.43,119.1,8.4,1.4,2.3,0,2,Graduate
1,13,9773,1,1,1,19,6,14.27,4,10.63,132.3,4.9,0.6,0.37,0,2,Graduate
1,11,9003,0,0,0,29,3,10.59,2,12.6,109.2,9.3,2,-0.34,1,0,Dropout
1,11,9254,1,0,0,19,4,16.74,4,16.56,158.3,9.8,3.3,0.35,0,2,Graduate
1,8,9147,1,1,1,21,5,15.24,4,11.02,121.4,8.1,0.8,1.74,0,1,Enrolled
1,6,9500,1,0,0,23,2,10.19,0,0,102.9,8.8,2.8,-1.58,1,0,Dropout
1,4,171,1,1,0,18,4,12.73,5,14.49,144.5,3.7,2.5,1.38,0,2,Graduate
1,17,171,1,0,0,21,6,16.59,5,12.15,160.7,8.8,3,1.24,0,2,Graduate
2,13,8014,1,1,0,21,5,11.9,6,13.08,140.8,7.6,1.2,-0.49,0,2,Graduate
1,6,9500,1,0,1,26,3,12.11,1,12.49,113.1,4.9,1.5,0.88,1,0,Dropout
1,2,9991,1,0,0,18,5,10.33,5,15.61,157.1,7.5,1,0.82,0,2,Graduate
1,4,9254,1,0,0,20,4,13.49,5,13.5,169.4,3.9,1.4,-0.43,0,2,Graduate
2,11,9500,0,0,0,24,0,0,1,10.88,115.9,3.7,1,-1.22,1,0,Dropout
1,5,8014,1,1,0,22,5,14.58,6,12.61,165.1,6.2,0.6,2.08,0,2,Graduate
1,11,9119,1,0,0,20,4,13.87,4,15.74,169.9,6.9,0.6,0.76,0,2,Graduate
1,10,9147,1,1,0,22,6,15.48,4,10.65,139.5,11.5,1.4,-1.45,0,2,Graduate
1,15,9254,1,0,0,22,5,16.36,5,13.14,126.1,4.2,3.1,0.12,0,1,Enrolled
1,6,9238,0,0,1,27,2,11.69,0,0,179.8,4.5,1.6,1.59,1,0,Dropout
2,17,9670,1,0,0,20,4,12.53,6,12.61,145.1,3.9,0.5,0.3,0,2,Graduate
1,8,9500,0,0,0,27,1,10.3,1,11.06,118.5,8.3,3,-1.51,1,0,Dropout
1,16,9070,1,0,0,22,5,13.57,5,10.81,127.3,7.7,1.6,0.89,0,2,Graduate
1,17,9147,1,1,0,18,5,14.85,4,15.42,115.9,8,1.8,-0.64,0,2,Graduate
1,18,9500,1,1,0,21,5,15.52,5,10.6,186.6,11.1,1.5,-0.5,0,1,Enrolled
1,4,9853,1,1,0,21,6,14.48,5,12.07,120.4,8.6,1.9,-1.12,0,2,Graduate
2,13,9003,1,0,0,23,6,12.27,5,12.54,130.8,6.2,1.1,1.77,0,1,Enrolled
1,7,171,1,1,0,22,5,15.88,4,14.88,133.3,7.2,2.5,1.27,0,2,Graduate
1,2,9070,0,0,1,28,3,12.19,0,0,164.9,8.2,3.2,1.88,1,0,Dropout
1,5,9070,1,0,0,23,4,13.36,6,16.52,175.9,10.5,3,0.12,0,1,Enrolled
1,4,9853,0,0,1,21,1,12.56,1,11.79,173.5,8,0.7,-1.66,1,0,Dropout
1,12,8014,1,0,0,20,1,12.84,2,11.49,172.5,6.2,2.9,2.02,1,0,Dropout
1,16,9119,1,0,0,22,6,13.59,4,13.36,154.2,9.4,2.9,0.39,0,1,Enrolled
1,3,9147,0,0,1,18,0,0,0,0,128.2,3.8,2,-0.22,1,0,Dropout
1,12,9670,1,0,0,22,1,12.01,1,11.56,180.2,3.9,1.7,0.73,1,0,Dropout
2,10,9003,1,1,0,22,6,11.92,4,10.28,143.4,10.2,2.4,-0.22,0,2,Graduate
1,11,8014,1,0,0,22,4,13.19,5,15.48,149,4.6,1.8,1.43,0,2,Graduate
1,8,9119,1,0,0,21,5,10.04,4,10.45,173.2,10.9,1,-0.54,0,1,Enrolled
1,2,171,1,0,0,22,6,15.52,4,16.35,126.4,7.6,2.8,1.35,0,1,Enrolled
2,3,9853,1,1,0,22,6,13.67,4,11.1,122.1,10,2.7,0.42,0,2,Graduate
1,16,33,0,0,0,25,3,10.86,2,12.76,144.2,3.9,3.2,1.99,1,0,Dropout
1,3,9556,1,0,0,23,4,16.26,6,12.17,174.1,8.1,0.9,-1.6,0,2,Graduate
1,17,9556,1,0,1,24,1,12.22,1,12.2,128.7,6.5,1.8,-0.04,1,0,Dropout
1,2,9085,0,0,1,20,1,12.71,2,12.5,140.6,4.8,1.9,-1.12,1,0,Dropout
1,13,9556,1,0,1,22,6,16.93,6,10.68,100.3,9.7,0.8,-1.02,0,2,Graduate
1,6,9500,0,0,1,20,1,12.46,0,0,161.7,6.3,3.3,-0.29,1,0,Dropout
1,2,9003,1,0,0,22,4,14.25,6,12.38,175.3,5.6,2.8,2.14,0,1,Enrolled
1,8,9070,1,0,0,22,2,10.69,2,11.68,152.2,5.6,2,-1.28,1,0,Dropout
1,11,9773,1,0,0,20,6,12.68,6,11.4,187.7,6.7,1.8,0.8,0,2,Graduate
2,2,8014,0,0,1,29,3,12.99,1,12.99,141.9,4.9,1.7,-0.55,1,0,Dropout
1,6,9119,1,0,1,24,3,12.02,0,0,150.3,10.2,2,0.28,1,0,Dropout
1,1,9670,1,1,1,28,3,11.89,2,10.26,101.9,4.1,0.5,1.53,1,0,Dropout
1,11,9238,1,0,0,29,2,11.58,1,12.38,124.8,6.3,0.5,-1.67,1,0,Dropout
1,17,9773,1,0,0,22,6,14.5,4,15.86,126.9,11,1.5,1.28,0,2,Graduate
1,14,33,1,1,0,20,6,13.81,4,13.49,146.9,4.3,3.1,0.47,0,2,Graduate
1,17,9147,1,0,0,22,4,13.78,6,15.73,137.7,7,0.9,1.94,0,2,Graduate
1,4,9119,1,1,0,21,4,14.67,4,15.66,151.7,8.1,2.7,-0.73,0,1,Enrolled
1,4,9130,1,0,0,20,5,12.34,5,13.13,144.8,8.2,1.2,0.6,0,2,Graduate
2,12,9085,1,0,0,23,5,13.21,4,16.2,107.5,5.2,1.1,0.21,0,1,Enrolled
1,14,9119,0,0,1,22,1,12.48,1,10.43,154.9,4,2.6,-0.88,1,0,Dropout
1,15,9119,1,0,1,18,3,11.36,1,10.84,179.9,7,1.5,-1.1,1,0,Dropout
1,5,9556,0,0,1,19,0,0,1,11.42,172.2,3.7,1.1,0.29,1,0,Dropout
1,5,9003,1,0,0,22,6,13.29,4,16.91,114.4,6,2.9,-0.37,0,2,Graduate
1,3,9003,1,1,0,21,4,15.05,6,15.73,188.6,9.2,0.9,0.54,0,1,Enrolled
1,5,9556,1,0,1,22,1,10.72,0,0,158.9,7.6,2.6,-1.01,1,0,Dropout
1,5,9130,1,0,0,20,6,16.96,5,14.59,140.1,9.3,2.4,-0.31,0,2,Graduate
2,6,8014,1,0,0,20,6,16.75,5,10.46,102.1,6.4,1.2,-1.6,0,1,Enrolled
1,8,9147,1,0,0,21,6,11.31,4,13.42,154.4,11,1.5,-0.71,0,1,Enrolled
1,12,33,1,0,0,21,4,15.28,5,16.25,127.4,9.7,2.9,1.95,0,2,Graduate
1,13,9670,1,0,0,19,5,13.35,4,14.9,164.7,8.1,1.1,0.33,0,1,Enrolled
1,12,9130,1,0,1,23,1,12.15,1,11.93,125.5,8.1,2.7,-1.18,1,0,Dropout
1,18,9238,0,0,1,25,3,12.84,0,0,162.8,10.7,1.1,-0.07,1,0,Dropout
1,15,9147,1,0,0,22,6,16.85,6,12.69,186,9,2.4,-0.25,0,2,Graduate
1,14,9130,0,0,1,20,0,0,2,10.32,166,4.1,2.1,-1.17,1,0,Dropout
1,8,9085,1,1,1,29,3,12.14,2,11.88,114.7,10.9,1.4,-0.19,1,0,Dropout
1,10,9991,1,0,1,22,1,12.94,1,11.41,122.7,8.2,1.1,-0.04,1,0,Dropout
1,13,9254,1,0,0,23,6,10.3,4,10.32,173.5,7.2,2.9,0.35,0,2,Graduate
1,11,9773,0,0,0,22,0,0,1,12.63,126.3,5.5,1,-0.81,1,0,Dropout
1,14,9130,1,0,0,19,5,12.76,6,11.78,154.6,8.1,2,-0.85,0,1,Enrolled
1,9,9130,1,0,0,19,5,15.85,5,10.81,157.2,5.6,1.3,2.29,0,2,Graduate
1,1,9238,1,1,0,23,6,15.92,5,11.13,127.9,8.6,1.2,-0.16,0,2,Graduate
1,4,9556,1,1,0,19,6,12.99,6,11.27,183.9,9.4,3.1,0.79,0,2,Graduate
1,7,8014,1,1,0,20,5,11.45,5,11.85,105.2,4.3,2.1,0.63,0,2,Graduate
1,14,9130,1,0,0,23,6,13.45,4,13.24,109,7.8,2,0.53,0,1,Enrolled
1,18,9147,1,1,0,22,5,13.97,5,15.22,130.6,11,1.1,-1.03,0,2,Graduate
1,16,9147,1,1,0,22,4,10.55,5,14.02,151.1,5.8,2.4,-0.75,0,2,Graduate
1,18,9853,1,0,0,23,4,16.82,4,15.31,125.6,7.9,2.2,0.59,0,1,Enrolled
1,12,9853,1,0,0,19,4,15.72,4,15.97,106.7,5.5,2.4,1.06,0,2,Graduate
2,12,9254,1,0,0,19,6,13.54,4,16.53,176,9.2,1.7,1.13,0,2,Graduate
1,13,33,1,0,0,18,4,15.35,4,16.06,102.6,5.4,3,0.69,0,2,Graduate
1,2,9853,1,0,1,21,4,14.88,6,11.44,159.7,11.1,3.1,2.04,0,2,Graduate
1,7,9991,1,1,0,21,4,13.95,5,15.43,151.6,4,3.4,1.98,0,2,Graduate
1,6,8014,1,0,0,18,5,16.31,4,11.72,102.5,10.3,3.3,-0.7,0,2,Graduate
1,3,9853,1,0,0,20,0,0,0,0,138.2,11.4,0.8,-1.48,1,0,Dropout
1,15,9147,0,0,1,26,2,10.03,2,11.37,117.6,10,0.9,-0.11,1,0,Dropout
1,13,9556,1,0,0,21,4,16.18,6,13.96,137,10.8,2.4,-0.54,0,2,Graduate
1,3,33,1,0,0,18,6,15.52,6,16.1,141.4,7.4,0.6,0.24,0,2,Graduate
1,5,33,1,0,0,18,5,14.52,6,13.35,131.2,5.3,3.2,1.38,0,2,Graduate
1,13,9254,1,1,0,18,5,14.24,4,10.21,129.4,6.4,1.4,-0.92,0,1,Enrolled
1,10,9670,0,0,1,21,2,12.37,0,0,117.6,9.1,0.4,0.03,1,0,Dropout
1,17,9853,1,1,0,19,6,12.24,5,12.73,184.5,3.8,3,-0.33,0,2,Graduate
2,9,9500,1,0,0,18,5,13.78,5,10.09,130.5,4.5,2.2,2.16,0,2,Graduate
2,15,8014,1,0,0,23,5,14.9,4,11.03,139.2,6.5,1.9,1.99,0,2,Graduate
1,16,9147,1,0,1,20,6,12.13,6,14.35,120.7,5.6,0.7,0.09,0,1,Enrolled
1,15,33,0,0,1,23,3,12.45,2,10.33,106.2,10.4,2.4,1.14,1,0,Dropout
1,5,9238,1,0,0,24,2,10.48,2,11.19,171.3,5.9,2.8,1.88,1,0,Dropout
1,11,9003,1,1,0,21,6,12.85,6,10.34,185.5,4.6,1.2,0.98,0,2,Graduate
1,6,8014,1,0,1,22,2,12.08,1,12.03,119,6.9,1.2,1.51,1,0,Dropout
1,1,171,1,0,0,19,4,14.17,4,16.97,170.2,4.4,2.2,1.25,0,2,Graduate
1,2,9070,1,0,0,20,4,14.2,4,12.37,110.2,8.6,3.3,-1.19,0,2,Graduate
1,12,9853,0,1,1,29,3,12.49,2,12.77,164.5,11.2,1.6,-1.36,1,0,Dropout
1,11,9238,1,1,1,28,2,10.77,2,10.72,136.6,5.3,0.7,0.47,1,0,Dropout
1,13,9853,1,0,0,26,3,10.11,2,11.92,172.6,9.5,2,0.37,1,0,Dropout
1,8,9254,1,0,1,25,2,11.95,1,12.77,124.7,11.2,2.1,0.44,1,0,Dropout
2,15,9853,1,0,0,23,6,16.4,5,11.27,139.4,6.2,1.9,-1.27,0,2,Graduate
1,4,9003,1,0,0,21,6,14.46,5,10.61,178,9.1,3,2.15,0,2,Graduate
1,14,9085,1,0,0,18,5,15.62,4,14.54,149.9,8.8,3.1,0.51,0,2,Graduate
1,5,9085,0,0,1,21,2,12.93,0,0,111.2,6.1,2.7,1.06,1,0,Dropout
2,5,9003,1,0,1,21,5,11.56,4,11.81,162.1,11.3,1.8,1.64,0,1,Enrolled
1,5,9119,1,0,0,23,4,15.31,6,16.95,104.4,5.3,2.7,-0.37,0,1,Enrolled
1,15,9556,1,1,1,21,0,0,0,0,157.3,9.5,2.5,1.02,1,0,Dropout
1,3,9254,1,1,0,23,4,13.59,6,13.14,177.1,7.6,1.4,-0.65,0,2,Graduate
1,15,9119,1,1,0,23,4,10.37,6,13.91,125.1,4.2,1.3,-1.33,0,2,Graduate
1,8,9119,1,0,0,20,5,10.62,6,14.69,116.6,8.5,0.6,1.67,0,2,Graduate
1,2,9773,1,0,0,22,6,12.95,4,11.18,174.8,7.9,1.1,1.73,0,2,Graduate
1,15,9991,1,1,0,19,4,10.07,4,11.56,187.3,3.6,3.1,-0.2,0,2,Graduate
1,9,9238,0,0,1,19,2,12.24,0,0,172.1,8.9,2.8,-0.12,1,0,Dropout
1,5,9147,1,1,1,20,2,12.33,2,11.47,147.1,10.8,1.7,-1.16,1,0,Dropout
1,2,9853,1,0,1,28,3,10.21,1,11.1,119.8,11,1.8,-0.4,1,0,Dropout
1,11,171,1,1,0,26,1,11.23,0,0,109.7,4.5,3,-0.97,1,0,Dropout
1,16,9147,1,0,0,21,5,14.34,5,11.67,120,4.3,2.2,-1.63,0,2,Graduate
1,17,9130,1,0,0,25,1,10.54,0,0,114.1,3.9,0.8,0.73,1,0,Dropout
1,8,9003,1,0,0,18,5,16.47,6,10.95,147.8,5.4,2.3,1.53,0,2,Graduate
1,7,9070,1,0,0,19,6,16.06,6,14.67,140.9,4.6,1.8,2.09,0,1,Enrolled
2,7,9085,1,0,0,19,6,14.21,5,11.49,118.2,9.4,2.1,0.05,0,1,Enrolled
1,13,9773,1,0,0,21,4,15.42,4,13.1,168.5,4.4,1.3,0.91,0,2,Graduate
1,4,9119,1,1,0,18,6,13.62,4,16.12,162.3,7,1.4,0.23,0,1,Enrolled
1,13,9070,1,1,0,18,1,12.75,0,0,180.9,4,3.2,0.64,1,0,Dropout
1,18,9670,1,0,0,19,6,10.57,5,11.46,156,3.8,0.7,1.02,0,2,Graduate
1,4,9500,1,1,0,22,5,11.57,6,14.85,187.7,8.2,2.5,1.28,0,2,Graduate
1,7,9119,1,0,0,19,5,14.26,4,12.05,168.7,10.3,3.3,0.45,0,1,Enrolled
1,17,9556,1,0,1,29,1,12.81,1,12.8,133,7.6,1.3,1.09,1,0,Dropout
1,17,9119,1,0,0,22,4,13.48,6,11.57,176.3,8.2,3.3,2.05,0,2,Graduate
1,6,9853,1,0,1,25,1,11.7,0,0,189.6,5.1,2,-1.46,1,0,Dropout
1,18,9773,1,1,0,21,6,14.27,5,10.6,173.2,4.2,3.2,0.12,0,1,Enrolled
1,3,33,1,0,0,19,4,10.97,6,16.31,180.4,10.2,1.3,1.98,0,2,Graduate
1,6,9085,1,0,1,21,2,11,0,0,167.3,9.6,2.7,-1.34,1,0,Dropout
1,9,171,1,0,0,19,6,11.19,5,16.03,122.2,11.2,0.9,-0.42,0,2,Graduate
1,7,9119,1,0,0,23,4,14.02,6,10.93,109.1,5.7,2.3,1.01,0,1,Enrolled
2,3,9500,0,1,1,23,0,0,2,11.69,187.6,9.6,2.7,1.08,1,0,Dropout
1,6,9238,1,1,0,20,6,15,5,15.31,150.5,4.4,2.3,-0.5,0,1,Enrolled
2,10,9254,1,0,1,21,3,12.87,0,0,151.3,9.8,3.3,1.87,1,0,Dropout
2,8,9070,1,0,0,20,6,12.75,6,15.52,160.5,8.8,1.2,-1.63,0,2,Graduate
1,4,9773,1,0,0,19,5,10.61,6,13.41,160.2,7,1.4,-1.58,0,1,Enrolled
1,10,9670,1,0,0,22,5,11.29,6,15.73,138.2,6.6,2.5,0.19,0,2,Graduate
1,9,9500,1,1,0,22,6,15.53,6,14.81,131.8,9.2,2,1.38,0,1,Enrolled
1,6,9119,1,0,1,18,5,13.53,6,14.74,170.9,3.7,0.9,-0.1,0,1,Enrolled
2,4,9254,1,0,1,20,2,12.8,1,11.66,137.5,6.9,0.8,-0.28,1,0,Dropout
2,12,9003,1,0,0,26,3,11.77,1,12.14,176,9.1,2.5,1.9,1,0,Dropout
1,10,9991,1,0,0,21,5,15.75,5,15.18,150.8,5.2,2.9,0.67,0,1,Enrolled
1,18,9147,1,1,0,23,4,15.03,6,14.92,100.2,11.6,1.1,2.04,0,2,Graduate
1,14,171,1,1,0,22,4,12.65,4,15.05,111.1,11.5,2.8,0.99,0,2,Graduate
1,5,9500,1,0,0,23,5,14.49,5,13.94,163.6,9.9,0.8,-0.88,0,1,Enrolled
1,10,9991,1,0,0,21,4,16.34,5,12.64,135.8,9.5,2.4,0.47,0,1,Enrolled
1,5,9254,1,1,0,18,6,10.08,4,16.33,149.1,9.7,0.5,0.71,0,2,Graduate
1,15,171,0,0,1,18,1,10.55,1,12.18,148.3,9.7,2.3,1.98,1,0,Dropout
1,18,9003,1,0,0,19,6,11.06,6,15.02,104.8,6.8,1.4,-0.25,0,1,Enrolled
1,17,9085,1,0,0,18,4,13.32,5,12.13,104.5,11,2.3,-0.32,0,2,Graduate
1,10,9500,1,1,0,19,5,15.87,6,15.71,141.2,5.4,1.6,1.8,0,2,Graduate
1,14,9991,0,0,1,26,0,0,0,0,178.8,4.6,1.8,-1.25,1,0,Dropout
1,16,9085,1,0,0,19,2,11.07,1,11.95,183.4,4,1.1,2.18,1,0,Dropout
2,8,9853,1,0,0,18,3,11.13,0,0,120.8,9.5,3.2,-0.76,1,0,Dropout
1,13,9500,0,0,1,23,1,12.04,1,11.96,117.7,5.6,1.3,1.05,1,0,Dropout
1,14,9670,1,0,0,21,4,15.35,4,11.12,155.3,5.9,1.2,-0.85,0,2,Graduate
2,13,171,1,0,0,21,5,16.79,6,13.15,106.2,10.5,0.7,1.21,0,2,Graduate
1,12,9147,1,1,0,21,4,12.25,6,16.72,156.7,7.7,2.4,2.19,0,2,Graduate
2,15,9238,1,0,0,22,4,16.48,4,15.38,159.9,10.3,1.9,-1.37,0,2,Graduate
1,13,9991,0,0,1,23,1,12.94,0,0,132,6.6,1.9,-1.4,1,0,Dropout
1,13,8014,1,0,0,18,6,13.39,4,14.63,151.9,8.1,2.1,-0.61,0,2,Graduate
1,16,9085,1,0,0,24,3,10.4,0,0,171.9,10.3,2.6,1.01,1,0,Dropout
1,11,9556,1,0,0,20,6,14.83,6,14.7,179.2,11.5,1.5,0.6,0,2,Graduate
1,1,9556,1,0,0,19,6,12.63,4,13.06,175.5,7.3,3.2,0,0,2,Graduate
1,5,171,1,0,0,18,6,13.71,6,11.96,158.3,4.9,2.7,1.6,0,2,Graduate
1,10,9556,1,0,0,20,4,14.7,6,10.8,183.9,3.8,0.4,1.87,0,1,Enrolled
1,17,9070,0,1,1,22,2,11.16,1,11.39,148.6,7.4,1.2,-0.48,1,0,Dropout
2,2,9070,1,0,0,18,6,12.26,6,10.05,161.6,3.9,0.5,-0.12,0,1,Enrolled
1,18,33,1,0,0,23,4,15.57,4,12.93,137.6,5.4,1.1,-1.18,0,1,Enrolled
1,2,9130,1,1,0,21,6,15.54,6,15.15,151.7,11,2.3,-0.52,0,2,Graduate
1,6,171,1,0,0,22,6,16.29,6,12.34,158.5,8.2,1.8,0.74,0,1,Enrolled
1,14,9254,1,0,0,22,6,15.02,6,16.84,143.6,8.8,1.1,0.22,0,2,Graduate
1,14,9070,1,0,0,19,6,12.93,4,12.61,180.5,11.6,3.1,1.85,0,1,Enrolled
1,1,8014,1,0,0,19,6,15.4,4,13.25,166.1,6.8,1.6,-1.45,0,2,Graduate
1,4,9119,1,1,1,23,5,10.26,4,13.08,114.9,4.9,3.3,-1.14,0,2,Graduate
1,17,9147,0,0,1,19,3,11.11,2,11.15,117.5,9.6,0.9,-0.98,1,0,Dropout
1,9,9254,1,1,0,23,5,14.09,4,13.46,175.4,5.2,1.8,-0.47,0,2,Graduate
2,8,9773,1,1,0,21,4,10.85,5,16.31,146.3,6.3,1.6,1.46,0,2,Graduate
1,7,9070,0,0,1,19,0,0,1,10.19,169.2,4.5,1.3,1.6,1,0,Dropout
1,5,9670,1,0,0,23,5,14.43,5,11.57,143.8,4.3,1.6,2.19,0,1,Enrolled
1,6,8014,1,0,0,21,0,0,1,12.72,136.2,7.6,1,1.75,1,0,Dropout
1,7,171,1,1,0,18,4,10.8,5,12.98,165.9,9.1,0.7,0.23,0,2,Graduate
1,6,9070,1,0,0,18,6,14.18,6,13.94,139.2,3.7,2.4,0.4,0,2,Graduate
1,5,9238,0,0,0,27,3,10.56,2,12.34,174.5,11.2,1.2,0.84,1,0,Dropout
2,6,9130,1,0,0,18,4,12.77,5,12.46,131.8,11.1,1.5,1.65,0,2,Graduate
2,16,9670,1,1,0,23,6,11.83,5,16.59,170.3,6.9,2.7,1.71,0,2,Graduate
1,10,9003,1,1,0,23,5,14.15,6,15.97,112.5,7.9,0.7,0.72,0,2,Graduate
1,5,9130,1,0,0,22,5,11.13,5,12.53,111.2,7,1.8,1.62,0,2,Graduate
2,11,9130,1,0,0,22,6,13.32,5,14.35,164.3,9.4,2.4,0.16,0,2,Graduate
1,9,9119,1,0,0,21,5,12.84,5,13.43,130.1,7.6,0.7,1.26,0,2,Graduate
1,3,9119,1,1,0,21,4,12.85,5,15.32,183.1,6.3,2.8,0.35,0,1,Enrolled
1,4,9119,1,0,0,19,5,11.94,5,13.19,128.3,9.5,1.1,-1.1,0,2,Graduate
1,14,8014,1,0,0,19,5,16.89,4,11.61,102.8,6.9,1.1,1.19,0,2,Graduate
1,17,9991,1,0,0,18,4,13.57,6,11.57,109.3,7.6,3.2,-0.79,0,2,Graduate
1,10,9500,1,0,1,22,6,16.46,4,13.7,120.5,4.5,1,0.97,0,2,Graduate
1,3,9070,0,0,1,24,1,10.2,2,10.73,116.7,6.3,1,-1.09,1,0,Dropout
2,9,9991,1,1,0,24,3,12.16,2,10.84,100.1,11.5,1.9,-0.82,1,0,Dropout
1,17,9991,1,0,0,20,6,10.41,4,15.89,147.8,4.5,0.7,-1.09,0,2,Graduate
1,13,9991,1,0,0,21,3,11.69,0,0,140.7,8.6,0.4,0.4,1,0,Dropout
1,7,171,1,0,0,19,5,10.82,5,16.36,118,6.5,1,-0.13,0,2,Graduate
1,10,9500,1,0,0,22,4,13.35,6,13.52,152.2,10.6,1.5,-0.9,0,2,Graduate
1,6,9238,1,0,0,20,5,15.73,4,10.39,150.9,5.6,3,2.06,0,1,Enrolled
1,4,9070,1,0,0,20,3,11.1,2,10.16,128.4,9.5,2.6,-1.33,1,0,Dropout
1,13,9500,1,0,0,20,5,11.01,5,12.1,186.5,8.3,0.9,-0.94,0,2,Graduate
1,11,33,1,0,0,23,4,14.37,4,14.77,172.8,8.3,1,0.11,0,2,Graduate
1,7,9238,1,1,0,21,6,15.33,6,14.83,158.8,9.5,2.2,1.02,0,2,Graduate
1,2,9085,1,0,0,21,5,11.27,5,11.73,107.3,6.3,0.5,-0.32,0,2,Graduate
1,5,9085,1,0,0,20,4,11.29,4,13.82,121.1,10.9,2.1,0.2,0,2,Graduate
1,5,9119,1,0,0,21,4,13.62,4,10.66,168.3,4.8,0.6,-1.45,0,2,Graduate
1,5,9119,1,0,0,21,4,16.76,5,16.83,188.4,4.6,1.1,-0.62,0,1,Enrolled
1,1,9853,1,0,0,22,5,16.71,4,15.82,110.1,5.9,2.4,-0.78,0,2,Graduate
1,10,9500,0,0,0,29,2,12.23,1,10.92,144.5,5.9,2.8,-0.02,1,0,Dropout
1,11,9119,1,1,0,19,5,13.49,4,10.77,142.1,9.7,1.9,-0.61,0,2,Graduate
2,1,9853,1,0,0,22,6,13.56,4,11.11,176.7,5.6,1.1,-1.56,0,2,Graduate
1,3,9670,1,0,0,20,6,11.94,5,11.22,102.3,8.5,3.2,0.04,0,2,Graduate
1,18,9070,1,0,0,22,6,10.2,4,14.53,154.2,4.9,0.6,0.64,0,2,Graduate
1,2,33,1,1,0,18,6,13.31,5,10.61,174.2,5.8,2.3,-1.65,0,2,Graduate
2,17,9500,1,0,0,21,5,13.94,4,16.13,136.1,4,2.2,1.62,0,2,Graduate
1,8,9556,1,0,0,22,5,10.08,6,10.04,122.8,7.3,0.6,-0.17,0,2,Graduate
2,7,9238,1,0,0,18,0,0,2,12.45,159.7,5,0.6,-0.77,1,0,Dropout
1,17,9085,1,0,1,28,2,12.72,0,0,138.3,10.2,2,0.69,1,0,Dropout
1,14,9119,1,0,0,23,4,12.29,4,10.21,132.5,5.3,2.1,-0.82,0,1,Enrolled
1,18,9085,1,0,0,23,6,16.56,5,14.2,100.3,9.1,1.3,1.25,0,2,Graduate
1,14,9773,1,0,1,23,1,12.72,2,12.18,173.3,5,1.4,2.08,1,0,Dropout
1,17,9070,1,0,0,23,5,13.73,6,16.76,146.7,8.7,1.4,2.24,0,2,Graduate
1,11,33,1,0,0,25,0,0,1,11.95,164.7,4,2.2,1.51,1,0,Dropout
1,1,9119,1,1,0,21,6,16.87,6,14.9,151.8,10.5,2.2,0.01,0,2,Graduate
1,5,9147,1,0,1,22,4,15.59,4,14.89,151.2,7.2,1.4,2.26,0,2,Graduate
1,1,9070,1,0,0,19,5,11.16,6,13.25,159.5,8.4,1.2,0.42,0,2,Graduate
1,16,9085,1,1,0,20,6,15.88,6,13.56,115.1,7.7,0.6,0.48,0,2,Graduate
1,4,9238,1,0,0,21,4,12.37,4,14.7,141.4,7.1,3.3,-1.62,0,2,Graduate
1,5,8014,1,0,0,20,6,10.81,5,16.39,156.2,9,1.7,-0.09,0,2,Graduate
1,7,9147,0,0,0,24,0,0,2,12.64,168.1,4.9,2.6,0.6,1,0,Dropout
1,6,9254,1,0,0,23,5,11.03,6,11.88,101.4,9.5,2.8,2.13,0,2,Graduate
1,10,9670,1,1,0,22,4,10.55,5,15.37,172.4,6.4,2.3,1.64,0,1,Enrolled
1,12,33,1,1,0,20,4,10.89,5,16.37,128.7,8,0.8,0.62,0,2,Graduate
1,11,171,0,0,1,29,3,12.57,0,0,129.1,11.4,3,1.59,1,0,Dropout
1,2,9130,1,1,1,27,1,10.83,1,11.67,166.8,10.7,2.6,1.93,1,0,Dropout
1,15,33,1,0,0,18,4,14.99,6,15.92,159.6,3.7,1.4,1.53,0,1,Enrolled
1,18,9130,1,0,0,18,5,14.24,5,15.07,173.8,4.8,1.6,-1.51,0,2,Graduate
1,18,9853,0,0,1,20,2,12.72,0,0,137.6,3.9,2.9,1.05,1,0,Dropout
1,11,9500,1,0,0,21,6,15.81,4,10.43,147.9,4.9,1.1,2.26,0,2,Graduate
1,3,9773,1,0,0,18,1,10.55,2,11.83,175.9,11.1,2.3,0.12,1,0,Dropout
1,12,8014,1,0,1,19,6,15.06,5,13.1,169,10.9,1.1,1.18,0,2,Graduate
1,11,9556,1,0,0,18,4,12.62,5,16.08,139.8,6.7,3.4,0.67,0,2,Graduate
1,12,171,1,0,0,19,6,10.99,4,15.46,124,8.6,0.5,1.64,0,1,Enrolled
1,16,171,1,0,0,21,4,14.33,5,13.4,131.5,8,0.8,2.1,0,1,Enrolled
1,6,9254,1,0,0,18,4,10.36,4,10.26,121.2,10.8,1.6,-1.67,0,2,Graduate
1,15,8014,1,0,0,23,6,13.37,5,10.1,147.7,10.3,1.2,0.41,0,2,Graduate
1,3,9003,1,0,1,27,1,10.61,1,12.99,180,11.1,3,1.41,1,0,Dropout
1,12,9130,1,0,0,23,5,10.52,5,16.39,146.7,7.1,3.2,-0.24,0,2,Graduate
1,6,9238,1,0,0,19,4,10.04,5,13.61,172.2,3.7,1.9,1.35,0,2,Graduate
1,14,9147,1,1,1,22,5,16.57,4,11.31,144.6,9.4,3.3,-1.52,0,2,Graduate
1,10,8014,1,0,0,19,6,10.53,5,10.63,116.1,4.3,0.5,0.25,0,1,Enrolled
1,13,33,1,0,1,24,2,10.48,0,0,174.1,4.9,1.8,0.33,1,0,Dropout
1,17,9670,0,0,1,23,0,0,0,0,106.5,5.2,0.5,-0.41,1,0,Dropout
1,16,9147,1,0,1,27,1,12.6,2,12.32,179.1,9,3.2,0.93,1,0,Dropout
1,15,9085,1,0,0,19,4,11.99,5,13.62,165.2,10.2,2.7,0.83,0,1,Enrolled
1,1,9991,0,0,1,19,2,10.88,2,12.6,103.5,5.5,3.3,1.36,1,0,Dropout
2,11,9085,1,0,0,19,4,15.76,4,14.64,188.2,8.6,2.9,-0.69,0,2,Graduate
1,4,9147,1,0,0,23,6,13.97,4,16.75,132.4,7,3.3,-0.22,0,2,Graduate
1,6,9130,1,1,0,18,5,16.89,6,12.95,168,7.5,0.8,-1.46,0,1,Enrolled
2,4,9773,1,0,1,20,0,0,2,11.42,150.9,10.3,1.7,-0.69,1,0,Dropout
2,11,9773,1,1,0,23,6,11.06,4,15.27,165.1,4.9,0.6,2.01,0,1,Enrolled
1,16,171,1,1,0,23,4,16.83,5,16.07,104.1,3.7,2.9,0.73,0,2,Graduate
1,5,33,1,0,0,20,5,15.52,5,15.61,179.5,8.8,2.6,1.63,0,2,Graduate
1,4,33,1,0,0,19,5,14.49,4,11.81,169,4.2,1.2,0.92,0,2,Graduate
1,8,9670,1,0,0,19,5,13.69,5,16.19,117.5,5.9,0.5,-1.19,0,2,Graduate
1,18,9147,1,0,0,23,5,13.89,5,15.61,150.2,11.3,2.1,0.57,0,2,Graduate
1,16,9991,1,0,0,18,5,10.21,4,15.4,141,9,2.4,0.12,0,1,Enrolled
1,16,9853,1,0,0,21,4,15.75,6,14.48,115.5,7.4,2.3,0.03,0,2,Graduate
1,2,9070,1,0,0,22,5,12.33,4,15.46,126,4.5,1.2,1.48,0,2,Graduate
1,5,9147,1,0,0,22,0,0,1,11.57,120.1,10.3,2.1,-0.23,1,0,Dropout
1,14,9991,0,0,1,29,0,0,0,0,106.6,6.5,0.7,0.57,1,0,Dropout
1,13,9991,1,1,0,23,5,16.95,4,16.5,148.9,11.3,2,0.41,0,1,Enrolled
1,8,9556,1,0,0,20,6,10.46,5,13.16,182.2,8.7,2.2,1.62,0,2,Graduate
1,8,9853,1,0,1,18,2,12.32,0,0,176.3,6.4,1.5,2.13,1,0,Dropout
1,7,9853,0,0,1,25,2,11.66,0,0,152,5.5,1.1,1.45,1,0,Dropout
1,1,9119,1,0,0,22,4,16.58,5,16.07,147.8,10.4,3.1,1.92,0,2,Graduate
2,10,9991,1,0,0,22,3,12.74,0,0,104,10.1,2.2,-0.87,1,0,Dropout
1,16,9003,1,0,0,18,5,11.22,4,14.59,139.8,4.1,3.2,1.97,0,2,Graduate
1,17,9085,1,1,0,21,4,15.43,6,14.55,122.7,4.9,0.5,-1.02,0,1,Enrolled
1,2,9670,1,0,0,19,5,11.42,6,12.73,103.3,9,1.2,2.17,0,1,Enrolled
1,13,33,1,0,0,19,6,13.07,4,13.72,134.8,9.2,0.4,0.6,0,2,Graduate
1,11,33,1,0,0,20,4,11.97,6,12.96,157.3,4.2,2.1,-0.28,0,2,Graduate
1,12,8014,1,0,1,19,1,10.85,1,10.94,135.1,5.5,2.5,-1.14,1,0,Dropout
1,17,9070,0,0,1,24,2,12.58,2,12.09,125.7,8.8,2.2,-1.57,1,0,Dropout
1,8,9085,1,0,0,21,4,11.5,6,12.95,149.3,9.3,1.6,-1.11,0,2,Graduate
1,6,9070,1,0,1,22,4,12.58,4,16.83,160.9,11.6,3.3,-0.2,0,2,Graduate
2,8,9147,1,1,0,22,6,12.48,6,10.42,101,9.9,1.6,-0.13,0,2,Graduate
1,17,9773,1,0,0,20,5,16.61,5,16.36,169.6,10.7,0.7,0.79,0,2,Graduate
1,18,9238,1,0,1,28,0,0,1,12.98,113.5,4.3,0.9,2.06,1,0,Dropout
2,4,171,1,0,1,18,5,12.22,4,14.34,145,4.6,2.9,1.69,0,2,Graduate
1,8,9130,1,1,0,19,4,14.78,5,16.64,173.7,6.4,2.4,-0.73,0,2,Graduate
1,17,33,1,0,0,21,5,11.84,4,13.9,117.4,5.3,1.5,0.83,0,2,Graduate
1,13,9147,1,1,0,22,4,13.16,4,12.43,189.6,9,2.5,-1.43,0,2,Graduate
1,13,33,1,0,0,21,5,13.28,5,15.11,172.3,8,2.4,0.62,0,1,Enrolled
1,16,9773,1,0,0,20,5,12.98,5,13.53,125.3,6.6,0.6,1.81,0,2,Graduate
2,17,9003,1,0,1,20,0,0,2,10.9,111,10.5,1.9,1.9,1,0,Dropout
1,6,9238,1,0,0,20,4,11.81,6,12.5,171.3,10.2,2.3,-1.01,0,2,Graduate
1,14,9003,1,1,0,20,4,11.71,4,16.06,186.1,6.9,1.4,1.18,0,2,Graduate
1,10,9670,1,0,1,24,3,12.36,1,12.33,108.3,4.1,3,0.75,1,0,Dropout
1,2,8014,0,1,1,28,0,0,2,12.65,134,6.3,2.6,1.11,1,0,Dropout
1,4,9085,1,0,0,20,5,10.25,6,15.51,172.7,11.5,2.7,1.12,0,1,Enrolled
1,7,9085,1,0,0,19,3,11.04,1,10.56,183.6,8.8,0.9,-1.45,1,0,Dropout
1,2,9085,1,0,0,21,6,12.82,4,12.93,148.2,6.4,2,-0.99,0,2,Graduate
1,9,171,0,0,0,23,0,0,1,10.45,189.7,4.9,0.9,-0.08,1,0,Dropout
1,1,171,1,0,0,23,6,10.35,6,14.24,119.3,6.5,1.7,-1.04,0,2,Graduate
1,2,171,1,0,1,22,6,16.13,5,14.97,177.2,7,1.3,-1.56,0,2,Graduate
1,14,9147,1,0,0,21,4,15.18,5,12.34,186.8,6.3,2.8,-1.62,0,2,Graduate
1,13,9670,1,0,0,22,5,12.33,6,14.5,111.4,6.2,1.2,-1.23,0,2,Graduate
1,5,9085,1,0,1,24,3,10.08,2,10.62,189.2,10.9,3.3,-0.44,1,0,Dropout
1,5,9556,1,0,0,19,4,14.56,5,15.16,133.5,5.8,3,-1.29,0,2,Graduate
1,18,9853,1,0,0,25,0,0,1,11.18,126.3,6.9,2.6,0.74,1,0,Dropout
2,13,9003,1,0,1,20,3,11.43,2,10.15,179,9,2,-0.16,1,0,Dropout
1,10,9130,1,0,0,21,4,11.51,4,10.16,186.9,9,1,-0.44,0,1,Enrolled
2,15,9130,1,0,0,21,6,11.8,5,10.85,165.8,7.7,1.7,-0.3,0,1,Enrolled
1,6,9003,1,0,0,22,6,12.69,4,11.65,153.6,10.8,2.1,1.35,0,2,Graduate
1,5,33,1,0,0,29,0,0,1,11.83,139.6,4,1.4,0.13,1,0,Dropout
1,13,9003,1,0,1,23,2,10.17,1,10.73,168,10.3,0.5,-0.4,1,0,Dropout
1,12,9130,1,0,0,20,6,15.02,4,13.68,116.4,9.2,0.9,0.97,0,2,Graduate
1,1,9003,1,0,0,21,6,13.91,6,11.06,155.9,7.6,1.6,0.7,0,2,Graduate
1,17,9773,1,1,0,20,5,11.48,4,16.17,173.2,11.3,0.7,-0.39,0,2,Graduate
1,14,9254,1,0,0,23,6,11.94,6,11.43,147.9,4.3,1,-0.61,0,2,Graduate
1,12,9238,1,0,0,20,6,12.57,6,14.89,129.3,7,0.9,2.25,0,2,Graduate
1,7,9991,1,1,0,20,5,14.98,4,13.92,157.7,4.5,1.8,-1.23,0,2,Graduate
1,17,9254,1,0,0,23,4,11.53,4,13.13,182.4,4.6,1.4,-1.25,0,1,Enrolled
1,17,9254,0,0,0,18,2,11.53,0,0,142.6,6.1,2.1,2.19,1,0,Dropout
1,4,9119,1,0,0,20,6,16.18,6,11.68,130,7.8,2.6,1.6,0,2,Graduate
1,1,171,1,0,1,23,3,10.26,2,11.9,155.4,9.3,2.6,1.88,1,0,Dropout
1,14,8014,1,0,1,28,0,0,0,0,148.7,4.5,0.6,2.24,1,0,Dropout
2,12,9254,1,0,0,22,5,15.71,5,13.03,163.5,4.4,2.8,0.27,0,2,Graduate
1,15,9003,1,0,1,21,0,0,0,0,148.4,4.2,1.8,0.06,1,0,Dropout
1,17,9254,0,1,1,25,2,10.02,2,10.65,175.4,5.1,1.1,-0.13,1,0,Dropout
1,6,9853,1,1,0,20,6,11.67,4,12.24,177.6,7.6,3.1,0.59,0,2,Graduate
2,3,9500,0,0,0,19,0,0,2,11.43,120.5,10.9,3.1,-0.5,1,0,Dropout
1,8,9991,1,0,0,21,4,15.99,4,13.4,122.2,5,2.9,-1.38,0,1,Enrolled
1,13,9670,1,0,0,19,6,13.72,4,16.93,106,10.7,1.7,0.18,0,2,Graduate
1,7,9238,1,1,1,22,1,10.21,2,11.96,158,9.6,0.7,-0.91,1,0,Dropout
1,11,9238,0,0,0,19,2,10.47,0,0,105.8,6.5,2.5,-0.52,1,0,Dropout
1,5,9556,1,0,0,20,5,13.69,6,16.72,156.6,11.2,2.1,1.42,0,2,Graduate
1,13,9773,1,0,0,23,5,12.84,4,12.95,187.6,7.4,1.6,1.97,0,2,Graduate
1,6,9070,1,0,0,23,6,10.5,4,14.54,119.9,8.2,2.8,-0.86,0,2,Graduate
1,14,9853,1,0,0,21,6,13.39,6,13.25,127.2,10.4,2.4,2.19,0,2,Graduate
1,3,9119,1,1,0,21,4,15.02,5,14.91,175.3,9.7,1.2,-1.17,0,2,Graduate
1,6,9670,1,1,0,22,4,15.94,6,12.19,120.7,4.9,0.9,2.1,0,1,Enrolled
1,13,9147,1,0,0,23,5,14.08,4,13.62,132.5,7.6,3.1,-0.19,0,2,Graduate
1,10,9556,0,1,1,25,2,10.1,1,12.02,124.3,6.4,1.8,0.63,1,0,Dropout
1,10,9070,1,0,0,20,6,12.06,4,14.67,122.1,7.3,1,1.34,0,2,Graduate
1,17,8014,1,0,0,18,4,16.05,4,15.35,129,5.7,3.4,2.28,0,1,Enrolled
2,9,9991,1,0,1,21,2,11.45,0,0,120.9,6.2,2.9,0.95,1,0,Dropout
1,11,9003,1,1,0,21,6,13.85,5,10.9,119.7,9.6,2,-0.62,0,1,Enrolled
1,12,9130,1,0,0,21,4,13.32,6,15.04,142,7.1,0.6,0.74,0,2,Graduate
1,2,9130,1,0,0,22,5,16.9,5,10.31,129.5,11.5,2.9,-0.72,0,2,Graduate
1,15,9254,0,0,1,24,1,11.9,1,12.57,155.7,10.8,1.2,-1.66,1,0,Dropout
1,18,8014,0,1,0,29,2,10.56,0,0,101.2,10.8,2.8,1.19,1,0,Dropout
1,8,171,0,0,0,23,2,10.58,0,0,116.2,9.5,3.4,-1.31,1,0,Dropout
1,4,9070,1,0,1,18,5,13.68,6,13.11,184.8,7.5,2.9,1.89,0,1,Enrolled
2,13,9853,1,0,0,22,5,11.26,5,16.22,173.1,6.8,1.5,-0.36,0,2,Graduate
2,15,9853,1,0,0,20,2,10.07,2,12.53,159.3,4.1,2.3,1.34,1,0,Dropout
1,1,9556,1,0,0,21,6,14.59,5,14.43,110.4,9.4,1,-0.42,0,1,Enrolled
1,11,9130,1,0,0,23,0,0,2,11.48,157.5,8.7,3.1,0.84,1,0,Dropout
1,4,9254,1,0,0,22,5,15.14,6,14.87,184.8,11.5,2.1,1.37,0,2,Graduate
1,3,9119,1,1,0,20,6,10.84,5,10.21,144.4,4.6,3.3,-0.62,0,2,Graduate
1,1,9853,1,0,0,20,4,12.7,4,14.88,188.1,4.7,1,-1.45,0,2,Graduate
1,15,9003,1,1,1,29,2,11.31,2,12.21,149.9,6.9,1.8,1.46,1,0,Dropout
1,15,9853,1,1,1,20,4,15.65,4,11.19,127.2,8.8,1.7,-0.56,0,2,Graduate
1,2,9991,1,0,1,21,0,0,1,11.38,183,9.5,2.4,2.1,1,0,Dropout
1,13,9991,1,0,0,21,6,16.77,5,11.5,150,10.1,2.2,-0.16,0,2,Graduate
1,9,9556,1,0,1,28,1,11.63,2,12.76,120.7,7.2,1.7,-0.49,1,0,Dropout
1,3,9670,1,1,1,29,3,12.23,2,12.5,115.2,8.1,1.9,2.2,1,0,Dropout
1,6,9003,1,1,0,18,5,10.92,4,16.93,170.3,7.2,0.5,0.85,0,2,Graduate
1,7,9238,1,0,1,20,2,10.76,1,10.54,149.6,6.8,3.2,0.89,1,0,Dropout
1,16,9130,0,0,1,21,3,10.91,1,12.25,179.8,9.2,0.8,0.83,1,0,Dropout
1,4,33,1,0,0,23,5,12.22,4,12.1,109.2,3.6,2.7,1.93,0,1,Enrolled
1,2,9085,1,0,0,18,4,13.53,5,15.82,183.2,5.5,0.5,-0.45,0,2,Graduate
1,10,9119,1,0,1,22,6,12.44,6,14.51,103.5,5.2,1.5,2.01,0,2,Graduate
1,16,9070,1,0,0,23,5,15.17,6,10.75,156.4,10.4,3,1.01,0,1,Enrolled
1,3,9500,1,0,0,22,6,15.31,6,11.96,109.4,10.5,2.8,1.64,0,1,Enrolled
2,16,8014,1,1,0,18,4,11.78,5,14.02,100.1,4.1,0.6,1.19,0,2,Graduate
1,10,9556,1,1,0,19,4,11.58,6,10.25,156.8,8.3,1.5,1.87,0,1,Enrolled
1,5,9991,1,0,0,21,4,16.89,4,14.37,152.8,7.9,2.2,-0.37,0,1,Enrolled
1,3,9500,1,1,0,23,6,11.36,4,13.6,147.6,3.8,1.1,-1.27,0,2,Graduate
1,14,9556,1,1,0,18,5,10.17,4,11.93,107,10.1,1,1.85,0,2,Graduate
1,11,33,1,0,0,18,5,11.81,4,11.49,131.7,8.8,2.1,0.59,0,2,Graduate
1,9,9147,1,0,0,18,4,10.35,5,16.49,120.9,9.5,2.9,1.72,0,2,Graduate
1,2,9085,1,0,0,20,4,12.2,4,10.84,175.5,11.3,2.4,-0.85,0,1,Enrolled
1,9,9670,1,0,0,21,5,14.01,5,15.28,153,6.1,1.7,0.65,0,1,Enrolled
1,2,9238,1,0,0,25,1,10.53,2,11.96,128.3,9.8,1.1,1.98,1,0,Dropout
1,8,9254,1,1,0,21,5,13.98,5,10,100.5,7.1,3.2,2.1,0,2,Graduate
1,17,9147,1,1,0,23,5,11.54,6,15.32,142.2,7.3,1,-1.21,0,2,Graduate
1,15,171,1,0,0,22,4,14.88,5,12.1,110.4,11.5,2.3,-0.88,0,2,Graduate
1,5,9670,1,1,0,19,5,13.36,5,11.89,154.8,7.4,3,0.04,0,2,Graduate
1,12,9085,0,0,1,24,1,10.55,1,11.28,156.9,8.9,2.8,-0.38,1,0,Dropout
1,8,8014,1,1,0,20,5,15.85,4,13.94,117.2,7.8,1,-0.94,0,2,Graduate
1,10,9853,1,0,1,18,1,11.37,1,10.32,185.9,7,1,0.97,1,0,Dropout
1,10,33,1,0,1,20,1,12.76,2,11.43,150.9,4,0.9,1.73,1,0,Dropout
1,1,9130,1,1,0,18,4,11.46,4,14.12,141.2,9.4,2,1.11,0,2,Graduate
1,11,9500,1,0,0,23,6,12.43,6,12.39,107.2,7,1,1.49,0,2,Graduate
1,17,9003,1,0,0,21,5,14.75,6,16.76,161.8,3.8,3,1.67,0,2,Graduate
1,2,9556,1,0,0,18,6,13.95,6,13.59,101.2,5.9,2.9,0.21,0,2,Graduate
1,10,171,1,1,0,19,6,13.63,5,15.54,139.1,6.6,0.7,-0.27,0,1,Enrolled
1,13,9119,1,0,0,20,5,15.36,6,10.93,130.6,11,2.8,0.16,0,2,Graduate
1,17,9147,1,0,0,18,5,16.22,6,16.89,144.7,10.5,2.6,0.99,0,2,Graduate
1,7,9238,1,1,0,23,5,12.44,6,11,144.1,10.3,2.3,-1.5,0,2,Graduate
1,12,9773,1,0,0,18,5,14.57,4,11.24,182.3,7,0.9,1.6,0,2,Graduate
1,14,9254,1,0,0,18,4,11.99,4,13.46,134.5,10,0.4,-0.3,0,1,Enrolled
1,15,8014,1,0,0,20,5,10.22,4,15.94,134.1,7.4,1,1.04,0,1,Enrolled
1,18,33,1,0,0,19,4,11.5,4,11.38,131.6,7.9,1.3,-1.18,0,2,Graduate
2,15,9853,1,0,1,23,1,12.36,1,10.89,144.1,6.2,3.2,0.3,1,0,Dropout
1,2,9773,1,1,0,21,4,15.96,5,13.21,155.3,7.9,1.7,1.81,0,2,Graduate
1,6,9147,1,0,0,21,4,16.09,5,10.44,158.4,9.5,2.6,1.6,0,2,Graduate
2,15,9556,1,0,1,21,2,12.63,0,0,125.1,9.3,1,-1.12,1,0,Dropout
1,16,9238,1,1,0,21,5,15.89,5,10.67,156.2,7.8,2.2,0.72,0,1,Enrolled
1,15,9070,1,0,0,23,4,12.2,4,11.13,137.2,7.2,0.7,0.14,0,2,Graduate
1,1,9991,1,0,1,27,2,12.92,0,0,120.9,4.9,3.2,1.73,1,0,Dropout
1,12,9147,1,0,0,19,4,14.66,5,14.25,107.1,5.4,2.6,1.83,0,2,Graduate
1,12,9853,1,0,0,20,6,15.13,5,14.47,175.1,5.2,0.8,-0.85,0,2,Graduate
1,8,9070,0,0,1,24,2,12.53,1,11.76,167.9,4.2,0.4,-0.2,1,0,Dropout
1,1,9556,1,0,0,19,6,12.75,5,12.75,156.7,8.2,0.4,-1.31,0,2,Graduate
1,15,8014,1,0,0,20,6,10.01,6,10.88,148.4,10.5,2.6,-1.63,0,1,Enrolled
1,5,33,0,0,0,26,0,0,1,12.03,100.1,5.2,2.2,1.91,1,0,Dropout
1,13,9147,1,0,0,23,4,14.36,6,16.86,126.3,5.4,2.7,0.98,0,2,Graduate
1,6,9238,1,0,0,23,5,13.52,4,11.7,174.6,9.3,2.9,-1.03,0,2,Graduate
1,18,9853,1,0,0,20,6,12.94,6,12.64,154.3,4.6,1.8,0.16,0,1,Enrolled
1,13,9085,1,0,1,18,1,12.74,1,10.8,182,7.1,0.6,1.25,1,0,Dropout
2,5,171,1,0,1,21,5,11.61,4,16,140.2,6.6,1.5,-0.93,0,2,Graduate
1,7,9773,1,1,0,18,4,16.37,5,10.21,160.6,11.4,0.7,-1.3,0,2,Graduate
2,6,9773,1,0,1,20,0,0,0,0,104.8,5.6,2.1,2.05,1,0,Dropout
1,17,9991,1,0,0,29,1,10.51,1,10.07,102.3,7.9,1.1,1,1,0,Dropout
1,10,9238,1,0,1,21,4,14.84,6,12.95,146.7,8.2,2.5,1.91,0,1,Enrolled
2,11,9130,1,0,0,19,6,12.46,4,15.38,181.6,11.4,0.5,-1.2,0,2,Graduate
1,5,9238,0,0,1,19,1,10.87,0,0,116.8,8.3,3.3,1.55,1,0,Dropout
1,11,9130,1,1,0,18,6,14,4,15.84,172.7,7.3,3.1,0.65,0,2,Graduate
1,4,9070,1,0,1,27,2,12.53,0,0,155.5,8.1,3.4,0.21,1,0,Dropout
1,15,9085,1,0,0,22,4,14.33,6,12.62,106.1,8.5,3.1,0.66,0,2,Graduate
1,9,9003,1,0,0,19,5,13.63,5,14.23,188.3,5.7,1.8,1.12,0,1,Enrolled
1,2,9254,1,0,0,20,5,15.74,5,14.05,127.4,6.3,3.3,-1.28,0,1,Enrolled
1,1,9254,1,0,0,18,4,16.03,4,11.65,145.5,8.8,0.7,0.5,0,2,Graduate
1,14,9130,1,1,1,21,3,10.46,0,0,114.5,4,0.8,0.66,1,0,Dropout
1,7,9773,0,0,1,19,2,10.93,2,10.14,110.8,8,0.9,-0.53,1,0,Dropout
1,4,9085,0,0,0,19,2,12.25,0,0,131.5,4.8,2,0.64,1,0,Dropout
1,15,171,1,0,0,20,6,11.08,5,16.56,125.9,10.1,1.7,1.88,0,2,Graduate
2,17,9773,0,0,1,23,1,11.72,2,10.53,150.9,4.2,3.2,-0.51,1,0,Dropout
1,3,9238,0,0,1,18,2,12.11,0,0,138.6,10.3,1,-0.57,1,0,Dropout
1,1,9147,0,0,1,22,1,10.63,2,12.16,129.9,6.9,1.5,-0.95,1,0,Dropout
2,5,9991,0,1,0,26,0,0,0,0,137.3,10.1,0.9,-0.44,1,0,Dropout
1,11,8014,1,1,0,20,4,16.65,6,13.3,138.5,5.7,3.3,-1.66,0,2,Graduate
1,16,9853,1,0,0,20,4,16.66,6,11.1,161.2,4.9,1.5,1.38,0,2,Graduate
1,9,9119,1,0,0,21,6,11.85,4,12.21,156.9,10,2.4,-0.34,0,2,Graduate
1,13,171,1,0,0,19,6,10.67,6,14.67,150.1,6.1,1.9,0.92,0,2,Graduate
1,18,9853,1,0,0,23,6,14.06,5,13.4,189.9,6.4,3.4,-0.11,0,2,Graduate
1,17,9119,1,1,0,19,6,13.38,5,14.4,103.3,6.5,3,2.03,0,2,Graduate
1,4,9119,1,0,0,21,4,13.97,4,12.16,172.7,8.4,1.8,1.15,0,2,Graduate
1,1,9238,1,0,1,26,0,0,0,0,143.8,6.1,1.6,-1.57,1,0,Dropout
1,8,9254,1,1,0,18,4,12.63,4,16.32,144.5,9.2,1,0.09,0,2,Graduate
1,2,9556,1,0,0,19,4,12.9,6,16.32,183.1,5.9,3.1,2.3,0,2,Graduate
1,5,9670,1,1,1,18,4,12.28,5,14.32,172.5,10.4,3.1,-0.43,0,1,Enrolled
1,14,9500,1,1,0,22,4,14.78,5,14.24,171.2,8,1.7,0.84,0,2,Graduate
2,6,9853,1,0,0,23,6,12.11,5,13.93,170.8,6.6,2.7,1.35,0,2,Graduate
1,17,9500,1,0,0,20,4,12.85,4,11.52,171.2,10.2,1.7,-0.75,0,1,Enrolled
1,2,9119,1,1,0,20,6,10.03,4,13.14,108.5,7,0.9,0.61,0,1,Enrolled
1,7,9254,1,0,1,28,1,12.5,2,12.8,128.3,6.8,1.3,0.81,1,0,Dropout
2,3,9070,1,0,0,22,0,0,0,0,142.6,4.6,1.4,-1.62,1,0,Dropout
1,5,9003,0,0,0,24,2,11.05,1,11.27,102.4,3.8,1.4,-1.27,1,0,Dropout
1,14,171,0,0,0,20,3,10.82,1,12.94,113.1,6.1,2.9,1.38,1,0,Dropout
1,17,9070,1,1,0,23,4,14.03,5,16.99,151.6,8.4,2.8,-0.44,0,2,Graduate
1,11,9070,1,0,0,21,5,16.36,6,16.14,123.8,9,3.1,1.99,0,2,Graduate
1,5,9238,1,0,0,20,5,16.42,6,16.34,100.5,4.1,1.8,1.85,0,1,Enrolled
1,8,9238,1,0,0,23,5,15.54,4,13.28,128.3,8.7,1.2,1.99,0,2,Graduate
1,4,33,1,0,0,21,5,10.98,4,16.57,130.6,10.9,2.7,-0.98,0,2,Graduate
1,12,9773,1,0,0,21,4,16.18,4,14.24,142.6,8.9,1.3,1.59,0,1,Enrolled
1,14,9254,1,0,0,20,4,11.74,4,16.74,149,4.6,2,1.86,0,2,Graduate
1,2,9500,0,0,0,20,1,11.03,2,11.25,144.3,5.8,2.2,0.39,1,0,Dropout
1,11,9238,1,0,1,28,1,10.09,0,0,170.6,3.7,1.8,-1.61,1,0,Dropout
1,10,9085,0,0,0,23,1,10.63,2,12.14,167.9,10.9,0.5,-1.56,1,0,Dropout
1,18,9500,1,0,0,23,4,11.3,4,10.97,151.7,9.4,2.7,0.29,0,2,Graduate
1,9,9773,1,0,0,26,1,11.65,1,10.47,108,9.2,2.8,-0.59,1,0,Dropout
1,16,9070,0,0,1,23,2,11.86,0,0,127.2,11.4,2.5,-0.5,1,0,Dropout
1,16,9085,1,0,0,18,5,13.37,6,11.59,109.6,9.3,1.7,1.46,0,1,Enrolled
2,17,9119,1,0,0,23,5,14.19,4,10.27,146.8,8.9,2.7,-0.88,0,1,Enrolled
1,9,9254,1,0,1,21,3,10.04,0,0,107,3.7,2.1,-1.7,1,0,Dropout
1,7,171,0,0,1,21,2,11.47,2,11.86,177.3,7,1.8,-1.67,1,0,Dropout
1,17,9147,1,0,0,21,5,11.15,5,13.05,141.3,5.3,1.6,0.01,0,2,Graduate
1,16,9773,1,0,0,21,5,15,6,12.96,130.9,9.4,0.5,2.16,0,2,Graduate
1,8,9238,0,0,0,26,3,11.79,2,10.8,143.3,6.7,3.2,0.65,1,0,Dropout
1,10,9147,1,1,0,18,5,15.55,4,11.85,161.9,6.7,2.4,0.78,0,2,Graduate
1,4,9853,1,0,0,22,6,14.49,5,15,117.4,6,1.5,-0.54,0,2,Graduate
2,15,9147,0,0,0,27,3,12.01,0,0,175.4,5.9,1.6,0.42,1,0,Dropout
1,12,9003,1,1,1,21,4,10.38,5,11.89,179.1,9.3,2.2,-0.23,0,2,Graduate
1,4,9238,1,0,0,23,6,14.53,4,15.23,102,5,2,1.95,0,2,Graduate
1,15,9556,1,0,0,21,4,12.83,5,14.55,115.4,5.2,2.5,1.07,0,2,Graduate
1,16,9119,1,0,0,19,6,11.9,4,11.62,156.5,3.7,2.9,0.02,0,2,Graduate
1,4,9773,1,0,0,23,4,11.55,5,13.47,139.4,11,0.9,-1.65,0,2,Graduate
1,7,9991,1,1,0,23,6,14.48,5,13.56,154.1,7.4,1.1,1.64,0,2,Graduate
1,15,9070,1,1,0,21,5,10.12,5,15.49,183.4,11.1,2.4,1.36,0,1,Enrolled
1,8,9119,1,0,0,20,4,12.9,4,12.61,161.3,7.7,2.6,0.65,0,2,Graduate
1,14,171,1,0,0,23,5,16.16,5,14.57,185.7,4.9,2.7,-1.52,0,2,Graduate
1,12,9670,1,0,0,18,6,10.77,5,11.15,108.2,11.3,0.7,2.28,0,2,Graduate
1,14,9670,1,0,0,19,4,13.29,5,11.1,127,6.7,1.1,0.88,0,2,Graduate
1,9,9130,1,0,0,19,4,11.09,6,14.14,109.5,9.6,2.8,-0.26,0,1,Enrolled
1,18,9773,1,0,0,23,5,13.69,4,15.31,175.6,8.3,2.6,1.76,0,2,Graduate
1,10,9130,1,0,0,23,5,13.47,4,11.86,170.5,7.9,1.7,0.85,0,1,Enrolled
1,17,9254,1,1,0,23,4,12.37,4,10.79,160.9,7.5,3.1,-1.67,0,2,Graduate
2,8,9500,1,0,0,23,5,10.89,5,14.23,131.9,4.6,2.6,0.73,0,2,Graduate
1,10,9003,1,0,1,19,6,14.51,5,10.4,178,9.4,2.5,1.54,0,2,Graduate
1,17,9070,1,0,0,18,5,16.1,4,15.98,119.9,5.1,1,-1.03,0,2,Graduate
1,18,9670,1,0,0,18,6,12.04,5,14.05,109.7,4.9,2.6,-0.82,0,2,Graduate
1,7,9238,1,0,0,18,6,12.95,6,16.18,113.4,10.1,2.2,-1.26,0,2,Graduate
1,10,9070,1,1,0,19,6,16.44,5,10.63,114.5,8,2,0.08,0,2,Graduate
1,3,9556,1,0,0,21,4,10.51,6,14.34,136.8,9.2,1.8,1.03,0,1,Enrolled
1,10,9773,1,0,0,22,5,10.01,6,13.51,143.2,5.6,1.3,1.28,0,2,Graduate
1,12,9130,1,0,0,19,3,12.53,1,12.08,179.3,8.3,1.2,-1.56,1,0,Dropout
1,12,9556,1,1,0,20,4,11.29,5,13.92,179.8,6.1,2.3,-0.62,0,1,Enrolled
1,17,171,1,1,0,22,5,14.22,4,12.52,167.3,4.6,1.1,0.55,0,2,Graduate
1,1,33,1,0,0,22,2,10.69,2,12.19,130.7,4.5,2,1.86,1,0,Dropout
1,10,9070,1,1,0,23,4,11.21,4,12.66,109.5,5.4,1.3,-0.39,0,2,Graduate
1,15,9500,1,0,0,22,4,15.63,6,16.65,174.8,6.2,1.8,-1.25,0,1,Enrolled
1,5,9500,1,0,0,22,5,12.41,5,11.98,131.9,6.9,2.3,-0.05,0,1,Enrolled
1,5,9500,1,0,0,18,5,11.9,4,12.57,101.9,11.5,0.8,1.29,0,1,Enrolled
1,12,33,1,0,0,18,4,11.05,6,16.43,188.7,5.4,3.2,1.98,0,2,Graduate
1,2,171,1,0,0,29,1,11.19,2,11.57,172.3,5.1,3.1,0.42,1,0,Dropout
1,15,33,1,0,0,23,5,14.57,6,15.36,119,10.5,1.8,0.09,0,2,Graduate
1,7,9773,1,0,0,22,5,16.62,5,14.89,154.9,9.1,2,-1.13,0,2,Graduate
1,7,9003,1,0,0,23,5,12.9,5,15.73,161.8,7.4,2.2,0.59,0,2,Graduate
1,16,9003,1,0,0,19,4,14.97,6,13.82,170.3,6.8,2.7,-1.44,0,1,Enrolled
1,17,171,1,0,0,18,5,15.7,6,11.15,170.8,4.5,0.7,-0.52,0,2,Graduate
1,1,8014,1,0,0,29,3,10.13,1,10.61,107.1,9.7,2.3,-0.82,1,0,Dropout
1,1,9556,1,0,0,18,6,13.26,6,11.93,156.4,10.6,1.6,0.34,0,2,Graduate
1,9,9085,1,1,1,22,2,10.19,2,10.93,185.3,7.4,2.4,0.38,1,0,Dropout
2,16,9119,1,0,0,21,4,15.62,5,13.12,170.8,4.4,1.2,1.17,0,1,Enrolled
1,11,8014,1,0,0,23,6,15.78,5,11.62,166.5,4.1,0.6,0.05,0,2,Graduate
1,8,9147,1,0,1,21,6,12.63,5,11.11,101.6,4.9,1.6,-0.65,0,2,Graduate
1,6,9556,1,0,0,19,5,15.52,4,14.52,118.5,6.1,1.6,0.61,0,1,Enrolled
1,1,8014,1,0,0,23,6,14.51,4,11.92,165,7.7,2.1,0.03,0,1,Enrolled
1,16,9147,0,0,0,25,1,12.31,0,0,106.1,11.1,2.8,2.16,1,0,Dropout
2,15,9238,1,0,0,19,4,10.23,4,14.18,117.8,3.6,2.8,-0.82,0,2,Graduate
1,6,33,1,0,0,18,6,13.37,4,16.58,172.5,8.5,2,-0.65,0,1,Enrolled
1,7,9556,1,0,0,23,6,11.21,4,15,151,8,1.7,1.39,0,2,Graduate
1,11,9085,1,0,0,23,5,16.01,6,11.97,103.4,6.4,3.2,0.45,0,2,Graduate
1,4,9670,1,1,0,19,4,14.3,4,12.34,169.9,4,2.8,1.67,0,2,Graduate
1,5,9556,1,0,0,21,6,16.25,4,13.92,184.1,4,2.9,-1.5,0,2,Graduate
1,8,8014,0,0,0,22,1,11,2,12.22,146.4,4.8,3.1,1.75,1,0,Dropout
1,10,9085,1,1,0,19,2,12.34,0,0,179.3,6.6,1.1,1.53,1,0,Dropout
1,2,9003,1,1,0,22,6,11.27,5,15.27,143.9,6,3.3,-0.92,0,1,Enrolled
1,17,9556,0,0,1,22,0,0,1,12.65,100,11.1,2.7,0.55,1,0,Dropout
1,13,9085,1,0,0,20,6,14.69,5,16.41,144.9,8.2,1.6,-1.11,0,2,Graduate
1,16,9991,1,0,0,22,4,11.75,4,13.01,142.2,9.6,1.6,-1.21,0,1,Enrolled
1,11,9773,1,1,0,25,1,12.84,0,0,188.4,9.7,1.2,0.21,1,0,Dropout
1,12,9670,1,0,0,23,4,15.44,5,13.82,114.8,5.1,0.7,-0.46,0,2,Graduate
1,15,9556,1,0,0,19,4,14.96,5,13.76,169.9,7.7,0.7,0.57,0,2,Graduate
1,14,33,1,0,0,23,4,11.15,5,16.34,138.9,7.3,1.6,1.97,0,2,Graduate
1,15,9003,1,1,0,19,5,15.2,4,10.85,114.2,4.2,1.1,-1.15,0,2,Graduate
1,17,171,1,0,1,20,6,15.29,4,12.26,164.4,5,3.3,-0.78,0,1,Enrolled
1,10,9773,0,0,0,29,2,12.11,1,12.77,103.3,3.7,1.6,2.13,1,0,Dropout
1,9,9238,1,0,1,29,1,12.07,2,11.57,141.2,4.2,3,-0.6,1,0,Dropout
2,11,9003,1,1,0,23,4,14.88,5,11.01,167.9,10.5,0.7,-1.33,0,1,Enrolled
1,3,9991,1,0,0,18,6,10.61,6,13.51,175.9,10.7,0.6,0.09,0,1,Enrolled
2,17,9556,1,1,0,19,4,10.46,5,16.41,131.8,11.5,3.3,-0.39,0,2,Graduate
1,1,9991,1,0,0,20,2,11.23,2,10.48,169.9,6.9,0.9,1.03,1,0,Dropout
1,17,9773,1,0,1,28,1,11.43,0,0,188.3,7,1.2,1.3,1,0,Dropout
1,2,33,1,0,0,18,5,16.12,5,14.43,144,10.7,3.2,-0.53,0,1,Enrolled
1,5,8014,1,0,0,18,5,13.27,5,13.57,137.2,9,2.2,0.29,0,2,Graduate
1,1,9238,1,0,0,19,4,12.87,6,16.63,149.5,10,1.2,1.43,0,2,Graduate
1,18,9254,0,0,0,29,2,10.99,2,12.39,135.3,9.3,1.6,1.18,1,0,Dropout
1,2,33,0,0,0,26,0,0,1,11.26,103.5,10.8,3.3,2.02,1,0,Dropout
1,9,9070,1,0,0,20,5,12.93,6,13.52,151,8.3,2,2.09,0,2,Graduate
1,15,9500,1,1,1,29,2,10.55,1,10.84,119.2,6.1,2.7,1.99,1,0,Dropout
1,4,9670,1,1,1,22,6,11.21,6,15.08,168.8,6.1,2.7,-1.11,0,2,Graduate
1,7,9003,1,1,0,20,4,16.21,6,11.47,180.8,10,1.9,0.64,0,2,Graduate
1,10,9853,0,0,0,28,3,11.17,2,11.85,189.4,6.3,2.5,-0.54,1,0,Dropout
1,6,9147,1,0,0,23,6,10.73,4,12.57,124.1,5.7,1.7,0.3,0,1,Enrolled
1,1,9254,1,0,0,22,0,0,1,11.26,132.1,6.4,1.5,1.52,1,0,Dropout
1,16,9254,1,0,1,19,3,11.84,0,0,170.3,9.3,1.8,-0.31,1,0,Dropout
1,9,9130,1,1,0,19,6,13.18,6,11.85,130.1,10.7,3.3,0.76,0,2,Graduate
1,12,9147,1,1,0,23,6,14.51,5,16.67,100.9,9.5,3.1,-1.2,0,2,Graduate
1,3,9003,1,1,0,18,4,16.18,6,13.69,177,10.5,2.2,-0.68,0,2,Graduate
1,10,171,1,0,0,21,5,14.38,6,12.77,171.1,11.3,1.7,2.22,0,1,Enrolled
1,15,9500,1,0,0,21,6,15.87,6,11.51,163,11.5,0.5,0.17,0,2,Graduate
2,2,33,1,0,0,22,6,11.44,5,15.97,168.1,11.1,0.5,-0.82,0,2,Graduate
1,7,9773,1,1,0,23,6,16.04,4,13.94,103.5,9.5,1.4,1.53,0,1,Enrolled
1,15,9147,1,0,0,18,6,12.13,5,11.77,156,6.8,2.6,1.44,0,2,Graduate
1,2,9556,1,0,0,19,4,12.94,4,10.1,103.4,7.9,2.1,-1.49,0,2,Graduate
1,15,33,1,0,0,22,6,15.06,6,11.45,162,5.3,1.2,2.14,0,2,Graduate
1,5,9130,1,0,0,21,5,10.33,6,12.97,185.6,4.7,2,-1.21,0,2,Graduate
1,8,9130,1,0,0,20,5,16.5,6,11.71,107.5,5.3,2.5,-0.72,0,2,Graduate
1,5,9556,1,0,0,20,6,15.95,4,16.11,134.3,8.9,3,-1.1,0,2,Graduate
2,7,9991,1,0,0,20,5,13.77,6,14.49,182,5.8,3.4,0.6,0,1,Enrolled
1,18,9119,1,0,0,18,4,14.67,5,11.66,167.6,5.7,1,1.77,0,2,Graduate
1,9,9119,1,0,0,20,4,10.55,5,12.46,177,10.9,2.6,1.77,0,2,Graduate
1,17,9670,1,0,1,23,5,14.9,6,16.04,181.1,11.2,3.2,-0.56,0,2,Graduate
1,9,9853,1,0,0,21,6,10.14,4,12.36,108.4,9.6,1.7,1.7,0,2,Graduate
1,12,9670,1,0,1,18,1,10.28,0,0,177.3,10.8,1.6,-0.51,1,0,Dropout
1,7,171,1,0,0,18,4,16.51,4,13.03,177.2,10.2,3,0.88,0,1,Enrolled
1,14,9070,1,1,0,19,5,12.19,4,11.69,189.7,6.6,2,-0.8,0,2,Graduate
1,4,9070,1,1,0,24,2,11.01,2,12.44,184.3,9.7,1,0.85,1,0,Dropout
2,2,9556,1,0,1,23,2,10.3,2,10.63,104.8,8.3,0.7,0.97,1,0,Dropout
1,17,9556,1,0,0,20,5,14.99,5,15.24,142.1,8.8,3.4,1.91,0,1,Enrolled
1,3,9500,1,0,0,21,6,10.51,6,14.08,128.3,7.9,1.1,2.22,0,2,Graduate
1,14,9130,1,1,0,21,5,16.42,5,11.55,109.7,7.8,0.8,0.29,0,1,Enrolled
1,1,171,1,0,0,19,4,16.24,5,11.91,106,11,0.6,-0.29,0,1,Enrolled
2,7,9147,0,0,0,25,3,10.01,2,11.22,113.8,10.2,2.2,-0.35,1,0,Dropout
1,15,9991,1,1,0,22,6,11.19,4,12.88,156.4,7.7,2.7,-1.57,0,2,Graduate
1,16,9085,1,0,1,20,4,15.99,4,13.3,139.9,8,1.2,0.32,0,2,Graduate
1,17,9130,1,0,0,23,6,14.39,5,10.49,154.2,9.4,2.6,0.47,0,1,Enrolled
1,6,9556,0,0,1,21,1,12.29,0,0,185.4,7.5,2.8,1.42,1,0,Dropout
2,17,9500,1,0,1,23,4,11.23,5,14,106.9,4,2.4,0.67,0,2,Graduate
1,11,9119,1,0,0,18,6,10.2,4,13.64,182.2,8.2,2.8,2.07,0,2,Graduate
1,4,9119,1,0,1,28,2,11,0,0,113.2,11,1.7,-0.51,1,0,Dropout
1,10,9254,1,0,0,21,4,10.41,6,14.44,144.2,6.8,2.4,0.91,0,1,Enrolled
1,1,9130,1,0,0,23,6,16.38,4,14.26,123.3,6.8,2.4,-0.21,0,2,Graduate
1,2,9147,1,0,1,18,5,12.14,4,10.04,181.8,6.8,3.4,1.93,0,2,Graduate
1,16,9556,1,0,0,22,5,16.12,4,10.71,128.9,11.3,2.8,0.16,0,1,Enrolled
2,5,9147,0,0,1,24,1,10.68,2,11.49,132.3,4.7,3.2,-0.02,1,0,Dropout
1,13,9238,1,1,0,19,2,12.17,0,0,105.1,4.2,1,0.66,1,0,Dropout
1,16,9003,1,1,0,19,4,14.97,6,11.61,141.9,5.7,1.7,0.53,0,2,Graduate
1,17,9853,1,0,0,21,6,13.26,4,12.93,132.9,10.7,3.4,0.05,0,2,Graduate
1,6,9773,1,0,0,19,6,12.72,5,16.63,156.7,10.1,1.6,-0.46,0,1,Enrolled
1,16,8014,0,0,1,18,3,11.07,2,10.2,117.2,11.4,1.9,1.24,1,0,Dropout
2,8,9130,1,0,0,20,5,12.44,6,13.9,164.3,11,1.3,2.07,0,1,Enrolled
1,11,9991,1,0,0,29,0,0,1,11.49,186.6,6.9,2.6,-1.05,1,0,Dropout
1,14,9147,1,0,1,19,3,10.71,2,10.77,160.3,6.5,1.2,-1.09,1,0,Dropout
1,11,9670,1,0,0,21,2,12.37,1,11.67,128.5,10.1,2.5,0.56,1,0,Dropout
1,18,9085,1,1,0,23,4,14.73,4,16.9,184.4,11.5,1.6,1.39,0,2,Graduate
1,16,9773,0,0,0,22,1,10.66,1,12.63,131.8,8.4,3.2,-0.67,1,0,Dropout
1,9,9991,1,0,1,24,2,11.85,0,0,134.7,6.7,2.7,0.57,1,0,Dropout
1,1,171,1,0,0,18,6,12.84,4,14.77,119.8,7.6,1.2,-0.03,0,2,Graduate
1,13,9556,1,0,0,18,4,11.78,4,10.57,102,11.5,2.5,-0.55,0,2,Graduate
1,9,9085,1,0,0,18,5,10.79,6,10.86,119.1,5.8,1.6,1.02,0,2,Graduate
2,16,9773,1,0,0,23,5,12.55,6,11.21,141.2,8.2,1.5,-0.11,0,1,Enrolled
1,7,9670,1,0,0,21,5,12.88,5,11.05,116.8,5.8,0.7,0.37,0,2,Graduate
2,13,9991,1,0,0,19,6,14.63,4,15.82,113.3,5.1,1.2,-0.36,0,2,Graduate
1,3,9147,1,0,0,21,5,10.69,4,10.06,122.6,4.7,2.6,-0.75,0,2,Graduate
1,2,8014,0,0,0,21,3,12.45,0,0,103.4,10.2,3.2,1.9,1,0,Dropout
1,12,9500,1,0,0,20,6,14.9,6,12.58,177.4,7,3.2,-0.75,0,2,Graduate
1,3,171,0,0,1,28,0,0,1,11.14,131.6,6.9,2.2,-0.29,1,0,Dropout
1,7,9556,1,0,1,20,3,10.38,1,11.31,109.2,6.8,3.2,0.39,1,0,Dropout
1,18,171,1,0,0,22,4,15.12,5,16.32,105.5,8,0.7,-0.69,0,2,Graduate
1,13,9991,1,0,0,22,5,13.88,4,12.32,127.9,7.3,1.2,1.81,0,2,Graduate
1,15,9085,1,0,0,18,4,14.87,5,10.24,127.4,11.6,3.3,1.92,0,2,Graduate
1,2,9147,1,0,0,21,5,15.79,6,14.02,122,6,1.6,-0.72,0,2,Graduate
1,4,9853,1,0,0,23,5,12.67,6,12.06,162.2,6.1,2.2,1.84,0,2,Graduate
1,17,9119,1,0,1,20,3,11.94,1,12.58,115.8,11.5,3.3,0.83,1,0,Dropout
1,12,9130,1,1,0,18,4,12.64,5,11.84,173.5,4.1,0.4,0.27,0,1,Enrolled
2,11,9003,1,0,0,18,3,11.7,2,12.97,185.7,4.1,3,0.22,1,0,Dropout
1,5,9147,1,1,0,23,4,16.93,5,13.99,176.8,3.9,0.9,1.47,0,2,Graduate
1,17,9500,1,0,0,19,6,14.19,6,15.04,172.1,3.8,2.1,2.27,0,1,Enrolled
1,18,9070,1,0,0,23,6,15.91,4,16.17,156.8,10.8,1,0.42,0,2,Graduate
1,14,9254,1,0,0,22,4,12.33,4,16.8,182,3.7,3,1.19,0,2,Graduate
1,3,33,1,0,0,20,6,11.06,6,11.43,166.2,3.8,1.1,-0.17,0,2,Graduate
1,17,9500,1,0,0,19,5,15.32,6,14.68,140.6,11,1.6,1.57,0,2,Graduate
1,9,9991,1,0,0,20,4,16.73,6,14.29,101.8,5.4,0.9,-0.54,0,2,Graduate
1,15,9773,1,0,0,22,6,11.3,5,10.24,123,5.6,1.5,-1.67,0,2,Graduate
1,2,9853,1,0,0,23,6,14.59,5,12.22,137,5.9,0.6,-1.53,0,2,Graduate
1,2,8014,1,0,0,20,6,12.08,4,14.87,135.6,9.4,2,1.05,0,1,Enrolled
2,13,9003,1,0,0,20,5,12.93,5,14.45,107,5,1.2,1.34,0,2,Graduate
1,14,9130,1,1,0,23,6,16.52,4,13.54,168.3,7.9,2,2.29,0,2,Graduate
1,17,8014,1,1,0,23,6,11.08,4,11.74,182.9,7.3,2.1,-1.51,0,2,Graduate
1,10,9085,1,1,0,18,6,14.66,5,14.86,183.7,3.8,3,-0.94,0,2,Graduate
1,14,9085,1,0,0,20,6,14.06,6,15.33,119.7,4.5,2.7,0.74,0,2,Graduate
1,16,8014,1,0,0,22,4,11.23,5,16.21,165.9,6.3,3.4,-1.12,0,2,Graduate
1,18,9147,1,0,0,20,4,15.52,5,16.75,140.5,10.4,2,1.48,0,1,Enrolled
1,16,171,1,0,0,22,5,11.51,4,12.99,154,7.5,3.1,1.39,0,2,Graduate
1,12,9853,0,0,1,24,0,0,2,10.43,166.3,7.8,0.8,-0.3,1,0,Dropout
1,8,9991,1,0,1,29,3,11.56,1,10.38,130,8,1.2,2.1,1,0,Dropout
1,4,9991,1,0,0,23,2,10.7,0,0,148.5,6.8,1.2,1.59,1,0,Dropout
1,8,9500,1,0,0,22,6,12.2,6,12.81,112.7,4.7,1.6,-0.27,0,2,Graduate
1,12,8014,1,0,0,22,4,14.6,6,11.43,134.4,5.5,1.7,1.3,0,1,Enrolled
1,16,9119,1,0,0,21,6,16.24,5,15.55,175.1,6.3,1.5,2.11,0,2,Graduate
1,17,9991,1,0,0,18,4,12.57,5,11.59,108.7,7.4,2.9,1.91,0,2,Graduate
2,17,9853,1,0,1,22,1,12.91,1,11.31,138.1,6.4,0.5,0,1,0,Dropout
1,17,9119,1,0,1,22,0,0,0,0,134.7,4.5,1.6,0.12,1,0,Dropout
1,12,9070,1,1,0,18,5,11.58,6,12.61,153.8,11.1,0.7,0.47,0,2,Graduate
1,9,9238,1,0,0,22,6,12.97,5,14.58,144.8,10,2.4,-1.31,0,2,Graduate
1,12,9254,1,0,0,19,4,12.81,6,17,173.7,10.4,0.8,-1.35,0,1,Enrolled
1,11,9119,1,1,0,23,4,10.09,6,14.27,181.4,9.1,1.2,-0.41,0,2,Graduate
1,11,33,1,0,0,20,4,16.87,6,13.92,137.3,6.2,0.6,-0.81,0,2,Graduate
1,5,9853,1,1,0,18,4,15.81,6,10.26,152.5,7.3,2.6,0.32,0,2,Graduate
1,13,171,1,0,0,20,5,15.43,5,10.52,107.8,9.1,2.3,-0.78,0,2,Graduate
1,9,9556,0,0,0,24,1,12.89,0,0,136.3,8.2,2.1,2.08,1,0,Dropout
1,18,9147,1,0,0,21,6,13.55,4,15.13,123.9,7.4,0.6,1.8,0,2,Graduate
1,9,33,1,1,0,19,4,16.27,6,13.46,130,10.5,0.6,1.68,0,2,Graduate
1,10,9003,0,0,1,25,0,0,2,10.39,180.5,10.9,3.3,-0.67,1,0,Dropout
1,16,9254,0,0,1,27,3,11.28,1,11.54,134.1,5.1,0.7,-1.2,1,0,Dropout
1,11,9085,1,1,0,21,6,16.88,4,15.81,179.8,6.2,0.6,1.97,0,2,Graduate
1,9,9085,1,0,1,28,1,12.68,2,11.71,127.4,8.2,3.3,-0.49,1,0,Dropout
1,2,9085,1,0,0,20,5,12.92,6,14.94,141,5.3,1.3,-1.31,0,1,Enrolled
1,1,9119,1,0,1,23,6,11.97,4,11,182.5,7.7,2.4,1.76,0,2,Graduate
1,2,9500,1,0,0,23,6,15.27,4,12.82,176.8,7.6,0.6,-1.19,0,2,Graduate
1,5,9147,0,0,1,19,1,12.5,0,0,121.2,4.2,2,-1.01,1,0,Dropout
1,14,9500,1,0,1,20,1,12.15,2,11.52,108.3,9.3,0.9,-1.3,1,0,Dropout
1,2,9147,1,0,0,21,4,11.46,4,15.06,151.1,7.9,3.1,1.82,0,2,Graduate
1,12,33,1,0,0,22,3,11.43,1,10.46,180.8,11,1.5,1.2,1,0,Dropout
1,12,9773,0,0,0,26,1,12.78,0,0,182.6,10.7,1.6,1.02,1,0,Dropout
1,10,9147,0,1,0,19,0,0,1,11.21,101.1,10.6,2,-0.08,1,0,Dropout
1,9,9238,1,0,0,20,5,11.82,4,10.63,117.2,5.3,2.2,0.37,0,2,Graduate
1,5,9238,1,1,0,18,4,12.7,6,16.61,163.8,8.9,1.8,0.02,0,2,Graduate
1,6,9853,0,0,1,20,2,12.11,0,0,181.5,11,1.2,2.02,1,0,Dropout
1,11,9238,0,0,0,19,0,0,1,10.44,126,7.3,1.3,-1.2,1,0,Dropout
1,14,9500,1,0,0,20,5,13.17,4,11.93,128.4,5.7,2.1,1.07,0,2,Graduate
1,13,9130,1,0,0,19,4,16.78,5,12.74,187.8,8.2,2.9,0.9,0,1,Enrolled
1,3,9130,1,1,0,19,4,16.66,4,15.45,127,7.2,2.9,-1.36,0,1,Enrolled
1,6,9670,1,0,0,20,6,15.91,4,15.34,187.4,5.6,2.5,0.53,0,1,Enrolled
1,12,9085,0,1,1,18,3,12.22,1,11.03,123,4,1.4,0.15,1,0,Dropout
1,6,9254,1,0,0,19,4,11.89,6,14.92,163,5.3,1.8,-1.06,0,1,Enrolled
1,3,33,1,1,0,23,5,11.68,5,10.39,181.3,11.1,1,0.78,0,2,Graduate
1,12,9773,1,1,0,21,6,10.49,6,14.94,109.3,6,1.7,0.32,0,1,Enrolled
1,11,9119,1,1,0,23,5,10.24,6,16.72,162,4.5,3.1,1.12,0,1,Enrolled
1,11,9670,1,0,0,23,4,10.16,5,13.78,102.8,10.8,1,0.71,0,1,Enrolled
1,3,9670,1,0,0,19,4,10.07,6,15.13,183.5,3.6,2.1,0.32,0,2,Graduate
1,10,9254,1,0,0,20,2,11.34,0,0,167.4,5.2,1.6,1.37,1,0,Dropout
1,4,8014,1,0,0,22,5,10.55,4,13.82,126.9,7,1.2,1.46,0,2,Graduate
1,3,171,1,1,0,23,4,16.29,6,15.38,124.8,9.8,0.9,-1.29,0,2,Graduate
2,17,9500,1,0,0,18,6,15.82,4,15.08,135.3,7.9,3.2,-1.09,0,1,Enrolled
1,6,9991,1,0,0,21,4,15,6,14.98,127.3,8.9,0.6,-1.19,0,2,Graduate
1,14,9500,1,0,1,18,1,11.48,0,0,165.6,6.3,1.9,1.55,1,0,Dropout
1,4,9556,1,0,0,21,4,16.87,6,14.36,149.7,7.4,2.3,-0.48,0,2,Graduate
1,16,9670,1,0,0,20,6,11.97,6,14.54,107.7,4.5,2.3,-0.22,0,2,Graduate
2,9,9500,1,0,0,23,4,11.52,5,16.76,185.7,8.6,3,1.13,0,1,Enrolled
2,10,9853,1,0,0,22,4,10.69,6,16.77,173.1,8.3,3.2,2.23,0,1,Enrolled
1,7,9556,1,0,0,20,6,15.41,4,11.79,158.5,9.5,2,-0.53,0,2,Graduate
1,9,9085,1,0,1,24,1,12.42,2,12.34,113.1,6.8,0.7,0.93,1,0,Dropout
1,5,171,1,0,0,18,6,16.93,4,11.52,112,11.5,1.4,1.87,0,2,Graduate
2,17,9556,1,0,0,20,4,16.68,6,14.02,143.2,10.7,3,1.18,0,1,Enrolled
1,10,9773,1,0,1,23,4,11.73,6,16.76,145.1,10.4,1.1,0.2,0,2,Graduate
1,18,9238,1,1,0,20,5,15.3,5,16.54,144.1,11,0.5,-0.39,0,2,Graduate
1,2,9003,1,0,0,18,4,12.25,4,10.81,123,4.9,1.4,0.83,0,1,Enrolled
2,3,9254,1,1,0,22,4,11.15,6,12.77,169.8,9.3,0.7,1.97,0,2,Graduate
1,16,9500,0,0,1,22,2,12.11,2,11.77,118.8,10.3,2.3,-0.9,1,0,Dropout
1,2,171,1,0,0,22,5,14.66,5,12.7,163.5,6.4,1.2,1.48,0,2,Graduate
1,8,9070,1,0,0,21,5,15.48,6,14.4,159.1,3.7,0.9,-1.23,0,1,Enrolled
1,8,9070,1,0,0,23,5,15.4,4,12.83,130.9,5.1,1.7,1.37,0,1,Enrolled
1,16,9130,1,0,0,22,6,14.18,6,15.49,183.4,11.5,3.2,1.1,0,1,Enrolled
1,3,9556,1,0,0,20,5,10.87,5,14.16,172.6,5.4,3.3,0.89,0,2,Graduate
1,4,9238,1,0,0,22,5,15.03,6,15.87,102.1,6.7,2.8,-1.2,0,2,Graduate
1,1,9500,1,0,0,21,4,11.22,6,14.55,117,4.6,1.2,-1.51,0,2,Graduate
1,11,8014,1,0,0,19,5,13.74,5,14.56,183.3,3.7,0.6,-1.25,0,2,Graduate
1,1,9670,1,0,1,23,3,10.96,2,11.24,117.9,3.7,2.7,-1.26,1,0,Dropout
1,4,171,1,0,1,23,3,11.32,0,0,154.7,5.5,1.9,1.48,1,0,Dropout
1,3,9773,0,0,1,21,1,11.35,0,0,180.8,7.7,0.7,-1.52,1,0,Dropout
1,1,9119,1,0,0,22,5,12.7,5,14.07,145.4,3.6,3.2,0.5,0,2,Graduate
1,2,9238,1,1,0,19,4,16.72,6,14.94,146.1,9.9,3.2,-1.15,0,1,Enrolled
2,9,9003,0,0,1,20,1,10.36,0,0,186.2,5.5,1.1,-1.27,1,0,Dropout
1,2,9254,1,1,0,23,4,13.21,5,14.14,148.8,4.5,2.3,0.15,0,2,Graduate
1,3,33,1,0,0,21,3,11.09,2,11.84,116.2,8.8,1.6,1.61,1,0,Dropout
1,4,9500,1,0,0,19,5,11.72,4,12.61,152.2,4.5,3.2,-1.65,0,2,Graduate
1,14,33,1,1,0,23,6,12.36,6,16.61,163.1,5.6,1.3,-1.64,0,1,Enrolled
1,7,33,1,0,0,22,6,10.32,6,15.83,137,10.7,1.4,1.28,0,2,Graduate
1,1,9254,1,0,0,23,5,13.35,5,16.36,183.7,11,2.9,0.04,0,2,Graduate
2,9,9119,1,0,0,21,5,14.11,5,12.14,144.4,5.9,2.2,-1.3,0,2,Graduate
1,11,9119,1,0,0,20,4,12.45,5,15.64,100.2,8.8,2,1.07,0,2,Graduate
1,6,171,1,0,0,23,3,12.55,2,10.02,132.3,10.4,2.5,-1.26,1,0,Dropout
1,8,9070,1,0,0,18,4,16.23,5,12.33,125,9.4,1.5,0.48,0,2,Graduate
1,5,9119,1,0,0,22,5,13.02,5,10.46,188.1,8.9,2.3,-0.48,0,2,Graduate
1,5,8014,1,0,0,22,5,10.3,5,11.43,151.3,8.4,0.9,-0.03,0,2,Graduate
1,7,171,1,0,0,23,5,15.29,4,13.7,163.9,3.8,2.9,0.07,0,2,Graduate
1,9,9119,1,1,0,20,5,15.32,6,10.24,166.3,10.6,1.5,-0.67,0,2,Graduate
1,13,9119,1,0,0,23,4,14.22,4,11.5,120,9.8,2.9,0.72,0,2,Graduate
1,4,9130,0,0,0,24,2,12.66,1,10.71,140.4,7.7,1.4,0.49,1,0,Dropout
1,4,9853,1,1,0,18,4,11.1,6,12.6,102.1,8.9,1.3,0.08,0,2,Graduate
1,7,9070,1,0,0,21,5,11.77,5,13.07,175.2,7.3,1.4,-0.72,0,2,Graduate
1,16,9238,1,0,0,20,5,11.83,5,10.06,178.8,10.3,1.5,-1.2,0,2,Graduate
1,9,171,1,0,0,22,5,11.99,4,15.06,157.6,10,0.6,-1.59,0,2,Graduate
2,18,9085,1,0,0,23,1,12.56,1,11.51,171,6.6,2.9,0.03,1,0,Dropout
2,5,9070,0,0,0,20,0,0,1,12.94,127,10.5,1.6,-1.5,1,0,Dropout
1,4,9254,1,0,0,20,6,12.3,4,15.34,157,11.3,0.7,-1.28,0,2,Graduate
1,5,171,1,1,0,23,5,16.99,5,11.11,109.9,4.9,1.5,-0.16,0,2,Graduate
1,4,9119,1,0,0,24,3,11.8,0,0,110,10.5,1.9,1.12,1,0,Dropout
1,15,9853,1,0,1,21,2,12.6,0,0,152.5,10.9,2.1,-0.45,1,0,Dropout
1,18,9991,1,0,1,28,2,12.58,2,12.91,138.3,4.9,3.3,-1.41,1,0,Dropout
2,4,9003,1,0,0,19,4,16.85,5,10.09,156.6,4.9,1.5,-0.56,0,2,Graduate
1,8,9773,1,0,0,20,6,15.35,5,14.49,152.7,4.3,1.2,0.3,0,2,Graduate
1,16,9238,1,0,0,23,4,14.32,4,12.08,129.4,7.2,0.7,0.07,0,2,Graduate
1,1,9119,1,0,0,18,4,16.25,5,10.84,153.2,9.5,2,0.61,0,2,Graduate
2,15,9991,0,0,1,20,2,12.17,2,11.93,154.3,9.5,1.6,1.13,1,0,Dropout
1,15,171,1,0,1,25,2,10.08,2,12.32,150.5,9.9,1.4,0.91,1,0,Dropout
1,7,33,1,0,0,21,4,13.07,6,13.48,103.5,8.8,1.8,-0.13,0,1,Enrolled
1,8,9991,1,0,0,18,5,16.51,6,15.68,156.2,7.6,1.3,1.66,0,1,Enrolled
1,4,9556,1,0,0,18,6,11.15,6,10.78,154.8,8.6,3.3,0.87,0,2,Graduate
1,11,9991,0,0,0,24,3,10.62,0,0,123.6,5.1,2.2,0.94,1,0,Dropout
1,3,9853,1,0,0,21,5,11.91,4,15.83,149.9,10.1,0.9,0.93,0,2,Graduate
1,18,9670,1,0,0,19,6,11.35,5,12.68,120.2,8.6,3.1,-1.63,0,2,Graduate
1,18,9147,1,0,0,18,4,16.93,6,15.74,188.4,4.6,2.3,1.01,0,2,Graduate
1,3,9773,1,0,0,23,4,14.93,6,12.49,181.3,6.2,3.3,1.47,0,1,Enrolled
1,7,8014,1,1,0,19,5,16.57,5,14.02,130.8,6.8,2.7,-0.34,0,1,Enrolled
1,4,9500,0,0,0,24,1,11.35,2,10.32,138.4,10,1.4,0.5,1,0,Dropout
1,17,9670,0,0,1,21,3,10.93,0,0,107.8,3.9,3,-0.83,1,0,Dropout
1,1,9003,1,1,0,21,5,15.4,4,14.63,177.4,11.2,2.2,-0.2,0,1,Enrolled
1,13,9119,1,0,0,23,1,10.46,0,0,163.4,4.3,1.2,-0.8,1,0,Dropout
1,11,9147,1,0,0,21,4,14.58,5,16.88,168.8,8.4,0.7,2.22,0,2,Graduate
1,3,171,0,0,1,24,1,11.74,1,11.17,155.7,8.5,1,1.92,1,0,Dropout
1,12,9670,1,1,1,23,0,0,0,0,180.5,10.9,2.8,1.54,1,0,Dropout
1,15,9147,1,0,0,23,4,10.56,4,11.95,171.1,8.6,2.3,1.32,0,1,Enrolled
1,15,9773,1,0,0,26,0,0,1,12.94,137.6,4.3,1.4,0.05,1,0,Dropout
1,14,9147,1,0,0,23,3,10.39,2,12.05,180.1,4.6,2.8,1.95,1,0,Dropout
2,12,9853,0,1,1,23,3,11.71,1,12.05,123.9,7.3,2,-1.4,1,0,Dropout
1,1,9070,1,0,0,18,5,15.58,5,16.15,137.2,7.6,1.9,-1.3,0,2,Graduate
1,10,9853,1,0,0,20,3,12.73,0,0,183.6,8.1,2.7,-0.55,1,0,Dropout
1,11,9085,1,0,1,27,0,0,1,12.03,106.3,7.4,2.5,-1.25,1,0,Dropout
2,5,33,1,0,1,28,3,11.33,2,11.87,155,8.8,2.8,-1.63,1,0,Dropout
1,8,33,1,1,0,23,3,10.57,0,0,127.8,10.8,1.4,0.02,1,0,Dropout
1,14,9991,1,0,0,22,5,16.7,6,15.04,181.7,11.3,1.7,0.78,0,2,Graduate
1,6,171,1,0,0,20,5,11.1,4,11.77,125.6,5.9,1.3,1.36,0,2,Graduate
1,16,9238,1,1,0,18,6,16.84,6,12,143.6,9.7,3.3,0.03,0,2,Graduate
1,12,9556,0,0,1,29,0,0,1,12.33,163.7,7.3,1.5,-0.04,1,0,Dropout
2,5,9991,0,0,1,19,0,0,1,10.35,136.2,3.7,1.4,2.23,1,0,Dropout
1,18,9773,1,0,0,21,4,15.15,4,10.07,128.5,9.4,1,2.15,0,1,Enrolled
1,4,9130,1,0,0,28,3,10.15,1,12.61,174.4,7.7,0.9,-0.27,1,0,Dropout
1,12,9556,1,1,0,20,6,14.59,4,11.39,111.3,10.6,1.9,-1.52,0,1,Enrolled
1,5,8014,1,0,0,18,4,14.19,5,11.64,161.7,10.1,1.5,-0.99,0,2,Graduate
1,17,33,1,0,0,23,6,15.11,4,10.25,104.1,10.9,3.3,2.15,0,2,Graduate
1,5,9238,1,0,0,21,6,15.3,6,14.45,146.7,5.3,3.3,-1.53,0,2,Graduate
1,6,9070,0,0,1,20,2,11.49,2,10.56,146.6,7,2.9,0.75,1,0,Dropout
1,10,9238,1,0,1,24,3,10.95,2,10.4,188.7,7.1,0.8,-0.57,1,0,Dropout
1,10,9670,1,1,0,22,4,14.4,5,12.67,178.9,4.7,3.3,-0.51,0,2,Graduate
1,13,9085,1,0,0,25,1,10.27,2,12.91,178.2,7.1,0.6,-1.49,1,0,Dropout
1,9,9085,1,1,0,29,0,0,1,12.12,147.5,10.7,3.2,1.56,1,0,Dropout
1,2,9254,1,1,0,21,6,11.49,4,13.37,120.8,9.1,2.8,1.38,0,2,Graduate
1,4,33,1,0,0,22,4,11.43,6,14.1,136,8,2.1,0.9,0,2,Graduate
1,13,9670,1,0,1,23,5,13.92,5,14.43,183.4,3.7,2.9,2.11,0,1,Enrolled
1,7,9130,1,0,0,23,6,15.4,4,14.16,137,9.7,2,-1.19,0,2,Graduate
1,18,9147,1,0,0,23,4,10.94,4,15.23,172,7.2,1,1.41,0,1,Enrolled
1,13,8014,1,1,0,22,4,14.17,6,10.95,151.4,9.5,1,0.54,0,2,Graduate
1,2,9238,0,0,1,27,3,11.59,2,10.35,168.7,9,3,-1.63,1,0,Dropout
1,1,9085,1,1,0,18,4,14.1,5,13.1,174.1,4.1,3,2.16,0,2,Graduate
1,12,9254,1,0,0,22,4,11.82,6,10.75,188.3,7.7,2.6,0.54,0,1,Enrolled
1,2,9085,1,0,0,22,4,14.85,4,17,104.9,5.6,0.8,0.01,0,2,Graduate
1,16,9119,1,0,0,20,5,10.19,6,14.81,144.6,4.5,0.5,-0.88,0,2,Graduate
1,8,8014,1,0,0,20,4,13.83,5,12.25,115.6,11,1,1.48,0,1,Enrolled
1,3,9238,1,0,0,20,4,11.65,5,11.49,177.8,3.8,1.1,0.73,0,2,Graduate
2,18,171,0,0,0,20,1,12.9,1,12.68,122.7,11.5,2.4,0.88,1,0,Dropout
1,14,33,1,0,0,21,3,12.68,2,11.07,155.8,10.9,0.4,-0.21,1,0,Dropout
1,15,9853,1,0,0,18,6,12.49,4,12.34,150.4,10.5,3.2,1.68,0,1,Enrolled
1,5,9773,1,0,0,22,6,14.83,6,11.21,173.5,7.9,3.1,-1.17,0,2,Graduate
1,1,9085,1,0,1,20,3,12.51,1,12.71,178.4,7.1,0.5,2.02,1,0,Dropout
1,11,171,1,0,1,24,1,10.26,0,0,146.4,8.7,2.1,-0.56,1,0,Dropout
2,8,9773,1,1,0,19,6,13.81,5,14.16,121.2,8.6,1.1,0.89,0,1,Enrolled
1,12,9003,1,0,0,22,5,12.7,4,11.27,110.4,3.8,2.3,1.1,0,2,Graduate
1,14,9119,1,1,0,21,6,13.45,4,16.61,134.2,5.6,2.3,-0.95,0,2,Graduate
1,18,9500,1,0,1,22,4,15.4,5,16.97,131.6,7.4,3,0.66,0,2,Graduate
1,14,9070,1,0,0,21,5,10.7,6,11.68,146.8,8.2,2.4,-0.77,0,2,Graduate
1,15,9003,1,1,0,26,3,11.74,2,10.29,104.6,4.3,3.1,2.07,1,0,Dropout
1,3,9003,1,1,0,18,5,10.72,4,16.65,132.5,10.6,3.2,0.72,0,2,Graduate
1,7,9147,1,0,0,18,6,16.72,5,14.06,150.2,6.2,1.2,1.18,0,1,Enrolled
2,5,9991,1,0,1,22,6,11.8,4,15.6,162.2,7.9,2.1,-0.89,0,1,Enrolled
1,5,9085,1,1,0,19,5,12.66,5,10.96,132.7,7.8,1.6,-1.56,0,2,Graduate
1,9,9085,1,0,0,18,4,12.23,4,11.44,184.1,11.2,2.3,-1,0,2,Graduate
1,6,9238,1,0,1,23,0,0,1,10.12,183.3,10.7,1.1,1.12,1,0,Dropout
1,11,9130,1,0,0,23,5,14.55,5,12.65,160.3,8,1.6,-0.68,0,2,Graduate
1,14,9254,1,0,0,21,6,12.9,4,11.46,152.4,10,0.9,1.65,0,2,Graduate
1,3,9119,1,0,0,19,5,11.44,5,14.93,144,3.9,0.5,1.17,0,2,Graduate
1,13,8014,1,1,0,22,5,13.87,6,11.89,180.3,5.8,1.9,0.4,0,2,Graduate
2,4,9147,1,0,0,21,6,11.79,5,12.51,157.7,9.3,2.7,-1.52,0,2,Graduate
1,18,9085,1,0,0,21,6,10.95,4,15.77,181,8.7,1.7,0.28,0,2,Graduate
2,14,9254,1,0,0,22,4,16.59,4,12.46,187.3,11,1.6,-0.86,0,1,Enrolled
1,16,9254,1,0,0,20,4,12.91,5,10.57,188.5,9.4,1.1,-0.03,0,2,Graduate
1,15,9254,1,1,0,20,6,11.04,6,13.38,188.7,4.7,1.7,1.38,0,2,Graduate
1,12,9085,1,0,0,23,6,11.22,6,16.6,169.1,9.5,1.2,-0.59,0,1,Enrolled
1,13,9085,1,1,0,19,4,12.73,6,16.36,130.6,8.5,1.2,0.35,0,2,Graduate
1,10,9254,1,1,0,21,4,11.17,4,16.97,165.2,6.5,1.8,0.44,0,1,Enrolled
1,5,9003,1,0,0,21,4,15.49,4,11.91,111,5.1,3,-1.26,0,2,Graduate
1,17,9070,1,0,0,20,5,12.6,5,13.24,101.5,7.2,2.1,-0.4,0,2,Graduate
1,12,9670,1,0,0,18,6,13.4,5,12.08,125.3,8.7,0.5,-0.63,0,2,Graduate
1,6,9070,1,0,0,18,5,14.6,6,14.7,152.8,5.7,1.1,1.55,0,1,Enrolled
1,12,9070,1,0,0,18,4,12.55,4,11.19,127.5,9,3.1,2.2,0,1,Enrolled
1,9,9991,1,0,0,21,6,13.19,4,11.62,174.1,6.8,3.1,1.35,0,2,Graduate
1,18,33,1,0,0,22,4,14.07,4,11.69,143.8,10,1.5,0.85,0,2,Graduate
1,8,9147,1,0,1,25,0,0,0,0,141.3,9.6,0.5,0.99,1,0,Dropout
1,4,9853,0,0,0,21,0,0,2,12.37,182,6.2,3.3,-1.59,1,0,Dropout
1,9,9500,1,0,1,22,5,16.58,5,16.65,127.2,8.2,1,-0.26,0,2,Graduate
1,2,9003,1,0,0,22,4,15.94,6,10.69,154.3,4.6,1.1,-1.64,0,2,Graduate
1,16,9119,1,0,0,20,6,11.13,4,16.9,139,4.4,0.5,1.54,0,2,Graduate
1,1,33,1,1,0,22,4,11,6,12.47,149.5,9.1,0.4,0.09,0,1,Enrolled
1,5,9254,0,0,1,24,1,12.11,0,0,178.7,9,1.6,0.69,1,0,Dropout
1,8,9254,1,0,0,21,4,16.88,5,10.75,121,9,2.2,-0.58,0,1,Enrolled
1,13,9556,1,0,1,21,5,14.43,4,15.62,185.1,6.7,2.9,1.45,0,2,Graduate
1,13,9070,1,1,1,20,1,12.75,2,12.81,187.2,7.6,1.1,1.77,1,0,Dropout
1,6,9130,1,0,1,20,6,10.01,5,14.2,120.9,10.6,1.2,2.24,0,2,Graduate
1,7,9991,1,0,1,19,4,10.6,5,11.74,115.4,4.7,1.6,-0.32,0,2,Graduate
1,1,9238,1,0,0,22,5,15.13,5,12.6,153.8,6.2,2.6,0.23,0,1,Enrolled
1,4,9500,1,0,0,20,5,14.89,4,13.11,179,4.4,1.5,-0.39,0,1,Enrolled
1,18,9238,1,0,0,22,5,13.11,6,16.05,103.8,8.1,2.9,1.49,0,2,Graduate
1,5,9238,1,1,1,22,4,15.14,6,10.34,102.8,6.8,1.9,0.43,0,2,Graduate
1,17,9670,1,0,0,18,4,10.44,5,16.39,143.7,7.4,1.3,0.25,0,2,Graduate
1,17,9238,1,0,0,20,6,14.03,5,12.62,128.2,5.1,0.6,2,0,1,Enrolled
2,6,8014,1,0,0,18,6,11.01,4,10.95,126.6,4.5,2.5,1.03,0,2,Graduate
1,4,9991,1,0,0,19,4,13,5,11.4,143.3,9.2,2.2,1.88,0,2,Graduate
1,16,33,1,0,0,22,4,16.91,4,10.79,176.3,9.7,2.3,1,0,2,Graduate
1,5,9991,1,0,0,18,6,16.34,5,16.47,102.5,8.1,2.1,-0.1,0,2,Graduate
1,10,9238,1,0,0,22,6,15.09,5,11.96,126.7,5,3.1,0.34,0,2,Graduate
1,16,9085,0,0,0,26,1,11.7,1,11.12,167.2,7.7,2.4,-0.22,1,0,Dropout
1,17,171,1,0,0,18,5,10.98,6,14.33,105.8,5.6,0.7,-0.95,0,1,Enrolled
1,16,33,1,0,1,20,6,14.05,6,14.41,162.2,6.5,0.9,1.88,0,2,Graduate
1,17,171,1,0,0,23,5,16.64,5,16.36,138.7,5.6,2.7,0.59,0,2,Graduate
1,18,9773,1,0,0,22,5,14.02,5,12.51,114.5,7.6,1.8,1.6,0,2,Graduate
1,18,9991,1,0,1,19,6,13.34,5,15.33,172.3,10.8,2.1,1.46,0,1,Enrolled
1,14,9853,1,0,0,20,6,14.16,6,12.53,151.5,11,0.7,0.58,0,2,Graduate
1,1,33,1,0,0,18,5,12.4,6,12.37,183.9,5.3,3.2,-1.44,0,2,Graduate
1,6,9853,1,0,0,18,6,14.65,6,16.57,113.5,4.3,3.3,-0.5,0,2,Graduate
1,8,9853,1,0,0,21,4,12.32,6,15.5,161.6,9.7,2.4,-1.27,0,2,Graduate
2,4,9119,1,0,0,20,5,13.63,4,16.99,166.5,4.5,1.5,-0.71,0,2,Graduate
1,11,9070,1,0,0,23,6,11.14,6,12.64,154.3,9.9,0.8,-0.45,0,2,Graduate
1,13,9556,1,0,0,18,5,13.82,5,10.13,158.2,4.1,2.8,-1.4,0,2,Graduate
2,1,33,1,0,0,20,5,14.89,6,16.35,150.7,11.3,1.2,0.79,0,2,Graduate
1,11,9147,1,0,0,20,5,10.04,5,15.89,111,4.9,2.5,-0.85,0,1,Enrolled
1,14,9773,1,0,0,21,5,10.67,4,16.03,184.3,10.7,1.1,1.23,0,1,Enrolled
1,6,9147,1,0,0,20,5,14.22,5,10.43,171.3,4.5,2.6,-1.43,0,2,Graduate
1,1,9670,1,0,0,23,6,12.34,4,15.93,133.4,8.3,1.8,0.46,0,2,Graduate
1,1,9119,1,0,1,19,1,10.89,2,10.1,104,7.2,2.5,0.52,1,0,Dropout
1,1,9254,1,0,0,18,5,11.79,4,10.5,130.8,9.5,2.4,1.08,0,2,Graduate
1,13,8014,1,0,0,20,4,13.08,4,13.13,130.3,4.4,0.5,2.28,0,2,Graduate
1,11,171,1,0,1,26,1,10.31,1,10.35,181.4,3.8,3.1,-1.42,1,0,Dropout
1,7,9085,1,0,0,23,5,12.03,6,12.89,158.4,6.4,0.8,-1.1,0,2,Graduate
1,18,9130,1,1,0,22,6,14.05,4,12.08,146.4,11.4,2.2,0.48,0,2,Graduate
1,13,9556,1,0,0,27,0,0,2,12.69,155.9,5.2,0.9,0.17,1,0,Dropout
1,8,9991,1,1,0,23,6,10.69,5,16.84,118,5.8,0.8,-0.17,0,2,Graduate
1,8,9670,1,0,0,23,5,13.97,4,15.22,102.1,5.8,1.5,-0.23,0,1,Enrolled
2,5,9070,0,0,1,28,3,10.48,1,10.33,121,9.9,3,1.37,1,0,Dropout
1,15,9238,1,0,1,29,1,12.68,1,11.2,166.4,7.5,2.6,2.11,1,0,Dropout
2,16,9147,0,1,0,22,3,11.93,0,0,127.4,4,1.5,-0.28,1,0,Dropout
1,16,9085,1,0,0,18,4,12.18,4,16.62,183.4,4.7,3.2,0.93,0,2,Graduate
1,2,9773,0,0,0,24,2,10.93,2,10.76,176.7,10,0.9,1.73,1,0,Dropout
1,13,9991,1,0,0,19,4,10.46,5,15.58,105.4,11.3,2.2,1.83,0,2,Graduate
1,14,9773,1,1,0,20,5,13.05,5,10.41,121.7,4,0.6,0.74,0,2,Graduate
1,8,9003,0,0,1,26,3,10.63,1,12.24,165.9,7.3,3.2,1.53,1,0,Dropout
1,8,171,1,1,0,22,4,15.62,6,12.98,133,6.4,1.9,1.53,0,2,Graduate
1,4,9085,1,0,0,19,6,13.96,6,14.53,116.7,10.4,1.5,1.37,0,2,Graduate
1,8,8014,1,0,0,22,2,12.35,0,0,161.3,4.7,0.9,1.77,1,0,Dropout
1,2,9670,1,0,0,23,6,12.92,4,14.03,124.6,8.1,1.9,0.24,0,1,Enrolled
1,18,9147,1,1,1,24,2,10.62,2,10.32,165.9,4.6,2.3,0.36,1,0,Dropout
1,5,9130,1,0,0,19,5,10.71,6,11.84,188.2,5.7,2.9,0.7,0,2,Graduate
1,17,9670,1,0,0,23,1,11.14,2,12.66,146,11.4,2.7,-0.85,1,0,Dropout
1,15,9853,0,0,1,24,2,11.18,1,12.99,161.9,5.9,3,0.11,1,0,Dropout
1,2,9238,1,1,1,18,0,0,0,0,148.4,9.6,1.5,0.91,1,0,Dropout
1,14,33,1,0,0,20,4,13.44,4,12.15,173.6,10.1,0.5,1.76,0,2,Graduate
1,12,9556,1,0,0,27,1,11.3,1,11.29,134.4,7.8,2.7,-1.65,1,0,Dropout
1,7,9254,1,0,0,23,0,0,0,0,106.8,8.3,1,2.23,1,0,Dropout
1,14,9991,1,0,0,20,4,12.32,4,10.94,117.3,8.3,3,0.34,0,2,Graduate
1,14,9238,1,0,0,23,6,11.57,5,10.67,121.7,5.1,0.4,-0.36,0,2,Graduate
1,9,9773,1,0,1,23,5,13.21,6,16.09,172.4,7.8,1,2.07,0,2,Graduate
1,18,9070,1,0,1,18,3,12.77,2,12.73,150.2,11.4,2.3,-1.38,1,0,Dropout
1,12,9773,1,0,0,18,6,11.43,5,15.22,120.4,10.8,0.5,-0.23,0,1,Enrolled
1,3,9254,1,1,0,18,6,13.41,6,10.87,128.6,11.6,3.2,2.17,0,2,Graduate
1,1,9119,1,0,0,18,6,13.4,6,14.13,167,7.8,0.7,1.13,0,2,Graduate
1,15,8014,1,0,0,20,4,10.99,5,15.56,175.9,8,3.2,-0.27,0,2,Graduate
1,13,9773,1,0,0,19,4,13.02,6,10.36,142.1,7,3.2,1.86,0,2,Graduate
1,10,8014,0,0,1,29,3,10.75,0,0,178,10.1,1.3,0.91,1,0,Dropout
1,8,9991,0,0,1,20,0,0,0,0,181.7,10.9,2,-0.84,1,0,Dropout
1,3,9147,1,0,0,19,6,14.74,6,15.96,155.5,8.1,2.9,1.38,0,2,Graduate
2,1,9130,1,0,1,24,2,12.19,1,12.73,109.1,5.3,2,-0.41,1,0,Dropout
1,13,9254,1,1,0,19,4,16.07,5,10.45,110,11.1,2.5,-0.37,0,2,Graduate
1,18,9500,1,1,0,18,5,15.78,5,16.21,123.4,8.1,1.3,-0.79,0,2,Graduate
1,6,171,1,0,0,22,5,10.71,5,11.64,138,6.8,3.3,0.39,0,2,Graduate
2,18,33,0,0,0,18,1,10.9,1,12.01,188.6,6.8,0.9,-0.82,1,0,Dropout
1,16,9670,1,0,0,19,5,16.19,4,13.61,169.5,11.3,2.6,-0.76,0,2,Graduate
1,3,9119,1,0,0,21,5,10.05,4,14.72,152.5,9.1,1,-1.59,0,2,Graduate
1,9,8014,1,1,0,18,0,0,2,12.46,159.1,6.1,1.5,0.64,1,0,Dropout
2,9,9556,1,0,0,19,4,16.01,6,10.74,105.9,5.7,3.3,0.45,0,2,Graduate
1,1,9130,1,0,0,23,6,13.35,5,11.95,132.3,6.9,2.7,-1.14,0,2,Graduate
2,18,9773,1,0,0,20,4,10.91,6,10.57,110,6.1,1.9,-0.07,0,1,Enrolled
2,6,9238,1,1,0,18,4,11.09,4,15.34,131.8,10.4,2.1,-1.01,0,2,Graduate
1,7,9991,1,0,0,23,5,16.54,6,16.61,186.6,7.8,2.9,-1.52,0,2,Graduate
2,4,171,1,0,0,19,5,12.73,6,11.33,133,10.5,2.4,-0.86,0,2,Graduate
2,1,9556,1,0,1,29,1,11.68,1,12.13,102.3,8.6,0.7,-0.34,1,0,Dropout
1,17,9238,0,0,0,20,0,0,0,0,154.2,11.1,2,-0.69,1,0,Dropout
1,17,9085,1,1,0,22,5,10.2,5,10.95,145,7,2.8,2.18,0,1,Enrolled
1,12,9773,1,0,0,23,4,14.94,4,12.81,106.4,10.2,1.2,0.9,0,2,Graduate
2,15,9130,1,0,0,22,5,15.57,5,14.85,171.4,9.8,2.3,1.55,0,2,Graduate
1,15,9238,1,0,0,21,4,12.7,4,13.63,189.9,4.7,1,0.73,0,2,Graduate
1,4,9853,1,0,0,25,3,12.72,2,10.6,135.3,7.2,2.2,0.07,1,0,Dropout
1,1,9147,1,0,0,26,2,11.89,0,0,175.9,5.5,0.5,0.1,1,0,Dropout
1,11,9119,1,0,0,21,6,13.34,6,12.08,177.2,11.5,2.2,-1.27,0,2,Graduate
1,2,9147,1,1,1,28,2,10.82,0,0,138.9,11.4,2.1,1.88,1,0,Dropout
1,11,8014,0,0,0,20,2,12.61,1,10.29,131.3,11.1,0.5,-1.17,1,0,Dropout
1,16,9130,1,1,1,22,0,0,1,10.57,158.5,7.9,1,0.9,1,0,Dropout
1,6,9773,1,0,1,25,0,0,2,11.33,102.5,7.5,2.8,0.31,1,0,Dropout
1,16,9119,1,1,0,21,6,16.99,4,16.28,166.6,8.3,1.4,1.98,0,2,Graduate
1,4,8014,1,0,0,20,4,10.72,5,16.93,113.1,6.1,1,2.27,0,2,Graduate
2,1,9070,0,0,0,28,3,12.04,1,12.24,115.6,7.7,2.2,-1.03,1,0,Dropout
1,3,9147,1,0,0,23,2,11.71,1,11.05,143.6,3.6,2.5,-0.59,1,0,Dropout
1,5,9070,0,0,1,28,0,0,1,12.46,164.4,6.2,1.4,-0.83,1,0,Dropout
2,6,9003,0,0,1,21,2,10.59,2,10.46,118.8,7.7,2.8,0.87,1,0,Dropout
1,13,9130,1,0,0,19,5,13.66,6,12.97,171.8,7.4,3.3,2.09,0,1,Enrolled
1,2,9853,1,0,0,19,6,13.08,5,15.3,102.2,4.6,0.9,0.81,0,1,Enrolled
2,11,33,1,0,1,20,0,0,1,12.16,155.2,6.5,1.7,1.94,1,0,Dropout
1,12,9003,1,0,1,27,1,12.09,0,0,181.7,5.6,1.6,-1.55,1,0,Dropout
1,4,9853,1,0,0,22,5,16.85,4,15.72,104.6,10.1,1.9,1.86,0,1,Enrolled
1,2,9500,1,0,1,25,0,0,1,12.66,173.5,5.5,1.8,-0.95,1,0,Dropout
1,6,9085,1,0,0,23,4,13.5,4,10.46,132.2,6.6,2.9,1.26,0,1,Enrolled
2,1,9773,1,0,0,19,5,15.22,4,11.02,154,10.7,1,1.85,0,1,Enrolled
1,1,9991,1,0,0,19,4,16.88,6,16.28,120.7,9.9,1.2,-1.17,0,2,Graduate
1,4,9003,1,1,0,21,4,16.21,4,14.36,137.9,8.8,2.9,1.23,0,2,Graduate
1,16,9500,1,0,0,18,0,0,2,10.4,183.7,8.5,1.5,-1.33,1,0,Dropout
1,15,9853,1,0,0,23,6,10.48,6,12.39,168.7,5.6,0.5,-0.57,0,2,Graduate
1,1,33,1,0,0,21,5,13.1,5,15.3,143.3,9.2,1.9,0.06,0,2,Graduate
1,5,9500,1,1,0,20,4,14.19,5,14.84,111.8,8.1,2.5,-0.57,0,1,Enrolled
1,5,9556,1,0,0,18,4,16.7,6,15.36,163.8,11.6,1,0.15,0,2,Graduate
1,6,9003,1,1,0,23,5,12.48,4,13.51,161.7,5.7,3.3,-1.44,0,1,Enrolled
1,3,9670,1,1,0,19,4,10.74,5,10.88,177.8,5.5,0.6,1.93,0,2,Graduate
2,1,9003,1,0,0,22,5,10.91,6,12.24,101.4,10.2,2.6,-1.56,0,2,Graduate
1,10,9773,1,1,0,20,5,12.6,6,14.04,157,10,1.1,-1.55,0,2,Graduate
1,2,9085,1,0,0,19,5,12.92,5,13.44,153.7,4.3,2.8,-0.48,0,2,Graduate
1,5,9556,1,0,1,27,1,11.36,1,11.51,115,6.1,0.4,-0.07,1,0,Dropout
1,6,9119,1,0,0,22,4,12.41,6,13.59,187,10,0.7,2.24,0,2,Graduate
1,18,33,1,0,1,19,6,11.14,6,12.55,180.5,5.1,1,2.02,0,1,Enrolled
1,11,9254,1,0,0,27,1,11.2,1,10.51,187.5,8.4,2.5,1.39,1,0,Dropout
1,8,9119,1,0,0,21,5,14.87,6,10.21,173.2,9.4,1.6,-0.57,0,2,Graduate
1,18,9238,1,0,0,23,1,10.99,0,0,115.2,9.4,2.7,-0.2,1,0,Dropout
1,18,9147,1,0,0,23,5,15.53,6,13.65,104.5,11,0.9,0.02,0,1,Enrolled
1,13,9130,1,0,1,20,4,14.91,4,15.31,181.2,9.2,2.1,-0.3,0,2,Graduate
1,14,9556,1,0,0,21,4,11.68,4,13.06,165.5,11.1,1.3,-0.33,0,2,Graduate
1,4,33,0,0,0,28,1,11.16,0,0,172.3,4.4,2.3,-1,1,0,Dropout
1,6,171,1,0,0,23,5,16.13,5,11.39,121.4,10.1,0.9,-1.53,0,2,Graduate
1,3,9003,1,0,1,24,0,0,1,11.33,177.5,8.6,1.5,1.46,1,0,Dropout
1,6,9147,1,0,0,23,4,15.07,5,11.19,190,8.7,2.6,1.85,0,2,Graduate
1,11,8014,1,1,0,18,5,15.41,6,16.76,154.1,8,3,0.41,0,1,Enrolled
1,12,9500,1,0,0,22,4,10.9,4,13.85,120.7,8.8,0.7,-1.4,0,1,Enrolled
1,18,9254,1,0,0,22,5,10.03,5,14.44,110.7,11.2,1.6,-0.87,0,2,Graduate
1,5,9773,1,0,0,21,4,11.06,6,11.26,133,3.8,2.3,0.87,0,1,Enrolled
1,7,9119,1,0,0,19,4,12.37,4,11.71,122.6,9.2,2.5,1.45,0,2,Graduate
1,16,33,1,1,0,21,5,15.23,5,16.75,163.9,9.5,3,2.2,0,1,Enrolled
1,16,9991,1,0,0,21,5,14.88,6,16.69,133.8,5.8,3,-0.61,0,2,Graduate
1,11,9670,1,0,0,23,6,15.42,5,12.34,164.2,6.9,3.2,-1.66,0,1,Enrolled
1,2,8014,1,0,0,19,5,13.07,5,10.06,181.5,4.5,2.6,1.88,0,2,Graduate
1,9,9500,0,0,1,27,3,10.78,0,0,137.5,9.3,0.8,1.09,1,0,Dropout
1,12,9670,1,1,0,18,4,11.51,4,13.75,151.5,7.6,3,-0.87,0,1,Enrolled
1,1,9991,1,1,0,22,4,15.68,4,14.6,165.7,8.3,1.5,-0.44,0,2,Graduate
1,9,8014,1,1,0,21,5,12.39,4,15.4,168,9.5,1.5,-1.34,0,2,Graduate
1,3,8014,1,0,0,21,6,12.68,5,10.88,175.6,9.6,3,1.77,0,1,Enrolled
1,17,9991,1,0,0,20,4,10.07,6,14.98,123.7,7.8,2.1,1.5,0,2,Graduate
1,14,9085,1,0,0,23,6,13.04,4,13.78,113.9,8.2,3.4,1.02,0,1,Enrolled
1,11,9991,1,1,0,18,5,13.19,5,11.07,177.4,9.3,2,2.16,0,2,Graduate
1,16,9991,1,1,0,20,6,11.45,5,12.64,176.7,3.7,1.8,0.07,0,2,Graduate
1,8,171,1,0,0,19,5,15.63,5,13.45,128.3,11.3,1.7,0.75,0,1,Enrolled
1,14,9773,1,0,0,18,1,12.65,0,0,165.5,10.5,2,0.77,1,0,Dropout
1,10,9130,1,0,0,20,6,11.01,6,16.61,182.9,4.5,0.7,2.11,0,1,Enrolled
1,12,9773,0,0,1,25,3,12.48,2,12.01,126.8,8.2,3.1,-0.73,1,0,Dropout
1,5,9119,1,0,1,22,3,10.51,0,0,169.9,5.3,1.3,-1.44,1,0,Dropout
2,7,9147,1,1,0,23,6,10.27,4,13.37,189.6,11.3,1.4,1.41,0,2,Graduate
1,9,9500,1,0,1,28,1,12.23,1,10.26,149.9,7.2,2.3,-0.74,1,0,Dropout
1,1,9853,1,1,0,20,6,12.41,5,10.91,113.6,4.6,1.2,2.22,0,2,Graduate
1,17,33,1,0,1,20,4,11.86,4,16.68,114,8.7,3.3,-0.11,0,1,Enrolled
2,16,8014,1,1,1,23,5,16.18,4,13.86,178.9,7.3,0.5,-1.09,0,2,Graduate
1,4,9556,1,1,0,18,5,10.58,4,16.89,134.3,9.4,1.9,-1.34,0,1,Enrolled
1,12,9130,1,0,0,18,2,12.79,0,0,180.5,4.1,2.6,0.11,1,0,Dropout
1,13,9119,1,0,0,21,6,10.62,4,12.26,106.7,4.7,2.4,1.71,0,2,Graduate
1,8,9130,1,1,0,23,6,12.85,4,16.11,184.7,10.1,2.7,1.57,0,1,Enrolled
1,1,9853,1,0,0,20,5,10.87,5,12.8,186.2,8.2,2.8,-0.45,0,2,Graduate
1,9,9130,1,1,0,18,4,16.81,6,13.44,100.2,6.6,2.7,-0.63,0,2,Graduate
1,17,9070,1,0,0,23,6,14.1,4,11.21,189.9,4.1,2.2,1.38,0,2,Graduate
1,7,9670,1,0,0,19,5,15.47,6,15.58,140.9,8.7,2.9,-0.92,0,2,Graduate
1,11,9119,1,0,1,29,3,12.2,1,11.84,182.3,5.7,2.7,-0.18,1,0,Dropout
1,3,9147,1,1,0,19,4,16.05,6,15.68,187.2,9.4,3.2,0.95,0,1,Enrolled
1,14,171,1,0,0,25,3,10.83,2,10.14,116.4,10.9,3.3,1.18,1,0,Dropout
1,13,9130,1,1,0,23,6,10.27,4,15.92,165,6,2.8,1.18,0,1,Enrolled
1,3,9556,1,0,0,21,6,14.9,4,14.04,144.3,10,2.3,1.25,0,2,Graduate
1,15,9070,1,0,1,27,1,11.73,2,11.45,165.9,4.3,3,-0.02,1,0,Dropout
1,15,9070,1,0,0,18,4,15.17,6,15.3,103.2,7,3.1,0.82,0,1,Enrolled
1,8,9238,0,0,0,25,0,0,2,11.53,162.8,4.5,1.8,1.25,1,0,Dropout
2,6,9991,1,0,0,21,6,12.12,4,16.11,136.6,8.7,2.7,1.81,0,2,Graduate
2,13,8014,1,0,0,23,4,10.34,6,14.05,107.2,6.2,2.9,0.71,0,2,Graduate
1,1,9853,1,0,0,18,5,10.63,4,10.79,167.3,4.1,1,-0.37,0,1,Enrolled
2,1,9085,1,1,0,19,4,16.88,6,11.93,160.9,10.3,0.6,0.69,0,1,Enrolled
1,12,171,1,0,0,24,1,11.57,1,10.14,164.7,11.3,2.2,0.39,1,0,Dropout
1,3,9119,1,1,1,19,2,10.86,2,12.83,102.7,9.8,3.2,-1.57,1,0,Dropout
1,17,9119,1,0,0,19,5,14.03,5,13.19,118.6,9.4,0.9,0.27,0,2,Graduate
1,1,171,1,0,1,23,1,11.43,2,12.21,167.7,4.6,1.8,-1.17,1,0,Dropout
1,5,171,1,0,0,18,6,16.09,6,16.22,185.6,6.5,0.6,0.94,0,2,Graduate
1,16,9991,1,1,0,21,6,15.94,6,13.63,167.1,6.8,0.8,-0.5,0,1,Enrolled
1,15,9238,0,0,1,20,3,10.16,0,0,124.1,4.3,3.4,0.13,1,0,Dropout
1,17,9773,1,0,0,23,4,13.76,4,14.24,184,3.8,0.9,-0.51,0,2,Graduate
1,18,9238,1,0,0,22,6,14.23,6,14.86,141,4.3,3.1,2.02,0,1,Enrolled
1,14,8014,1,0,0,21,4,10.64,4,12.62,144.2,3.9,1,1.27,0,2,Graduate
1,5,9119,1,1,0,19,5,14.72,5,12.12,124.6,7.1,2.8,0.49,0,2,Graduate
1,4,9130,1,0,0,22,6,13.84,6,16.91,115.4,5.8,2,1.6,0,2,Graduate
1,9,9991,0,0,1,19,3,11.19,0,0,157.8,6.2,0.9,-0.02,1,0,Dropout
1,14,9773,0,0,1,27,1,11.98,1,11.93,154.9,10.5,2.3,-1,1,0,Dropout
1,7,9130,1,1,0,21,5,10.81,4,10.06,134,10.3,3,-0.99,0,1,Enrolled
1,10,9147,1,1,1,23,6,11.64,6,15.24,169,11,1.8,0.71,0,2,Graduate
1,15,9119,1,0,0,19,4,11.73,4,13.38,137.7,8,0.7,2.28,0,1,Enrolled
1,10,9254,1,1,0,21,4,11.12,4,11.72,157.8,11.4,0.8,-0.8,0,1,Enrolled
2,1,9147,0,0,0,21,1,12.81,2,12.46,124.7,11,2.4,1.45,1,0,Dropout
1,9,9130,1,1,0,19,6,16.38,6,14.31,171.5,8.2,2.4,-0.41,0,1,Enrolled
2,7,9070,1,0,0,18,4,10.64,4,16.44,110.1,7.1,2.8,0.98,0,2,Graduate
1,5,9070,1,1,0,19,5,13.09,5,13.7,104.2,9.9,1.5,1.35,0,1,Enrolled
1,18,9003,1,0,0,22,5,15.23,6,14.13,105.1,8.4,2.4,0.59,0,2,Graduate
1,1,9130,1,0,0,25,1,11.74,1,11.84,156,9.8,1.8,-0.86,1,0,Dropout
1,9,9670,1,1,0,20,4,15.09,4,14.98,189.5,4.4,3,0.55,0,2,Graduate
1,1,9670,1,0,0,23,0,0,0,0,105,8.1,2.2,-1.5,1,0,Dropout
1,11,9500,1,0,0,22,6,14.13,4,14.61,114.9,4.9,2.8,-0.45,0,2,Graduate
1,10,9119,0,0,1,24,3,11.54,2,11.52,176.7,8.9,1.5,1.62,1,0,Dropout
1,12,171,1,0,0,23,5,13.39,5,11.13,172.9,7,2,2.09,0,2,Graduate
1,8,9853,0,0,0,26,0,0,2,12.3,160.1,6.6,3,0.59,1,0,Dropout
1,15,9147,1,0,0,22,6,16.87,4,16.51,166.4,9.6,0.8,-0.52,0,2,Graduate
1,11,9130,1,1,0,19,5,12.57,5,15.93,142.5,4.4,1.8,2.26,0,2,Graduate
1,7,171,1,0,1,25,0,0,0,0,129.6,6.5,2.3,-0.87,1,0,Dropout
1,6,9070,1,0,0,22,4,16.05,5,16.48,118.1,6.4,3.4,-0.82,0,2,Graduate
1,6,171,1,1,0,19,6,16.24,5,16.44,159.8,6,1.9,-0.53,0,2,Graduate
2,2,9991,1,0,0,19,4,13.51,4,13.83,138.7,9.4,3.1,2.2,0,2,Graduate
1,1,9853,1,1,1,21,5,13.24,6,11.19,123.2,9.9,0.5,-0.98,0,2,Graduate
1,11,9556,1,0,0,29,1,11.2,0,0,140.7,5.5,2.6,0.39,1,0,Dropout
1,17,33,1,0,0,22,4,11,4,14.95,139.5,6.6,2.8,-0.33,0,1,Enrolled
1,10,171,1,0,0,21,6,12.05,4,16.8,132.4,10.7,3.2,0.81,0,1,Enrolled
2,2,9254,1,0,0,18,6,16.41,6,12.17,159.3,10.9,3,-0.7,0,2,Graduate
1,14,171,0,0,0,29,1,12.32,0,0,153.6,6.6,2.9,0.82,1,0,Dropout
1,4,9147,1,0,0,19,6,16.52,6,14.95,130.2,9.7,2.1,-0.24,0,2,Graduate
1,9,9500,1,0,0,20,6,15.88,6,10.79,143.7,10.7,3.2,-0.18,0,2,Graduate
1,3,9147,1,1,0,22,4,10.33,6,13.87,183.2,9.8,1.6,-0.39,0,2,Graduate
1,5,8014,1,0,0,21,4,12.33,5,15.74,150.1,4.8,2.4,2.24,0,2,Graduate
1,2,9085,1,0,1,23,5,11.59,6,13.77,110.7,4.6,0.8,-1.22,0,1,Enrolled
1,5,9147,1,0,0,23,6,15.31,4,11.34,177.8,7.7,0.6,1.29,0,1,Enrolled
1,8,9119,0,0,0,19,2,10.03,0,0,115.2,6.5,1.6,0.75,1,0,Dropout
1,14,9238,1,0,0,23,5,16.03,5,16.31,108.5,9.3,1.8,0.97,0,2,Graduate
1,13,9556,1,1,0,23,5,12.08,6,15.54,118.1,4.4,0.4,-0.37,0,2,Graduate
1,7,9119,1,1,0,24,3,10.63,2,11.19,157.3,6.6,2.2,-1.48,1,0,Dropout
1,2,9085,1,0,0,19,4,13.16,4,11.16,159.5,9.2,1.1,1.29,0,2,Graduate
1,16,9147,1,0,0,22,4,10.02,6,13.09,144.3,4.5,1.9,-1.07,0,2,Graduate
1,17,9003,0,0,1,20,3,10.55,1,12.4,180.1,5.6,1.6,1.91,1,0,Dropout
1,13,9556,0,0,0,24,0,0,0,0,106.3,7.7,2.7,1.7,1,0,Dropout
1,3,8014,1,0,1,20,6,10.85,4,12.5,113.1,7.2,1.4,-0.32,0,2,Graduate
1,4,9238,1,0,0,19,4,14.13,6,16.34,182.8,11.2,1.6,-0.76,0,2,Graduate
1,2,9003,0,0,1,26,1,11.94,2,11.94,143.2,4.7,1.3,-0.7,1,0,Dropout
1,10,9003,1,0,0,23,4,14.68,5,13.65,108.9,8.4,2.7,1.58,0,2,Graduate
2,1,9670,0,0,0,24,1,10.67,1,12.39,124,9.8,3,2.17,1,0,Dropout
1,15,9254,1,0,0,21,3,11.7,0,0,133.2,9.7,2.9,-0.14,1,0,Dropout
1,11,9147,1,0,1,23,0,0,0,0,163.7,5,3.2,0.63,1,0,Dropout
1,12,9556,1,0,0,19,6,11.08,5,11.94,168.4,4.8,1.9,-0.51,0,2,Graduate
2,7,9991,0,0,1,27,3,12.87,2,11.94,121,10.6,2.3,-1.31,1,0,Dropout
1,18,9773,1,1,0,22,5,12.56,5,14.95,102.5,8.6,2.8,0.53,0,1,Enrolled
1,9,9070,1,0,1,26,0,0,0,0,133.2,9.4,2.4,-0.17,1,0,Dropout
1,11,9773,1,0,0,19,6,10.97,5,16.67,160.9,9,2.4,-1.61,0,2,Graduate
1,16,9003,1,0,0,18,5,14.51,6,15.18,135.1,7.8,1.1,-1.26,0,2,Graduate
1,14,9130,1,1,0,21,4,10.04,4,15.6,162.2,7.9,0.5,2.01,0,2,Graduate
1,12,9500,1,0,1,19,2,11.48,0,0,127.6,5.8,3.3,1.86,1,0,Dropout
1,8,9500,1,0,0,23,6,14.83,5,16.14,129.7,7.1,2.4,-1.09,0,2,Graduate
1,4,9254,1,0,0,20,6,15.45,6,12.91,112.4,3.9,1.1,-1.52,0,1,Enrolled
1,16,9254,1,0,1,25,0,0,2,10.19,180.1,10.7,2,1.3,1,0,Dropout
1,11,9003,1,1,1,28,0,0,1,10.9,178.6,4,2.8,-0.29,1,0,Dropout
1,8,9147,1,0,0,21,5,10.23,6,14.46,142.1,6.5,2.9,0.43,0,2,Graduate
1,11,9556,1,0,0,23,5,15.49,6,10.7,155.7,6.9,0.7,0.4,0,2,Graduate
1,13,9853,1,0,0,23,4,11.51,5,12.3,150.3,7.5,0.6,1.67,0,2,Graduate
1,8,9853,1,1,0,19,6,12.84,4,13.91,112.2,7.6,0.7,-0.47,0,2,Graduate
1,14,9070,1,0,1,28,0,0,1,10.08,182.6,6,2.5,0.25,1,0,Dropout
1,1,9070,1,0,0,23,5,15.81,5,10.27,138.6,8.1,3.2,-0.7,0,2,Graduate
1,8,9119,1,0,1,22,5,16.92,6,13.87,145,9.8,0.7,0.68,0,2,Graduate
2,10,9991,1,0,0,20,3,10.79,1,10.42,166.7,6.5,1.5,1.82,1,0,Dropout
1,8,9003,1,0,0,21,5,16.35,6,16,157.1,5.8,1.4,1.5,0,2,Graduate
2,1,9085,1,0,0,20,4,12.54,5,14.47,128.1,8.1,2.3,1.62,0,2,Graduate
1,5,9254,1,0,0,22,4,13.61,4,13.5,116.6,3.6,0.4,0.4,0,2,Graduate
2,2,9254,1,0,0,23,5,12.61,6,12.7,175.5,3.7,2.1,2.02,0,2,Graduate
2,9,9500,1,0,0,23,5,14.26,6,14.97,130.5,10.3,1.7,1.64,0,2,Graduate
1,6,9991,1,0,0,20,6,15.7,6,16.39,127.4,9.2,1.1,0.44,0,1,Enrolled
1,16,9853,1,0,1,24,0,0,0,0,136.2,9.2,1.6,1.53,1,0,Dropout
1,3,9991,1,0,0,21,5,14.29,4,15.8,173,6.7,0.7,0.54,0,1,Enrolled
1,6,9003,1,0,0,19,6,12.52,5,14.41,116.3,10.3,2.3,-0.75,0,1,Enrolled
1,11,33,1,0,1,24,2,10.96,1,10.52,143.9,11.2,1.4,0.23,1,0,Dropout
1,3,9003,1,0,0,20,4,16.91,6,11.93,151.5,5.3,2,2.08,0,2,Graduate
1,10,9085,1,0,0,18,5,13.78,5,12.02,156.5,5.4,1.1,2.08,0,1,Enrolled
1,13,9070,1,0,0,22,6,11.07,4,12.33,119.1,7.2,3.1,1.14,0,2,Graduate
1,11,9119,1,0,0,19,5,11.43,4,14.61,110.1,7.6,2.7,1.77,0,2,Graduate
1,17,9500,1,0,1,18,3,11.05,2,12.14,111.2,7.5,3.1,0.41,1,0,Dropout
1,8,8014,1,0,0,22,4,10.75,4,16.63,126.2,10.8,1,-1.35,0,1,Enrolled
2,7,9130,1,0,0,20,4,13.35,6,13.43,144,4.8,1.4,-0.57,0,1,Enrolled
1,4,9254,1,1,0,21,6,13.96,4,16.46,164.1,9.3,1.8,1.74,0,2,Graduate
1,8,9500,1,0,0,22,4,10.11,4,15.88,189,5.9,0.7,-0.92,0,2,Graduate
1,3,9119,1,0,0,20,4,15.32,5,11.77,173.5,10.7,1.4,0.03,0,2,Graduate
1,9,9500,1,0,1,18,6,16.3,6,13.72,175.7,4.7,1.8,1.97,0,2,Graduate
2,17,9254,1,0,1,18,5,10.13,4,14.12,132.6,4.6,0.9,-0.52,0,1,Enrolled
2,17,171,1,1,0,20,5,14.58,6,15.36,166.7,9.8,0.4,-0.01,0,2,Graduate
1,2,9556,1,0,0,21,6,16.58,4,16.83,143.6,7.6,3.1,2.3,0,1,Enrolled
1,16,9500,1,0,0,21,6,10.84,5,16.11,183.5,9.1,0.9,0.37,0,2,Graduate
1,13,9070,1,1,0,18,6,11.93,4,11.84,152.8,9.3,2.4,-0.06,0,2,Graduate
1,5,9500,1,1,1,23,6,13.8,6,12.31,180.6,6.9,2.4,-1.45,0,1,Enrolled
1,11,9500,1,0,0,18,5,14.58,6,10.97,132,7.6,3.4,1.44,0,2,Graduate
1,3,9147,1,0,0,20,6,12.24,4,13.99,162.8,10.1,2.2,-0.62,0,1,Enrolled
1,1,9670,1,0,0,23,4,15.51,6,16.82,108.5,10.2,1.7,0.66,0,2,Graduate
1,9,9085,0,0,1,27,1,10.25,0,0,172.9,8.7,0.7,1.3,1,0,Dropout
1,16,9500,1,0,1,18,3,11.74,0,0,160.3,9.8,0.8,1.72,1,0,Dropout
1,18,171,1,1,0,19,6,15.09,4,11.13,171,6.5,2.8,-0.89,0,1,Enrolled
1,16,9130,1,0,0,20,6,12.17,4,12.23,146.3,7,1.9,0.05,0,1,Enrolled
1,12,9500,1,1,0,22,5,12.12,4,13.89,151.9,9.5,0.9,0.15,0,2,Graduate
1,5,9147,1,0,0,22,6,15.58,5,15.03,150.6,6,2.6,0.24,0,1,Enrolled
1,4,9773,0,0,0,28,1,12.08,1,10.92,117.7,7,3,0.41,1,0,Dropout
1,3,171,1,0,1,21,5,11.9,6,14.34,138.4,4.8,1,1.57,0,2,Graduate
1,6,9254,1,0,0,21,1,12.83,0,0,166.9,6.1,2.7,-0.17,1,0,Dropout
2,16,9147,1,0,1,18,0,0,2,12.39,154.1,11.1,0.9,0.03,1,0,Dropout
1,2,9500,1,0,1,19,3,10.21,0,0,176.6,6.7,1.5,-1.48,1,0,Dropout
1,8,9853,1,1,0,18,5,12.18,6,11.36,156.1,5.8,2.7,0.52,0,2,Graduate
1,3,9853,1,1,0,21,5,14.59,6,12.95,107,4.7,3.2,2.18,0,1,Enrolled
1,10,171,1,0,1,21,1,10.55,0,0,167.3,4.1,3.3,-0.4,1,0,Dropout
1,6,9119,1,0,0,21,4,17,6,13.09,165,4.6,3.1,-0.89,0,2,Graduate
1,5,9254,1,0,0,22,6,13.92,6,12.43,110.1,9.6,2,-0.96,0,1,Enrolled
1,8,9147,1,0,0,22,6,15.36,4,10.54,137.1,9.5,0.8,1.46,0,2,Graduate
1,14,8014,1,0,0,22,4,15.33,4,16.18,172.4,9.3,2.3,1.02,0,2,Graduate
1,8,9254,1,1,0,22,6,12.73,4,15.31,164.5,9,2.2,-1.57,0,2,Graduate
1,12,9147,1,0,0,21,5,14.51,6,12.61,159.2,4.5,1.3,1.13,0,2,Graduate
1,10,8014,1,1,0,18,5,12.29,5,11.99,123.7,8.4,1.9,0,0,2,Graduate
1,14,9254,1,1,0,18,5,12.08,4,11.64,172.7,5,1.1,-0.86,0,1,Enrolled
1,17,8014,1,1,0,21,6,13.49,5,14.89,112.7,5.8,2.9,0.15,0,1,Enrolled
1,15,9991,1,0,0,20,6,10.86,4,15.52,144.9,8.3,2.6,-0.5,0,2,Graduate
1,17,9003,1,0,0,18,4,11.45,5,14.53,104.1,5.8,3.1,-0.11,0,2,Graduate
1,12,9130,1,0,0,22,6,14.39,4,14.23,135.4,6,2.5,0.92,0,2,Graduate
1,12,9556,0,0,1,18,0,0,0,0,180.4,10.3,1.9,0.52,1,0,Dropout
1,16,9130,1,0,1,27,2,11.71,2,10.3,130,5.8,2,2.15,1,0,Dropout
1,14,9130,1,0,1,27,0,0,1,10.48,153.8,7.2,1.6,1.73,1,0,Dropout
1,14,9254,1,0,0,19,4,14.69,5,10.8,138.8,7.8,1.9,1.35,0,2,Graduate
1,14,9853,0,0,1,21,0,0,0,0,137.2,10.5,1.9,-0.64,1,0,Dropout
1,13,9773,0,0,0,18,1,11.23,2,11.74,170.4,9.3,1.7,0.86,1,0,Dropout
2,18,9085,1,0,0,23,4,16.44,6,11.81,142.6,4.1,2.1,-1.59,0,1,Enrolled
1,16,9556,1,0,0,21,5,10.49,4,16.82,100.1,5.7,2.8,1.57,0,2,Graduate
1,16,9991,1,1,0,19,6,10.27,5,16.39,126.2,8.5,0.4,-0.68,0,2,Graduate
1,16,9670,1,0,0,21,4,11.19,5,16.34,159.9,7.7,0.5,0.89,0,1,Enrolled
1,9,9670,1,1,0,19,4,14.39,4,10.16,141.9,7.5,1.5,-0.86,0,2,Graduate
1,16,9500,1,0,0,20,6,10.58,5,12.97,159.5,11,2.5,-1.51,0,1,Enrolled
1,17,9238,1,0,1,18,4,13.87,5,16.88,122.3,11.5,2.6,2.05,0,2,Graduate
1,4,9991,0,0,0,19,3,11.17,0,0,148.3,4.7,2.5,-1.7,1,0,Dropout
1,12,9991,1,0,0,19,6,16.91,6,15.93,169.5,5.9,1,-0.04,0,2,Graduate
1,16,9238,1,0,0,28,3,12.96,1,12.21,101.1,8.8,2.3,-0.39,1,0,Dropout
2,9,9556,1,0,0,20,5,10.37,6,10.3,167.6,4.6,3.3,0.14,0,2,Graduate
1,1,9254,1,0,0,19,1,10.47,0,0,143.9,8.7,1.2,-0.93,1,0,Dropout
1,7,9991,1,0,1,22,2,11.1,1,11.32,174.3,4.1,1.9,1.3,1,0,Dropout
1,10,33,1,0,0,20,5,14.06,5,14.71,183.2,6.5,0.9,-0.93,0,2,Graduate
1,5,9773,1,1,1,27,3,12.87,2,12.99,183.8,10.8,3.2,1.96,1,0,Dropout
1,4,9773,1,0,0,18,4,15.25,6,14.47,159.1,4,1.1,1.1,0,1,Enrolled
1,17,9991,0,0,1,22,3,12.69,0,0,141.4,7,1.3,0.4,1,0,Dropout
1,8,33,0,0,0,18,3,12.67,2,10.03,161.4,7.7,1.6,0.88,1,0,Dropout
1,18,8014,1,0,0,20,6,11.53,4,12.93,120.7,4.3,2.4,-0.93,0,2,Graduate
1,10,8014,0,0,1,18,3,10.72,1,10.62,184.1,9.2,3.3,0.68,1,0,Dropout
1,16,9500,1,0,0,23,1,11.46,1,10.21,122,3.9,1.4,0.29,1,0,Dropout
2,5,9070,1,0,0,19,5,10.95,5,13.58,161.8,3.8,1.5,-0.4,0,1,Enrolled
1,5,9238,1,1,0,20,4,16.65,6,13.98,179.8,6.7,2.1,-1.56,0,1,Enrolled
1,15,9147,1,0,1,20,1,10.46,0,0,120.1,4,0.9,-0.24,1,0,Dropout
1,14,9670,1,0,0,19,5,12.93,5,15.66,105.8,5.6,2.5,-0.42,0,1,Enrolled
1,12,9773,1,0,1,20,3,11.84,2,11.06,121.4,5.2,1.9,-0.48,1,0,Dropout
2,4,9070,1,0,1,29,0,0,0,0,120.4,6.6,0.5,0.81,1,0,Dropout
1,15,9119,1,0,0,22,4,12.95,5,12.05,174.1,3.9,0.6,0.6,0,2,Graduate
1,9,9147,1,0,0,20,5,15.61,5,10.42,102.4,7.6,2.4,-0.27,0,2,Graduate
1,10,9500,1,0,0,19,4,12.51,5,16.27,151.5,5.3,3,0.55,0,2,Graduate
1,7,9254,1,1,0,19,4,14.93,4,14.34,189.1,5.3,3,-1.65,0,2,Graduate
1,18,33,1,0,0,20,5,11.4,4,14.39,141.5,7.7,1,1.73,0,2,Graduate
1,7,9147,1,0,0,23,3,11.99,0,0,163.4,4.9,2.1,-1.19,1,0,Dropout
1,5,9670,1,0,0,21,4,11.62,6,10.21,124.3,8,1,0.12,0,2,Graduate
1,16,9853,1,0,0,21,5,14.9,5,15.34,186,10.6,0.8,-0.51,0,2,Graduate
1,16,9003,1,0,0,20,4,12.19,4,11.41,111.4,10.2,1.1,2.14,0,1,Enrolled
1,13,9773,1,1,0,23,5,13.28,4,13.14,184.8,9.2,2.9,-1.69,0,1,Enrolled
1,12,171,1,0,1,20,4,14.07,6,11.79,129.6,4.7,0.6,-0.44,0,2,Graduate
2,11,171,0,0,1,26,0,0,1,10.33,131.3,8.2,3,-0.61,1,0,Dropout
2,8,9085,1,1,0,18,4,12.55,5,14.01,103.7,3.6,2,-0.91,0,1,Enrolled
1,15,9238,1,1,0,23,6,14.15,4,11.03,145,8.9,2.9,1.21,0,2,Graduate
1,17,9238,1,0,0,21,6,10.84,6,15.11,165.2,10.2,1.8,0.86,0,1,Enrolled
1,18,9254,1,0,1,24,2,10.2,2,10.56,150.6,8.7,1.1,1.63,1,0,Dropout
1,8,9147,1,0,0,21,6,11.87,4,14.23,128.7,11.5,2.9,-1.42,0,1,Enrolled
1,6,9238,1,1,0,18,4,12.48,5,14.64,135.1,9.2,1.4,-1.17,0,2,Graduate
1,6,9119,1,1,1,23,6,11.18,4,15.99,183,4.9,3.3,0.71,0,1,Enrolled
1,13,9085,0,0,1,18,0,0,1,12.6,177.5,10.9,0.5,1.9,1,0,Dropout
1,4,9853,1,0,0,22,4,16.04,5,15.74,169,9.1,3.3,0.38,0,2,Graduate
2,17,9085,1,0,1,23,4,15.74,5,10.82,130,11.4,2.6,-0.56,0,2,Graduate
1,16,171,1,0,1,29,3,11.9,1,12.48,162.3,4.9,0.6,0.75,1,0,Dropout
1,18,9003,1,0,1,26,0,0,2,10.84,187.6,9.3,1.7,0.64,1,0,Dropout
1,11,9556,1,0,0,18,6,12.71,6,11.65,129.7,8,2.5,-0.55,0,2,Graduate
1,15,9670,1,0,0,18,6,11.43,4,15.37,153,10.4,3,0.16,0,1,Enrolled
1,18,9853,1,0,0,22,4,11.81,4,10.46,141.8,3.7,2.6,-1.46,0,1,Enrolled
1,7,9254,1,0,0,23,6,12.03,5,13.43,152.9,4.3,0.6,-0.7,0,2,Graduate
1,4,9003,1,1,0,22,5,11.55,4,13.84,126.9,7.2,1.8,-1.14,0,2,Graduate
2,9,9070,1,0,0,18,4,13.8,4,14.3,184.8,8,2.8,2,0,2,Graduate
1,8,9556,1,1,0,22,4,15.89,4,15.84,138.6,8,0.6,1.72,0,2,Graduate
1,7,9085,1,0,0,22,4,11.04,4,11.67,133.2,8.6,1.1,0.79,0,2,Graduate
1,4,9070,1,0,0,22,4,10.95,5,10.93,133.3,5.7,1.4,0.72,0,2,Graduate
1,3,9773,1,0,0,19,4,10.41,6,16.19,164.6,10.4,3.2,1.68,0,2,Graduate
1,11,9003,1,0,1,20,3,12.05,2,10.8,173.2,10.7,1.1,-0.06,1,0,Dropout
1,16,9254,1,0,0,21,4,16.13,5,16.57,117.5,5.1,3.1,-0.52,0,2,Graduate
1,1,33,1,0,0,21,6,12.87,6,14.92,157.6,10.7,0.9,0.68,0,2,Graduate
1,6,9773,0,0,0,26,0,0,2,10.38,175.5,11,1.7,0.32,1,0,Dropout
1,12,9500,1,1,0,19,6,14.55,4,10.85,148.7,6.3,1.8,0.26,0,1,Enrolled
1,18,8014,1,0,0,22,6,10.78,6,10.8,161.6,4,1.3,1.24,0,2,Graduate
1,15,9991,1,0,0,23,5,14.7,4,10.76,137,9.2,1.3,1.9,0,2,Graduate
1,4,9070,1,0,0,22,4,13.66,4,15.42,164.9,9.6,1.4,-1.69,0,2,Graduate
1,11,9670,1,1,0,19,5,12.62,5,16.71,101.5,9.9,1.2,2.26,0,1,Enrolled
1,7,9070,1,0,0,23,4,13.02,4,13.11,140,8.9,1.9,0.19,0,1,Enrolled
1,9,9773,1,1,1,27,0,0,2,12.75,180.5,8.6,2.6,0.76,1,0,Dropout
1,2,9003,0,0,1,28,0,0,1,11.37,136,8.5,1.1,1.13,1,0,Dropout
1,7,33,1,0,1,22,6,12.18,4,13.12,172,10.2,2.7,0.02,0,2,Graduate
2,8,9500,1,0,1,28,0,0,2,10.56,170.9,8.5,1.5,1.85,1,0,Dropout
1,16,9853,1,1,0,20,5,16.24,4,14.69,143.1,7.8,1.6,0.29,0,2,Graduate
1,7,9238,1,1,0,21,5,11.35,5,11.53,139.4,5.5,1.2,2.11,0,2,Graduate
1,16,9500,0,0,1,27,2,12.5,1,12.77,122.4,9,1,0.35,1,0,Dropout
1,16,9556,1,0,0,20,4,16.75,5,14.39,176,10.1,0.9,0.91,0,2,Graduate
1,6,9147,1,0,0,20,6,11.38,6,11.14,142.3,5.8,2.7,1.39,0,2,Graduate
1,8,9147,1,1,0,20,4,14.85,6,13.39,113.5,11.3,1.3,0.46,0,2,Graduate
1,4,9085,1,0,0,19,6,15.77,5,14.2,162.3,9.2,1.8,1.83,0,2,Graduate
1,6,171,1,0,0,22,5,14.86,5,12.93,148.2,9.7,1.6,-0.85,0,1,Enrolled
1,8,171,1,0,0,22,5,10.61,4,13.35,151.1,10.5,2.9,0.46,0,2,Graduate
1,10,33,1,0,0,23,5,10.36,4,10.6,178.9,8.9,1.8,0.45,0,2,Graduate
2,3,9556,1,1,0,19,4,11.23,5,16.68,174.7,8,1.5,-1.5,0,2,Graduate
1,1,9670,0,0,0,25,2,10.5,2,11.75,179.7,7.4,3.2,-0.02,1,0,Dropout
1,2,8014,0,0,0,29,1,10.79,2,11.99,180.1,7.2,0.9,0.51,1,0,Dropout
1,6,8014,1,0,0,21,5,14.79,4,16.02,156.4,4.7,1.3,0.51,0,1,Enrolled
1,5,9853,1,0,0,25,3,12.39,2,10.08,143.9,7,2.8,-1.17,1,0,Dropout
1,15,8014,1,0,1,27,1,11.3,2,10.63,140,5,0.7,0.44,1,0,Dropout
1,2,33,0,0,1,24,2,12.37,0,0,101.8,7.4,3.1,-0.62,1,0,Dropout
1,5,9070,1,0,0,18,5,11.47,6,14.15,106.2,11.4,1.3,1.12,0,2,Graduate
1,2,9085,1,0,1,21,0,0,1,10.9,124.2,10.4,1.8,-0.27,1,0,Dropout
1,6,33,1,0,1,18,4,15.54,5,15.52,179.9,11,1,-1.63,0,2,Graduate
1,17,9773,1,0,0,19,5,13.76,6,10.05,112.2,8.9,0.7,-0.79,0,1,Enrolled
1,14,171,1,0,0,23,6,15.15,5,12.56,126.7,5.2,2.6,-0.29,0,1,Enrolled
1,12,8014,1,1,0,22,6,11.7,5,13.6,159,9.3,2.8,-0.73,0,1,Enrolled
1,4,9670,1,0,0,25,2,12.3,0,0,111.2,7.1,3.2,-0.19,1,0,Dropout
1,7,8014,1,0,0,20,3,10.53,0,0,106.5,5.8,2.4,2.21,1,0,Dropout
1,16,9070,1,0,0,19,4,12.74,6,14.94,121.8,5.1,1.4,0.47,0,2,Graduate
1,11,9130,1,1,0,21,6,13.45,6,15.74,163.4,9.6,2.8,-1.68,0,2,Graduate
1,18,9085,1,0,0,19,5,14.11,6,12.92,174.1,11.4,1.9,0.74,0,2,Graduate
1,2,9670,0,0,0,21,1,10.68,1,12.34,115.8,9.7,2.7,1.05,1,0,Dropout
1,12,9853,0,0,1,28,3,10.59,0,0,131.6,5.1,2.1,-0.33,1,0,Dropout
1,5,9853,1,1,1,27,2,11.42,0,0,162.3,10.3,0.8,2.14,1,0,Dropout
1,7,9238,0,0,1,28,0,0,1,12.21,160.7,3.8,1.9,1.88,1,0,Dropout
1,9,9773,1,0,0,19,5,16.51,5,14.1,136.4,11,2.4,-1.27,0,2,Graduate
1,8,9991,1,0,0,19,4,12.38,5,14.82,142.5,9.8,2.9,-0.38,0,2,Graduate
1,14,9773,1,0,0,21,6,14.11,6,10.34,143.3,5.7,1.6,0.16,0,2,Graduate
1,13,9773,1,1,0,22,6,13.38,4,12.12,176.4,8.6,2.8,0.83,0,1,Enrolled
1,1,9085,0,0,1,29,1,10.38,2,11.85,102.6,6.6,1.9,-0.54,1,0,Dropout
1,8,9670,1,1,0,20,6,12.6,6,16.86,132.1,6.1,0.9,-0.35,0,2,Graduate
1,18,9003,1,1,0,19,6,12,5,13.08,139.8,6.6,1.2,-1.02,0,2,Graduate
1,12,9254,1,0,0,21,2,12.89,2,10.01,160.7,4.5,0.6,-1.65,1,0,Dropout
1,2,8014,1,0,0,23,4,12.34,4,16.32,111.8,8.7,2.6,0.02,0,2,Graduate
1,14,9003,1,0,0,21,6,11.56,5,10.19,126.2,8,2.7,-0.84,0,2,Graduate
1,15,9119,1,0,0,23,4,12.76,6,16.58,186.8,6.5,3.2,1.56,0,2,Graduate
1,2,9670,0,0,1,20,3,11,0,0,134.3,11.3,1.4,-1.17,1,0,Dropout
1,13,9070,1,0,0,23,6,12.76,4,14.43,102.3,7.4,2.7,-1.11,0,2,Graduate
1,8,9254,1,0,0,22,5,14.33,4,13.09,164,8.9,1.1,-0.09,0,1,Enrolled
1,4,9853,1,0,0,21,6,11.64,6,12.65,141,5.1,2.6,-0.94,0,2,Graduate
1,6,9670,1,0,0,20,4,14.2,4,12.54,125,5,1.7,-1.4,0,2,Graduate
1,5,9085,1,0,0,20,6,15.16,5,15.47,157.9,5,3.2,1.69,0,2,Graduate
1,9,9853,0,0,0,20,0,0,1,11.09,112.6,11.4,3.1,-0.04,1,0,Dropout
1,6,9500,0,0,0,26,1,11.6,1,10.75,184.1,9.3,0.5,-0.18,1,0,Dropout
1,4,9670,1,0,0,21,4,10.11,5,16.91,174.5,7.2,2.7,-1.35,0,2,Graduate
1,4,9670,1,0,0,23,5,10.57,6,10.02,169.6,11.5,3.1,0.94,0,1,Enrolled
1,18,9991,1,0,1,28,3,11.28,1,12.66,125.3,8.8,3.3,0.17,1,0,Dropout
1,9,9773,1,0,0,23,6,10.76,6,11.05,100.7,9,1,0.97,0,2,Graduate
1,14,9238,0,0,0,26,2,10.4,2,10.98,176.6,5.1,1.5,-0.51,1,0,Dropout
1,6,9119,0,0,0,19,0,0,1,11.73,113.1,11.4,0.9,-1.68,1,0,Dropout
2,14,9556,1,0,0,20,4,14.93,4,13.03,166.4,6.7,2.9,0.63,0,1,Enrolled
1,2,8014,1,1,0,19,6,15.31,5,11.91,173.2,4.1,0.8,0.02,0,2,Graduate
1,5,8014,1,0,0,25,1,10.42,2,12.29,146.9,5.2,2.1,-0.49,1,0,Dropout
1,18,33,1,0,1,21,4,14.32,5,13.18,149.1,11.2,3.3,1.53,0,2,Graduate
1,6,9147,1,0,1,29,1,11.78,1,11.69,101.3,9.5,1,0.02,1,0,Dropout
1,13,33,1,0,0,23,6,10.91,5,16.89,156.3,10.3,1.2,-0.01,0,1,Enrolled
1,16,9070,1,0,1,21,0,0,1,10.29,157.4,11,3,2.16,1,0,Dropout
1,3,9003,1,0,0,19,6,12.82,6,13.64,109.6,8.1,2.2,1.55,0,2,Graduate
1,3,9254,1,0,0,22,3,10.05,2,11.52,159.3,10.9,3,-1.65,1,0,Dropout
1,3,9853,1,0,1,18,4,10.49,6,10.59,184.2,5.8,1.9,-0.94,0,1,Enrolled
2,18,9853,1,0,1,25,2,12.35,0,0,145.9,8.4,1.6,2.13,1,0,Dropout
1,14,9254,1,0,0,23,5,11.21,6,12.14,136.9,10.6,3.2,-1.55,0,2,Graduate
1,1,33,1,0,0,19,4,16.06,4,14.95,167.4,5.1,2.9,-0.03,0,2,Graduate
1,13,9147,1,0,0,18,5,12.77,4,12.5,146.9,8.3,2.1,-0.65,0,2,Graduate
1,11,9500,1,1,0,22,6,11.45,4,13.02,149,5.4,1.9,1.41,0,1,Enrolled
1,15,9003,1,1,0,23,5,11.17,4,10.67,172.6,7.1,2.8,2.26,0,1,Enrolled
1,12,9147,1,0,0,23,6,16.07,6,10.44,129.9,4.3,1.5,-0.27,0,2,Graduate
1,11,9254,1,1,0,19,6,13.62,6,10.67,118.2,7.7,2.3,-1.3,0,1,Enrolled
1,14,9500,1,1,1,19,4,16.55,5,11.27,160.9,8.4,2.9,-1.45,0,2,Graduate
1,1,9853,1,1,0,18,5,13.11,5,13.99,130.7,7.4,1.1,-1.7,0,2,Graduate
1,11,9853,0,0,1,28,0,0,0,0,174.3,6.1,0.8,1.77,1,0,Dropout
1,13,9670,1,1,1,20,1,10.32,2,10.94,176.4,7.6,2.8,2.11,1,0,Dropout
2,10,9119,1,1,0,18,6,13.53,4,12.17,101.7,6.4,0.5,-0.41,0,1,Enrolled
1,18,33,1,1,0,19,5,16.98,5,12.22,179.6,7.1,1.3,-1.43,0,2,Graduate
1,8,33,1,0,0,19,5,11.7,5,10.73,108.6,10.8,2.4,0.66,0,1,Enrolled
1,10,9556,1,1,0,21,6,13.81,4,14.82,153.2,6.5,2.4,1.72,0,2,Graduate
1,2,9556,1,1,1,29,2,12.39,1,10.11,123.1,11.1,1.6,-0.81,1,0,Dropout
1,9,9238,1,1,0,18,5,14.16,6,13.81,172.3,6.1,2.5,-1.61,0,2,Graduate
1,10,33,1,0,0,23,6,14.15,6,13.93,162.9,3.9,0.4,2.23,0,1,Enrolled
1,4,9130,1,0,0,19,6,12.96,4,11.85,141.5,4.8,0.5,-0.4,0,2,Graduate
1,1,9119,1,0,0,19,6,13.23,6,11.36,111.7,4.8,2.3,0.29,0,2,Graduate
1,4,9238,1,0,0,19,5,16.15,4,16.21,152.5,11.1,1.4,-0.16,0,2,Graduate
1,3,9853,1,0,1,25,3,11.61,2,10.07,122.5,9.4,0.8,0.35,1,0,Dropout
1,13,8014,1,0,0,20,5,12.23,6,12.28,114.2,6.3,2.2,-0.07,0,2,Graduate
1,5,9147,1,0,0,20,4,12.96,5,16.08,167.3,5,2.4,-0.13,0,1,Enrolled
1,17,9853,1,0,0,19,4,14.51,5,15.54,142,4.8,3,1.26,0,1,Enrolled
1,1,9085,1,0,0,21,5,12.07,5,11.77,165.3,3.7,2.8,0.97,0,2,Graduate
1,6,9238,1,0,0,23,5,13.28,6,13.53,182.2,9.6,1.4,0.08,0,2,Graduate
1,10,9254,1,1,0,23,4,16.82,6,11.57,160.1,10.4,1,2.19,0,2,Graduate
1,15,9238,1,1,1,26,2,12.63,2,10.45,152.8,6.8,2.2,0.2,1,0,Dropout
1,7,8014,0,0,1,21,2,10.88,1,11.04,149.6,8.9,1.6,-1.27,1,0,Dropout
1,17,9670,1,0,0,18,6,14.58,4,12.18,120.8,11.1,1,0.12,0,2,Graduate
1,8,9085,1,0,1,20,4,12.39,6,11.92,163.6,4.2,2.1,1.43,0,2,Graduate
1,1,9238,1,0,0,22,4,14.76,6,16.44,146.9,11.5,2.5,-0.49,0,2,Graduate
1,8,9556,1,0,0,21,5,11.88,6,10.14,111.4,8.1,1.8,0.68,0,2,Graduate
1,16,9130,1,0,0,21,5,15.64,4,13.64,116.9,10.4,0.9,1.31,0,2,Graduate
1,13,9147,1,0,0,22,5,14.95,5,15.6,128.3,10.1,1.1,1.16,0,2,Graduate
1,16,9238,0,0,0,29,0,0,1,12.23,136.5,7,3.3,-1.18,1,0,Dropout
1,6,9085,1,0,1,29,1,12.61,2,11.09,175.7,11.6,3.3,-0.49,1,0,Dropout
1,5,9991,1,0,1,26,2,12.05,1,12.64,119.8,4.2,0.8,1.59,1,0,Dropout
1,5,9070,0,0,1,23,2,12.27,0,0,112.3,4.1,1.3,-1.65,1,0,Dropout
1,6,9773,1,1,0,20,6,15.33,4,16.79,177.6,8.4,3.1,-0.77,0,2,Graduate
2,11,9556,1,0,0,23,5,15.27,4,13.17,143.3,10.4,2.1,0.61,0,2,Graduate
1,4,9670,1,0,0,21,6,14.94,4,15.49,103.5,5.8,1.7,1.02,0,2,Graduate
1,2,9070,1,0,1,27,2,10.42,0,0,161,7.1,3,0.15,1,0,Dropout
1,11,9556,1,0,0,27,1,10.83,0,0,174.4,10.5,1.5,-0.51,1,0,Dropout
1,6,9070,1,0,0,22,6,11.29,5,14.33,118.2,4,0.5,1.02,0,2,Graduate
1,9,9003,1,0,0,22,5,16.25,6,13.95,132.5,10,0.4,1.25,0,2,Graduate
1,14,33,1,1,0,18,6,14.38,6,11.65,183.6,5.8,1.5,0.64,0,1,Enrolled
1,5,9853,1,0,0,22,6,10.61,6,13.11,154.7,5.9,0.9,0.26,0,2,Graduate
1,18,9003,1,0,0,21,4,16.73,6,10.21,134.9,3.8,1.6,0.75,0,1,Enrolled
1,6,9556,1,1,1,19,0,0,0,0,176.6,3.7,0.9,2.03,1,0,Dropout
1,11,8014,1,0,1,18,1,11.87,1,10.5,174.6,9.6,1.7,-0.35,1,0,Dropout
1,16,9254,1,0,0,19,4,15.09,5,16.27,100.2,10.3,1.8,0.86,0,2,Graduate
1,8,8014,0,1,1,29,0,0,1,12.7,162.7,4.4,2,-0.79,1,0,Dropout
2,11,9991,1,0,0,22,4,13.53,4,14.4,173.6,4.6,1.2,-1.1,0,1,Enrolled
1,12,8014,1,0,0,20,4,16.38,5,11.03,140.9,11.5,2.3,0.38,0,2,Graduate
1,15,9085,0,0,1,20,0,0,0,0,131.5,10.4,1.2,1.61,1,0,Dropout
1,4,9254,1,0,1,22,0,0,1,12.53,107.9,7.9,1.6,-1.31,1,0,Dropout
1,6,9130,1,0,0,29,2,10.26,0,0,173.6,6.2,2.6,0.8,1,0,Dropout
1,4,9773,1,0,0,23,4,13.34,5,10.39,135.6,9,3.3,-0.29,0,2,Graduate
1,2,9853,1,0,1,28,0,0,2,10.49,103.6,8.7,3.1,0.08,1,0,Dropout
1,1,171,1,0,1,29,0,0,2,11.98,136.3,10.8,1.2,1.16,1,0,Dropout
1,4,9130,1,1,0,21,4,14,5,15.84,125.5,9.6,1.3,-0.4,0,2,Graduate
1,3,9130,1,0,1,25,3,12.81,0,0,188.1,7.6,1,2.11,1,0,Dropout
1,4,9003,1,0,0,21,4,13.52,4,15.72,180.4,6.6,0.6,1.27,0,2,Graduate
1,7,9070,1,0,0,22,4,10.87,4,11.92,149.1,10.1,1.5,-1.69,0,2,Graduate
1,9,33,1,0,0,22,6,10.28,6,14.56,169.5,8.3,2.6,1.55,0,2,Graduate
1,7,9003,1,1,0,19,6,11.79,4,10.95,157.8,8.6,1.3,0.72,0,2,Graduate
2,16,9853,1,0,0,23,4,10.16,5,14.55,114.3,3.9,0.8,0.56,0,2,Graduate
1,6,8014,1,0,0,21,6,12.16,4,15.59,151.3,8.4,1.1,2.05,0,2,Graduate
1,11,8014,1,0,0,22,6,14.16,6,16.57,119.9,9,1.1,-0.76,0,1,Enrolled
1,6,9254,1,0,0,20,4,10.19,6,13.44,171.3,4.5,3,0.91,0,1,Enrolled
2,17,9147,1,0,0,21,4,10.13,6,14.33,171.3,8.9,1.9,-0.68,0,2,Graduate
1,18,9254,1,0,0,23,5,12.13,6,14.18,121.7,11.2,2.2,-1.26,0,2,Graduate
1,11,9130,1,0,0,22,6,12.55,4,15.9,117,6.6,2.3,0.23,0,2,Graduate
1,12,9003,1,1,0,18,5,11.52,5,10.1,189.2,7.4,2.2,2.22,0,2,Graduate
1,9,9119,1,0,0,23,5,13.28,4,10.38,110.6,10.5,3.2,0.61,0,2,Graduate
1,14,9003,1,0,0,18,4,13.74,4,13.68,159.5,5,3,0.9,0,1,Enrolled
1,18,9991,1,0,0,23,4,15.15,4,16.67,151.8,5.9,0.6,1.17,0,1,Enrolled
1,4,9556,1,0,0,21,5,16.6,6,16.88,114.8,5.2,3,2.3,0,2,Graduate
1,14,9773,1,0,0,18,4,12.22,6,13.27,186.8,5.1,2,0.11,0,2,Graduate
1,14,9254,1,0,0,18,6,13.45,4,12.4,164.8,4.8,1,0.86,0,1,Enrolled
2,11,8014,1,0,0,23,5,15.03,5,16.66,172.5,4.4,0.7,0.46,0,2,Graduate
1,2,33,0,0,1,18,2,12.5,1,10.44,187.6,10.1,1.7,-1.27,1,0,Dropout
2,3,9500,1,1,0,23,4,13.8,4,12.64,170.1,4,1.6,-1.56,0,2,Graduate
1,14,9670,1,0,0,19,4,14.04,6,14.18,119.1,11.3,2.3,-0.28,0,2,Graduate
1,3,9130,1,0,0,22,4,16.22,5,14.1,156.6,9.4,2.8,1.45,0,1,Enrolled
1,11,9070,1,0,1,20,3,10.03,2,12.65,171.6,9,0.5,0.56,1,0,Dropout
1,16,9670,1,1,0,21,5,10.99,4,11.6,132,10.1,0.4,-0.32,0,1,Enrolled
1,1,9853,1,0,0,18,5,16.86,4,14.82,171.2,5.7,3.3,-0.31,0,2,Graduate
1,13,9003,0,0,1,25,2,12.89,1,10.46,100.7,5.8,2.4,-0.98,1,0,Dropout
1,11,9500,1,0,0,23,4,16.89,6,11.86,159.3,3.8,1.2,1.68,0,2,Graduate
1,4,9003,1,1,0,20,5,12.7,6,16.63,164.4,9.1,3.3,-0.99,0,2,Graduate
1,8,9773,1,0,1,27,0,0,0,0,169.4,5.3,3.4,0.58,1,0,Dropout
1,7,9991,1,0,1,29,2,12.04,0,0,115.1,10.5,1.8,-0.61,1,0,Dropout
1,15,9556,1,0,0,19,5,14.9,5,10.64,181,9.7,1.5,-1.29,0,1,Enrolled
1,5,9500,1,0,0,19,4,13.82,4,13.92,172.9,7.7,0.5,1.9,0,1,Enrolled
1,9,9670,1,0,0,21,5,11.23,5,15.63,113.7,9.9,2.7,-0.55,0,2,Graduate
1,11,171,1,0,0,20,5,10.73,4,15.85,127.6,3.9,1.2,-0.16,0,2,Graduate
2,9,9085,0,0,0,22,2,11.72,0,0,177.4,10.5,1,-1.2,1,0,Dropout
1,15,9119,1,0,1,24,2,12.86,1,11.51,145.5,8.3,3.2,1.8,1,0,Dropout
1,4,9254,1,0,0,18,5,14.33,5,16.25,159.5,9.1,0.6,1.51,0,1,Enrolled
1,13,9130,1,0,0,20,4,15.31,6,12.25,107,6.6,1.4,2.01,0,2,Graduate
1,2,9003,1,0,0,23,4,11.87,6,14.38,165.8,4.9,0.6,0.1,0,2,Graduate
1,16,9670,0,0,0,23,0,0,0,0,155.8,6.9,2.7,-0.85,1,0,Dropout
1,10,9670,1,0,0,21,6,10.56,6,16.9,126.8,8.9,0.8,0.2,0,2,Graduate
1,7,9003,1,0,0,21,4,14.83,6,12.27,137.7,8.7,2.3,1.95,0,2,Graduate
1,18,9500,1,0,0,21,4,16.46,6,14.83,128,9.9,2.3,1.77,0,2,Graduate
2,11,33,1,0,0,20,5,12.11,6,16.74,149.6,8.4,2.7,-0.83,0,1,Enrolled
1,18,9254,1,0,0,23,6,11.47,5,12.04,134.6,5.1,1.9,-0.26,0,1,Enrolled
1,10,9773,1,0,0,26,0,0,0,0,104.2,4.6,1.9,2.12,1,0,Dropout
1,2,9991,1,1,0,18,5,10.64,6,10.72,140.4,4.9,1.9,0.08,0,1,Enrolled
1,14,9147,0,0,1,27,1,11.79,0,0,106.4,8.4,2.8,1.59,1,0,Dropout
1,17,9130,1,0,0,22,6,16.69,6,14.18,166.9,10.7,3,-0.84,0,1,Enrolled
1,12,9670,1,1,0,18,5,11.33,4,14.14,102.6,8.2,0.9,-1.4,0,2,Graduate
1,17,9254,1,0,1,25,1,10.45,0,0,117.4,11.3,1.2,1.97,1,0,Dropout
1,4,9670,1,0,0,22,6,11.67,5,12.09,134.5,8.8,3,1.79,0,1,Enrolled
1,13,9130,1,0,0,18,6,13.44,6,12.63,129.4,11.4,2.9,-0.95,0,2,Graduate
2,2,9147,1,0,0,18,5,15.87,6,11.06,117.1,9.3,1.6,1.17,0,2,Graduate
1,1,9085,1,0,1,26,1,12.79,2,10.59,142.5,9.7,2.3,1.07,1,0,Dropout
1,14,9119,1,1,0,22,5,14.8,4,14.79,165.7,8.5,0.9,0.25,0,1,Enrolled
1,3,9070,1,0,0,22,5,10.45,6,12.87,142.5,9.7,0.6,1.85,0,1,Enrolled
1,8,9773,0,0,0,21,0,0,1,12.59,105.4,9.2,3.2,-0.85,1,0,Dropout
1,18,9130,1,0,0,18,4,14.03,5,13.88,104.1,6.5,1.8,1.11,0,2,Graduate
1,16,9147,1,0,0,19,4,14.6,6,13.93,123.3,8.9,1.6,-1.08,0,2,Graduate
1,15,9147,1,0,0,20,6,14.13,4,11.62,132.3,11.6,2.7,0.95,0,1,Enrolled
1,2,9085,1,0,1,24,2,12.6,1,10.02,124.2,9.1,1.3,1.03,1,0,Dropout
1,5,9070,1,1,0,21,6,10.87,4,14.02,158.5,8,3.4,0.35,0,2,Graduate
2,18,9238,1,0,1,21,5,10.01,5,13.53,143.2,3.8,2.6,0.94,0,2,Graduate
2,14,9500,1,0,0,18,4,16.32,4,11.91,136.8,6.8,1.1,-0.8,0,2,Graduate
1,3,9991,1,0,0,19,4,10.67,4,14.18,125.3,10.1,2.5,2.24,0,2,Graduate
1,17,9070,0,0,1,29,2,10.04,1,11.78,175.3,11.3,2,1.2,1,0,Dropout
1,18,9147,1,0,0,23,6,11.54,6,10.51,173.7,5.1,3.2,-1.37,0,2,Graduate
1,11,8014,0,0,0,23,0,0,2,11.95,155.8,8.1,3.3,0.09,1,0,Dropout
1,17,9003,1,0,0,18,4,10.39,6,12.94,166.2,8.4,1.2,2.01,0,2,Graduate
1,8,9500,1,0,0,20,5,16.84,5,13.63,146.4,8.5,2.9,-1.01,0,2,Graduate
1,16,9500,1,0,1,24,0,0,0,0,167,6.9,2.4,0.54,1,0,Dropout
1,11,171,0,0,1,22,0,0,2,11.33,152.4,9.8,2.4,2.12,1,0,Dropout
1,9,9254,1,0,0,21,4,13.54,5,15.64,145.8,6.6,1.2,-1.67,0,2,Graduate
2,5,9254,1,0,0,27,2,11.72,0,0,110.1,6.5,0.9,-0.67,1,0,Dropout
2,5,9853,1,0,1,28,2,12.8,2,11.57,162,11.5,2.3,-0.69,1,0,Dropout
1,1,9085,1,0,0,19,5,12.51,5,11.12,167.1,5,2.7,-1.61,0,2,Graduate
1,3,9147,1,0,1,24,0,0,0,0,168.4,6.5,2.5,-1.63,1,0,Dropout
1,7,9003,1,1,0,19,6,13.86,4,15.42,189.7,10.5,3,1.29,0,2,Graduate
1,14,9238,1,0,0,20,4,10.31,6,15.98,123,7.4,1.1,-1.37,0,2,Graduate
1,17,9085,1,1,0,18,6,15.95,4,16.05,106.8,7.1,1.5,0.06,0,2,Graduate
2,12,9773,1,1,0,19,4,11.54,4,11.91,128.2,11.1,2.5,-1.25,0,1,Enrolled
2,14,9130,1,0,0,20,6,12.07,5,11.86,145.6,7,3.1,1.63,0,2,Graduate
1,6,9773,1,0,0,22,6,11.87,5,14.64,179.1,5,2.3,1.58,0,2,Graduate
1,15,8014,1,0,0,22,0,0,0,0,114.5,4.8,3.2,0.35,1,0,Dropout
1,5,9254,1,0,0,23,5,10.32,6,11.26,161.9,10.1,3,-0.31,0,1,Enrolled
1,18,9853,1,0,0,20,6,11.9,4,15.19,112.5,7,3.2,1.1,0,1,Enrolled
1,1,33,1,0,0,23,6,14.92,5,15.87,121.8,9.7,0.7,-0.96,0,2,Graduate
1,1,9238,0,0,1,21,0,0,1,12.83,183.9,11.5,2.9,-1.17,1,0,Dropout
1,2,9238,1,0,0,23,5,12.05,5,16.8,114.2,10.8,2.2,-0.63,0,1,Enrolled
1,10,171,1,0,0,23,1,12.24,2,11.77,181.6,6.9,0.5,2.01,1,0,Dropout
1,6,9556,1,0,1,21,6,13.78,4,16.68,109.4,9.2,1.8,-0.56,0,2,Graduate
1,1,9853,1,0,0,19,2,12.07,0,0,177.6,7.5,1.5,2.06,1,0,Dropout
1,6,9853,1,0,0,19,6,16.31,5,12.63,140.5,9.3,3.2,2.23,0,1,Enrolled
1,14,9853,1,0,0,20,6,10.2,4,10.27,184,6.5,1.5,0.81,0,1,Enrolled
1,3,9238,1,1,0,22,5,13.65,4,16.56,104.8,6.9,2.7,1.62,0,2,Graduate
1,10,9773,1,0,1,28,3,12.98,2,12.84,181.5,4.1,3.3,-0.58,1,0,Dropout
1,2,9003,1,0,1,18,4,13.45,5,10.15,157.4,6.5,1.7,1.37,0,2,Graduate
2,3,171,1,0,0,20,5,16.62,5,13.63,188.3,4,0.5,2.29,0,2,Graduate
1,10,171,0,1,1,20,0,0,0,0,162.3,4.9,3,1.42,1,0,Dropout
1,14,8014,1,0,0,18,5,11.69,4,14.62,124.6,4.5,1.7,-0.08,0,2,Graduate
1,6,9147,1,0,0,18,5,16.02,4,15.57,154.4,11.1,0.6,-0.88,0,2,Graduate
2,11,9147,0,0,0,27,3,12.2,0,0,167.4,11.5,1.9,1.18,1,0,Dropout
2,9,9238,1,0,0,22,5,15.97,5,16.85,142,6.6,1.4,1.52,0,2,Graduate
1,6,9556,1,0,0,18,6,11.67,4,11.49,154.5,7.7,0.8,0.69,0,2,Graduate
2,3,9670,1,0,0,20,6,10.01,4,14.76,131,5.1,2.8,-0.94,0,2,Graduate
1,14,9500,1,0,0,22,5,11.91,5,12.87,130.5,7.7,1.9,-1.01,0,2,Graduate
2,17,9119,0,0,1,18,3,12.5,1,11.46,147.1,9.5,0.9,-0.12,1,0,Dropout
1,14,9119,1,1,0,23,5,10.4,5,10.2,100.9,5.6,1.8,0.02,0,2,Graduate
1,6,9119,1,0,0,19,0,0,1,10.98,116,6.5,1.4,-1.02,1,0,Dropout
1,14,9853,1,0,0,23,5,14.1,5,14.27,103.2,10.4,1.7,1.44,0,1,Enrolled
1,3,9119,1,1,0,23,6,15.38,6,13.38,175,11.1,2.2,2.14,0,2,Graduate
1,10,9670,0,0,1,24,0,0,0,0,103.3,5.4,1.9,2.08,1,0,Dropout
1,8,9238,0,0,0,28,3,12.47,1,11.86,143.5,11.2,1.7,-1.32,1,0,Dropout
1,3,9085,1,0,0,21,4,10.98,6,13.28,171.5,4.6,0.8,-1.3,0,2,Graduate
1,2,9119,1,1,0,19,5,13.8,6,11.15,135.8,6.3,3.2,0.99,0,2,Graduate
2,17,171,1,0,0,22,4,12.31,4,11.02,166.3,7.9,2.6,0.31,0,2,Graduate
1,11,33,1,0,0,18,5,11.84,5,13.6,155.4,7.1,2.4,0.13,0,1,Enrolled
1,8,33,1,0,0,22,4,13.35,4,15.05,122.4,4.8,3.2,0.48,0,2,Graduate
1,12,9773,1,0,0,22,2,11.58,1,11.32,132.6,7.1,3.1,1.2,1,0,Dropout
1,4,9147,1,1,0,19,5,14.08,6,14.73,156.3,8.8,2.4,0.18,0,1,Enrolled
2,12,9003,1,0,0,18,5,15.38,6,10.44,150.2,5.6,3.1,1.91,0,2,Graduate
1,18,9254,1,0,0,23,6,13.08,5,15.37,186.5,11.6,3.1,1.11,0,2,Graduate
1,11,9500,1,0,1,29,2,11.91,1,10.41,108.1,3.8,3,-0.68,1,0,Dropout
1,5,9991,1,0,0,23,6,12.5,4,13.38,119.1,7.3,1.4,1.32,0,1,Enrolled
1,12,9130,1,0,0,22,5,15.03,5,13.25,182.9,6.1,0.6,0.16,0,1,Enrolled
1,17,9853,0,0,1,18,0,0,2,10.34,161.3,3.8,2.9,-0.47,1,0,Dropout
1,11,9130,1,0,1,19,0,0,2,12.2,165.4,8.8,2.1,-1.15,1,0,Dropout
1,3,9670,1,0,0,20,5,10.13,6,12.58,126.5,5.4,2,1.49,0,2,Graduate
1,1,9147,1,0,1,28,0,0,1,10.77,122.6,3.8,2.4,1.95,1,0,Dropout
1,15,9853,1,1,0,23,6,14.5,4,11.63,143.1,9.8,1.5,-0.6,0,2,Graduate
1,11,9119,1,0,0,20,4,13.55,5,15.45,186.5,8,1.8,1.15,0,2,Graduate
1,10,8014,1,0,0,19,4,14.1,6,13.45,184.7,4.3,2.8,1.58,0,1,Enrolled
1,8,8014,1,1,0,21,4,13.17,5,13.36,108.2,5.8,1.7,1.28,0,2,Graduate
1,13,9670,1,0,0,20,4,14.01,4,16.8,144,4,3,1.4,0,1,Enrolled
1,18,9085,1,0,0,20,6,10.49,5,16.4,184.7,6.3,1.6,0.97,0,2,Graduate
1,8,33,1,0,0,21,5,14.9,6,15.55,119.8,7.9,0.5,-0.07,0,2,Graduate
1,9,171,1,1,0,21,4,13.63,6,14.99,138,8.9,2.6,0.19,0,2,Graduate
2,15,33,1,0,0,23,5,13.5,5,10.05,121.5,10.3,3,-1.19,0,2,Graduate
1,5,9853,1,0,1,22,3,11.33,2,12,133.7,10.2,1.1,-1.34,1,0,Dropout
1,2,9119,1,0,1,18,1,11.5,1,11.85,134.5,4.1,1.4,-0.84,1,0,Dropout
1,8,9853,1,0,0,18,4,10.93,5,15.53,172.8,6.2,2.9,1.54,0,2,Graduate
1,6,9085,1,0,0,23,6,10.6,5,13.24,164.6,11.5,2.6,0.81,0,2,Graduate
1,6,9991,1,1,0,18,3,11.91,2,12.69,146.2,9.1,0.8,1.89,1,0,Dropout
1,5,9556,0,0,1,21,3,11.06,0,0,121.5,9.3,2.3,-0.39,1,0,Dropout
1,9,9147,1,0,0,19,4,12.64,6,14.42,176.7,6,1.2,0.97,0,2,Graduate
1,5,9556,1,0,0,22,6,16.87,5,16.24,175.5,5.3,2.6,-1.2,0,2,Graduate
1,17,9991,1,0,0,20,4,11.33,5,10.19,178.3,10.1,3.3,1.51,0,2,Graduate
1,16,171,1,1,0,23,5,10.54,5,13.47,172.3,4.1,2.8,1.3,0,2,Graduate
1,9,9085,1,0,0,19,6,13.57,6,13.05,172.1,11.3,3.1,-0.17,0,2,Graduate
1,10,9085,1,0,0,19,5,14.56,4,12.52,120.4,6.7,2.7,0.15,0,2,Graduate
1,5,9003,0,0,0,21,3,12.74,2,10.2,169.5,5.8,3.2,-1.29,1,0,Dropout
1,9,8014,1,0,0,24,1,10.6,1,12.39,188.5,6.8,1.8,1.52,1,0,Dropout
1,13,9238,1,0,0,23,5,14.02,5,15.16,127.8,3.9,2.3,1.75,0,2,Graduate
1,12,33,1,0,0,23,5,15.66,5,10.16,172.6,7.2,3,2.1,0,2,Graduate
1,4,8014,1,0,0,23,5,16.58,6,13.21,102.7,7.3,0.8,0.57,0,2,Graduate
1,10,8014,0,0,0,25,2,12.77,0,0,163.6,6.8,0.9,0.84,1,0,Dropout
1,1,9147,1,0,0,21,3,11.49,1,10.11,166.6,5.7,2.3,-0.69,1,0,Dropout
1,1,9670,1,0,0,21,6,15.75,6,11.41,143.3,8.4,1.7,1.1,0,2,Graduate
1,3,9085,1,0,0,21,5,14.03,5,11.32,179.2,9.5,2.6,0.79,0,2,Graduate
1,8,33,1,0,0,19,4,14.21,4,10.74,125.2,6.4,2.3,0.1,0,2,Graduate
1,2,9853,1,0,0,29,1,11.51,0,0,124.4,10.3,1.3,1.53,1,0,Dropout
1,5,9003,1,0,0,20,6,12.89,6,10.64,177.7,5.4,3.2,-1.29,0,2,Graduate
1,2,9003,1,0,0,18,4,12.73,6,10.77,184.3,10.2,1.9,0.46,0,2,Graduate
1,10,9070,1,0,1,18,1,10.56,0,0,153.9,7.3,1.4,-0.29,1,0,Dropout
1,11,9991,1,1,0,21,5,14.67,4,13.71,159.7,4.3,1,-1.2,0,2,Graduate
1,3,9003,1,0,1,29,2,11.43,1,11.53,129.4,7.7,2,2.15,1,0,Dropout
2,17,9991,1,0,1,20,6,14.18,6,15.18,161.3,4,0.9,-1.13,0,2,Graduate
1,17,9556,1,0,0,21,4,10.04,6,12.87,181,9.1,0.8,0.18,0,2,Graduate
1,2,9670,1,0,0,20,6,13.32,5,11.4,143.6,5.2,2.2,0.76,0,2,Graduate
1,11,9119,1,0,1,21,3,11.95,2,12.69,120.5,9.8,1.9,-0.1,1,0,Dropout
1,4,9003,1,0,1,29,3,10.63,1,11.05,112.1,3.6,1.5,-0.81,1,0,Dropout
1,6,9991,1,0,1,27,3,10.64,1,12.21,139.1,9.3,0.7,0.45,1,0,Dropout
1,16,9773,1,0,0,20,6,10.33,4,11.44,165.7,11.3,1.9,0.46,0,2,Graduate
1,3,33,0,0,1,20,0,0,2,12.69,174.6,10.7,2,0.56,1,0,Dropout
1,5,9670,0,0,0,24,0,0,1,10.78,109.7,6.1,3.2,2.21,1,0,Dropout
1,15,9130,1,0,0,19,5,10.26,5,15.9,148.4,10.9,0.8,1.34,0,2,Graduate
1,4,9070,1,0,0,23,6,11.38,6,12.79,109.9,8.1,1.7,0.2,0,2,Graduate
1,8,9130,1,0,0,18,4,13.56,5,13.32,138.4,5.7,1.5,1.16,0,2,Graduate
1,17,9147,0,0,1,20,1,10.13,0,0,138.5,4.9,3.1,-0.43,1,0,Dropout
1,16,9773,0,0,1,27,0,0,0,0,114.9,6.4,0.6,2.27,1,0,Dropout
1,16,9773,1,0,0,21,4,14.97,5,13.59,116.8,7.9,0.5,-1.54,0,1,Enrolled
1,14,9773,1,0,1,19,6,13.27,4,13.55,183.5,4,2.8,0.1,0,2,Graduate
1,12,9147,1,0,0,18,5,13.51,6,12.54,136.8,4.5,2,2.2,0,2,Graduate
1,3,9853,1,0,0,20,6,13.44,6,12.48,109.5,9,2.4,-1.21,0,2,Graduate
1,15,9238,1,1,0,21,6,11.32,5,12.4,119.9,3.6,3.1,0.68,0,2,Graduate
1,4,9085,1,0,0,18,5,12.16,5,12.92,101.3,11.4,0.7,-1.44,0,2,Graduate
1,9,9670,1,0,0,25,1,10.25,0,0,149.5,7.9,2.1,-0.78,1,0,Dropout
1,15,9238,1,0,0,19,4,14.16,6,13.32,114.1,4.1,2.6,-0.19,0,1,Enrolled
2,7,9070,1,0,1,21,4,16.06,4,11.79,134.1,11.3,2.3,-1.42,0,1,Enrolled
1,12,9773,1,0,0,21,6,12.4,4,16.24,125,8.6,2.2,1.83,0,2,Graduate
1,2,9254,1,0,0,21,5,15.79,6,11.83,171.5,3.7,1.3,-0.25,0,2,Graduate
1,10,171,1,0,0,22,6,15.08,6,11.75,184.2,4.2,2.6,0.64,0,2,Graduate
1,9,9003,1,0,0,19,4,12.41,5,16.76,113.2,5.3,3.1,-1.56,0,2,Graduate
1,8,9070,1,0,0,18,4,14.39,6,15.6,134.8,6.2,2.4,-1.23,0,2,Graduate
1,2,9991,1,0,0,18,6,10.21,5,16.01,103.5,3.7,3.1,-0.71,0,1,Enrolled
2,4,9254,1,1,0,20,4,15.96,4,15.25,149.2,7.5,2,0.21,0,1,Enrolled
2,5,33,1,1,0,23,6,16.38,4,11.95,130.7,5.7,2.8,0.02,0,2,Graduate
1,9,9119,1,0,1,20,2,11.35,2,11.25,107.7,9.8,0.6,-0.9,1,0,Dropout
2,7,171,1,0,0,21,5,11.18,4,11.55,149,6.5,2.8,0.23,0,2,Graduate
1,13,9773,1,0,1,26,0,0,2,12.54,187.5,8.8,3.2,-0.47,1,0,Dropout
1,4,9670,1,1,0,21,6,11.66,6,16.15,182.3,9.7,0.9,2.28,0,2,Graduate
1,2,9773,1,0,0,19,4,10.48,5,12.35,172.9,8,3.3,-0.82,0,2,Graduate
1,13,171,1,1,0,20,4,14.68,4,15.7,127.7,11.6,2.1,1.53,0,2,Graduate
1,9,9085,1,0,0,18,4,16.1,6,13.62,187.1,8.1,2.4,-0.57,0,2,Graduate
1,11,9238,1,0,0,27,1,11.53,2,10.61,161.7,6.8,2.4,1.76,1,0,Dropout
1,10,9773,1,0,1,20,1,12.7,1,11.67,125.7,9.8,2.5,-0.31,1,0,Dropout
1,17,9773,1,0,0,21,4,11.4,5,15.78,157.6,3.9,2.8,2.22,0,2,Graduate
2,5,9238,0,0,0,18,2,12.56,1,10.05,161.4,7.7,1,1.85,1,0,Dropout
1,10,9130,1,0,0,21,5,16.98,4,14.21,131.7,4.2,1,-1.15,0,2,Graduate
1,10,9147,1,0,1,19,1,12.54,1,11.16,145.4,7.2,2.1,-0.33,1,0,Dropout
1,9,9070,1,0,1,21,5,12.66,4,10.63,115.7,11.3,1.6,1.99,0,1,Enrolled
1,10,9853,1,0,0,18,2,10.98,0,0,172.8,6.4,2.4,-0.39,1,0,Dropout
1,9,9556,1,0,1,29,1,11.59,0,0,178.7,11.4,1.7,1.48,1,0,Dropout
1,14,9003,1,0,0,22,4,15.48,4,13.83,104.6,5.8,0.6,1.96,0,2,Graduate
1,8,8014,1,0,1,19,3,11.29,2,10.42,182.8,7.5,2,-1.45,1,0,Dropout
1,4,9991,1,0,0,20,6,13.89,4,10.92,108.8,4.3,1.5,0.49,0,2,Graduate
1,18,9147,0,0,0,22,0,0,1,10.63,154.1,5.6,2.5,-0.13,1,0,Dropout
2,1,9119,1,0,0,23,4,15.86,4,10.78,130.3,7.2,3,-1.09,0,2,Graduate
1,2,33,1,0,0,19,6,12.18,5,16.87,189.1,9,1.3,1.08,0,2,Graduate
2,13,9500,1,0,0,20,6,13.9,6,15.84,189.3,5.7,0.8,-0.24,0,2,Graduate
1,15,33,1,0,0,18,6,12.42,4,14.59,182,10.4,3.1,1.94,0,1,Enrolled
1,11,9147,1,0,0,21,4,15.76,6,14.11,132.9,3.9,3.2,0.25,0,2,Graduate
1,2,9130,1,0,0,22,5,16.97,6,10.03,168.4,10.7,2.1,0.21,0,2,Graduate
1,1,9500,1,0,1,26,2,10.45,0,0,135.7,5.9,1.1,2.08,1,0,Dropout
1,8,8014,1,0,0,20,5,13.27,6,12,130.7,9.8,1.3,-1.01,0,2,Graduate
1,15,9085,1,1,0,18,6,11.09,6,16.36,171.3,10.2,0.8,0.99,0,2,Graduate
1,15,9991,1,1,0,26,3,12.23,2,10.95,135.3,10.2,1.1,0.83,1,0,Dropout
1,17,9119,0,0,1,24,3,10.92,1,12.5,112,6.7,2.7,2.19,1,0,Dropout
1,7,171,1,0,1,19,6,15.03,4,14.1,120.9,11.5,2.7,-1.63,0,2,Graduate
2,10,9670,1,0,1,18,6,12.56,4,14.3,139.5,4.3,0.8,-0.16,0,2,Graduate
2,5,9556,1,1,0,20,5,10.14,4,12.77,184.9,11.1,1.2,-1.11,0,1,Enrolled
1,17,9670,0,0,1,24,3,11.77,0,0,100.2,8.3,1.6,0.73,1,0,Dropout
1,11,9130,1,1,0,18,6,12.51,6,15.42,110.8,10.2,1.5,1.81,0,2,Graduate
1,2,9085,1,0,1,21,5,10.75,6,15.31,107.9,3.7,1.9,1.07,0,1,Enrolled
1,13,9670,1,0,0,20,6,12.82,6,14.07,119.2,10.2,1.1,1.27,0,1,Enrolled
1,15,33,1,1,0,18,6,14.9,5,13.16,179.3,5.8,3.2,2.07,0,2,Graduate
1,9,9853,1,1,0,18,5,16.23,5,11.05,107,11.5,2.9,-1.33,0,1,Enrolled
1,3,9500,1,0,0,22,5,14.79,6,10.19,177.4,5.2,1.5,0.34,0,1,Enrolled
1,17,9147,1,0,0,26,2,12.99,0,0,109,5,2.3,2.17,1,0,Dropout
1,9,9773,1,0,0,22,4,16.09,4,13.02,159.4,9.7,0.9,-0.03,0,2,Graduate
2,2,171,1,0,0,19,5,12.03,4,10.79,120.5,9,2.4,0.07,0,2,Graduate
1,6,9119,1,0,0,23,6,14.31,5,16.35,121.9,7.3,2.5,-0.61,0,1,Enrolled
1,18,9500,1,1,0,19,6,13.15,5,16.9,141.7,6.6,2.7,1.46,0,2,Graduate
1,13,8014,1,1,0,23,4,14.16,6,15.16,170,8.7,2.8,1.38,0,2,Graduate
1,9,9556,1,1,0,18,4,15.19,4,11.04,129.6,9,2,1.44,0,2,Graduate
1,14,8014,0,0,1,28,0,0,1,11.6,151,5.3,1.2,-0.32,1,0,Dropout
1,13,9670,1,0,0,21,5,13.76,4,16.64,142.1,5.8,1,-1.13,0,2,Graduate
1,9,9070,1,0,0,19,5,16.41,4,10.05,184.6,6.3,1.1,0.62,0,2,Graduate
1,9,9500,1,0,0,19,4,14.58,4,16.36,160.5,10.9,2.2,-1.6,0,2,Graduate
1,5,9991,1,0,0,22,6,16.93,6,12.74,105.9,6.1,2.8,-0.33,0,2,Graduate
1,15,9003,1,0,0,21,5,14.6,6,13.32,119.6,4.6,3,2.15,0,2,Graduate
1,2,9853,1,0,0,23,4,11.33,6,14.5,109.1,6.6,3.4,-1.41,0,2,Graduate
1,10,9254,1,0,0,22,5,13.56,6,14.26,142.7,3.8,1.5,-0.93,0,2,Graduate
1,10,9003,1,0,0,18,6,10.79,5,12.57,111.9,9.5,0.5,1.38,0,1,Enrolled
1,14,9500,0,0,0,29,0,0,1,11.75,139.6,6.4,2.9,0.25,1,0,Dropout
1,4,171,1,0,0,18,6,12.32,5,13.51,174.2,9.7,0.6,1.8,0,1,Enrolled
1,11,9238,1,0,0,23,4,14.22,5,16.32,102.9,7.1,2.2,1.08,0,1,Enrolled
1,11,9853,1,0,0,19,4,12.48,6,16.54,168.4,3.9,3.2,2.1,0,1,Enrolled
1,17,171,1,0,0,19,5,14.98,5,13.2,121.2,9.7,2.7,-0.97,0,1,Enrolled
1,14,9130,0,0,1,19,0,0,2,10.41,172.3,9.8,1.8,-1.61,1,0,Dropout
1,7,9070,1,0,1,26,3,10.92,2,10.72,162.6,11.1,2.1,0.03,1,0,Dropout
1,14,9773,1,0,0,19,5,15.11,4,11.67,177.8,6.1,1.4,-0.78,0,1,Enrolled
1,2,8014,1,0,1,22,0,0,2,12.26,113.6,7.7,3.1,1.06,1,0,Dropout
1,15,9556,1,0,0,20,4,10.29,6,12.56,114.7,9,1.8,0.43,0,2,Graduate
1,5,9670,1,0,0,23,4,15.87,5,11.63,167.2,4.7,1,1.86,0,2,Graduate
1,6,33,1,0,1,29,2,11.43,1,10.21,171.8,8.4,3.2,-0.98,1,0,Dropout
1,4,9500,1,1,1,27,1,10.15,0,0,153.1,5.2,3,-1.2,1,0,Dropout
1,5,9670,1,0,0,20,4,16.11,5,13.28,147,5.1,0.9,-0.56,0,2,Graduate
1,2,9070,1,0,0,23,6,15.49,4,10.02,126.7,7.7,1.9,1.77,0,1,Enrolled
1,11,171,1,1,0,21,6,10.89,6,15.3,178,10.4,0.4,-1.35,0,2,Graduate
1,10,9070,1,0,0,21,3,10.44,0,0,175.5,7.5,2,-1.49,1,0,Dropout
1,5,9003,1,0,0,22,4,15.28,5,12.38,109.5,11,0.8,-1.19,0,2,Graduate
1,8,9556,1,1,0,20,0,0,1,10.12,105.4,10.9,2.4,0.56,1,0,Dropout
1,10,9254,1,0,0,21,3,12.66,0,0,107.6,8.4,1.8,0.95,1,0,Dropout
1,5,9147,1,0,1,23,3,11.77,2,10.53,178,8.8,1.2,0,1,0,Dropout
1,4,9991,1,0,0,19,4,14.78,5,12.64,124.6,5.4,3,-1.4,0,2,Graduate
1,15,9500,1,0,0,19,4,14.15,5,14.15,101.6,9.4,3.3,0.14,0,2,Graduate
1,12,9119,1,0,0,21,4,12.69,4,11.57,100.2,4.8,3.3,0.52,0,2,Graduate
1,6,171,0,0,0,20,2,11.07,1,10.52,114,10.8,2.6,-0.27,1,0,Dropout
1,13,9670,1,0,0,20,6,11.11,5,16.43,138.1,10.7,2,-0.34,0,2,Graduate
1,17,9500,1,1,0,23,4,15.54,6,14.98,168.7,7.9,1.7,1.6,0,2,Graduate
1,13,9853,1,1,0,20,4,12.15,6,12.29,118.7,9.1,2.9,-0.56,0,1,Enrolled
2,15,9670,1,0,0,20,5,10.92,4,14.06,171,9.3,2.9,-0.1,0,1,Enrolled
1,5,9070,1,0,0,18,4,11.75,5,10.93,151.3,4.4,0.5,-1.38,0,2,Graduate
1,4,9500,1,0,0,21,5,15.08,5,12.9,113.2,5.6,2.3,1.32,0,1,Enrolled
1,16,9991,1,0,0,21,4,16.41,6,16.57,180.3,8.6,2.2,1.78,0,1,Enrolled
1,1,9238,1,0,1,21,1,11.37,2,12.63,156.4,6,1.5,0.27,1,0,Dropout
1,6,8014,1,0,1,18,2,11.12,1,11.17,148.7,10.9,0.6,1.73,1,0,Dropout
1,10,9670,1,0,0,20,5,14.57,6,16.44,183.6,6.9,2.7,-0.83,0,2,Graduate
1,7,9119,1,0,0,18,6,11.62,5,13.1,144.4,11.5,3.3,0.95,0,2,Graduate
1,2,9130,1,0,1,25,0,0,1,11.66,137.8,11.4,0.6,2.03,1,0,Dropout
1,8,9991,1,0,0,19,6,11.1,5,15.3,180.6,11.4,1.2,1.17,0,2,Graduate
1,15,9003,1,1,0,19,6,12.51,5,14.99,124.2,7.3,3.4,-1.55,0,1,Enrolled
1,7,9085,0,0,1,25,3,11.55,1,10.53,154.4,11.3,2.4,2.02,1,0,Dropout
1,6,9119,1,0,0,21,5,15.72,5,16.57,126.1,9,0.8,-1.63,0,2,Graduate
1,18,33,0,0,0,28,0,0,1,11.94,112.7,7,1,0.23,1,0,Dropout
1,7,9556,1,0,0,27,2,12.02,2,12.26,126.6,4.1,1.8,-1.69,1,0,Dropout
1,8,9254,1,0,0,23,6,15.38,5,13.45,179.1,7.8,1.3,2.14,0,2,Graduate
1,11,9254,1,0,0,21,4,13.46,5,12.83,156.4,9.4,1.3,1.36,0,2,Graduate
1,1,9147,1,0,0,22,6,15.65,6,13.13,139.3,11,2.2,-1.34,0,2,Graduate
1,12,9773,1,0,0,23,4,15.41,4,14.52,188.3,10.5,1.2,-1.17,0,2,Graduate
1,15,9003,1,1,0,23,5,15.67,6,11.68,111.2,4.4,0.9,2.14,0,2,Graduate
1,18,171,1,1,1,27,1,10.95,2,11.34,102.5,8.5,1.9,0.95,1,0,Dropout
1,5,9085,1,1,0,18,5,14.95,5,15.25,150.6,10.2,1,-1.46,0,2,Graduate
1,8,9670,1,0,1,24,1,10.98,2,10.66,167.8,9,1.7,-1.17,1,0,Dropout
1,16,9991,1,0,0,22,6,14.33,5,16.41,118.4,4.7,1.3,-0.25,0,1,Enrolled
1,5,9003,0,0,1,21,2,10.56,2,10.34,175.4,9,3.2,0.85,1,0,Dropout
1,2,9991,0,0,1,29,2,10.06,2,10.52,128.2,6.9,0.9,0.01,1,0,Dropout
1,7,9500,1,0,0,18,6,10.9,5,11.43,116.2,5,3.2,0.22,0,2,Graduate
1,4,9670,1,0,0,19,5,10.01,4,14.24,126.9,5.9,1,0.9,0,2,Graduate
1,14,9070,1,0,0,22,6,14.19,4,14,122,6.4,0.4,-0.48,0,2,Graduate
1,5,9119,1,1,0,22,4,15.42,5,13.7,139.9,10.1,2.4,-0.45,0,1,Enrolled
1,12,8014,1,0,1,19,1,11.66,2,10.97,157.8,9.8,2.8,1.35,1,0,Dropout
1,3,9119,1,0,0,21,6,16.44,5,12.46,145.7,5.8,2.7,-0.36,0,2,Graduate
1,17,9773,1,0,0,22,5,10.18,6,16.4,104,8.2,0.8,-0.77,0,2,Graduate
2,18,9147,1,0,0,19,5,16.13,4,13.86,175.5,10.4,2.6,0.2,0,1,Enrolled
1,3,9070,1,0,0,23,5,10.69,4,10.66,128.4,7.5,2.1,-1.49,0,2,Graduate
1,16,9130,1,0,0,23,4,12.01,6,15.32,172.6,4.8,2.6,1.73,0,2,Graduate
1,4,171,1,0,0,21,2,11.88,0,0,158.2,6.1,0.5,0.74,1,0,Dropout
1,14,9238,1,0,0,23,4,12.17,5,16.91,104.5,10.4,3.1,-0.72,0,2,Graduate
1,16,9119,1,0,0,23,6,16.06,6,12.15,163.1,10.8,2,1.62,0,1,Enrolled
2,5,9147,1,1,0,25,3,10.3,2,12.54,122.5,6.9,2.3,1.53,1,0,Dropout
2,10,9130,1,0,0,23,5,14.9,4,11.01,181.3,10.4,3.2,1.98,0,1,Enrolled
1,11,9991,1,0,0,23,6,14.78,5,15.73,135.5,3.7,1.8,1.03,0,2,Graduate
1,17,9130,1,0,0,18,2,11.75,0,0,140.2,9.9,2.6,1.84,1,0,Dropout
1,1,9254,1,0,0,23,5,10.3,5,16.21,133.5,10.8,1.9,-1.49,0,2,Graduate
1,12,9070,1,0,0,21,1,11.65,1,10.58,104.3,4.1,3.4,2.28,1,0,Dropout
1,9,9500,1,0,0,18,5,12.57,6,14.56,148.5,4.2,2.9,1.2,0,1,Enrolled
1,4,8014,1,1,0,18,4,12.95,4,15.05,123.1,9.1,2.9,1.23,0,2,Graduate
1,12,9254,0,0,1,27,1,10.2,2,11.81,117.5,5.7,3.1,-0.14,1,0,Dropout
1,7,8014,1,0,0,22,1,10.96,2,11.04,163.7,9.5,0.7,-0.41,1,0,Dropout
1,1,9773,0,0,0,25,0,0,2,10.41,113.8,7.9,1.7,-0.86,1,0,Dropout
1,11,9254,1,1,0,22,6,13.21,6,14.42,122,5.3,0.6,-1.59,0,2,Graduate
1,17,9670,1,0,0,19,6,11.46,4,16.97,146.2,8,1.3,1.81,0,2,Graduate
1,8,9003,1,1,0,18,5,15.35,6,15.71,119.7,4.2,1.3,2.05,0,2,Graduate
1,18,9085,1,0,0,27,0,0,0,0,165.4,3.9,2.5,0.54,1,0,Dropout
1,6,9003,1,0,0,18,4,16.51,6,13.27,145.4,4.5,0.7,1.49,0,2,Graduate
1,6,9254,1,0,0,19,5,16.39,5,10.06,151.8,8,0.5,0.43,0,1,Enrolled
1,13,9070,1,1,0,19,4,11.29,6,15.69,175.3,4.6,2.5,0.85,0,1,Enrolled
1,18,171,0,0,0,21,1,10.93,0,0,178.1,6.4,3.2,1.46,1,0,Dropout
2,14,9556,1,1,0,19,4,14.89,6,16.97,118.9,9.4,3,-1.23,0,2,Graduate
1,4,171,1,0,0,21,6,11.14,4,13.35,140.2,4.2,2,1.43,0,2,Graduate
1,8,9147,0,0,1,20,1,11.8,1,11.78,144.2,5.9,2.8,1.02,1,0,Dropout
1,9,9773,1,1,0,18,5,15.8,4,15.25,138.7,9.3,2,1.52,0,2,Graduate
1,9,9130,1,0,0,23,4,15.06,5,10.47,115.3,10.7,0.9,0.29,0,2,Graduate
1,10,8014,1,0,0,19,6,11.14,6,16.45,188.9,6.8,2,-0.28,0,2,Graduate
1,13,9500,1,0,0,18,6,16.13,4,12.5,130,9.7,2.8,1.32,0,2,Graduate
2,13,9085,1,0,0,22,6,10.03,6,13.8,116.5,4.8,2.6,-0.11,0,1,Enrolled
1,13,171,1,0,0,22,4,11.83,6,12.08,121.9,6.3,3,-0.45,0,2,Graduate
1,5,171,1,0,0,19,0,0,1,12.87,116.8,7.5,0.9,-1.11,1,0,Dropout
1,6,9500,1,0,0,19,0,0,0,0,108.9,5.8,2,-0.01,1,0,Dropout
1,1,171,1,0,0,18,3,10.87,1,11.82,133.4,10.8,2.3,0.31,1,0,Dropout
1,4,8014,1,0,0,22,0,0,0,0,105.3,10.2,3,-1.5,1,0,Dropout
1,11,9147,1,0,1,28,2,10.64,1,11.34,173.4,6.2,1.6,0.7,1,0,Dropout
2,1,33,0,0,1,20,2,11.76,0,0,143.3,9.2,3.2,-1.58,1,0,Dropout
2,13,9085,1,0,0,22,2,10,0,0,177.3,5,1.1,-0.27,1,0,Dropout
1,8,9556,0,0,1,25,2,10.27,1,10.66,119.8,11.2,2.5,2.18,1,0,Dropout
1,1,9254,1,1,0,22,6,15.07,5,16.6,157.9,5.6,2.3,1.48,0,2,Graduate
1,6,9130,1,0,0,21,6,11.63,4,16.01,100.6,4.1,0.7,-0.46,0,2,Graduate
2,15,9119,1,0,1,19,0,0,0,0,174.4,7.5,1.4,-1.59,1,0,Dropout
1,16,9147,1,0,0,21,5,13.48,4,16.05,161.5,7.9,2.5,-0.14,0,2,Graduate
1,9,9238,0,0,1,27,3,10.3,1,10.55,116.6,8.5,1,1.03,1,0,Dropout
1,14,171,1,0,0,22,6,15.94,6,13.13,157.4,9.8,2.4,0.01,0,2,Graduate
1,7,33,1,0,0,19,5,12.44,5,12.04,137.7,9.4,2.5,2.11,0,2,Graduate
1,2,9853,1,0,1,19,5,16.11,4,12.12,181.6,5.3,0.4,1.71,0,2,Graduate
1,8,9070,1,1,0,23,5,16.5,4,14.87,112.6,9.7,1.1,1.9,0,1,Enrolled
1,5,9670,1,0,0,19,5,11.02,4,14.42,162.6,9.5,0.9,0.68,0,2,Graduate
1,1,171,1,0,0,19,6,14.16,4,12.28,167,6.7,3,0.79,0,2,Graduate
1,12,9003,0,0,0,26,2,11.68,1,11.31,125.4,9.1,2.7,0.5,1,0,Dropout
1,10,9070,1,1,1,22,4,16.54,5,12.71,149.3,8,2.1,0.84,0,2,Graduate
1,18,171,1,0,0,19,4,10.86,4,16.95,140.2,9.7,0.8,-1.6,0,2,Graduate
2,13,9556,1,0,0,23,0,0,0,0,100.6,10.4,1.2,1.62,1,0,Dropout
1,18,9254,0,0,0,20,3,12.74,1,11.85,126.4,11.5,1.1,-1.15,1,0,Dropout
1,6,9670,1,1,0,20,6,12.28,5,16.37,173.5,9.5,1.5,0.59,0,2,Graduate
1,5,33,0,0,0,23,1,12.87,0,0,161.3,4.3,0.6,1.3,1,0,Dropout
1,13,9773,0,0,1,29,0,0,2,10.04,115.2,10,2.4,-0.81,1,0,Dropout
2,6,9991,1,0,0,18,4,16,4,15.5,177.7,9.3,1.3,1.97,0,2,Graduate
1,11,9254,1,0,0,19,5,12.84,5,11.97,112.5,4.5,2.6,1.19,0,1,Enrolled
1,5,9003,1,1,1,18,6,15.3,5,16.53,157.8,8.2,0.9,1.34,0,2,Graduate
1,12,9003,1,0,0,23,4,13.61,5,11.3,141.4,7.1,1.9,-1.56,0,1,Enrolled
1,7,9003,1,1,0,18,6,11.88,4,10.56,155.6,8.8,2.8,-0.46,0,2,Graduate
1,15,9556,1,1,0,19,6,11.16,4,13.63,165.2,10.9,1.3,1.81,0,1,Enrolled
1,4,9085,1,0,0,22,4,10.06,5,12.32,104.6,8.3,2,1.18,0,2,Graduate
1,17,9500,1,0,1,23,2,11.67,1,11.24,140.5,4.6,2,-0.15,1,0,Dropout
1,1,33,1,1,0,18,5,14.5,4,12.92,102.7,7.2,1.9,-0.61,0,1,Enrolled
1,16,9254,0,0,1,25,2,11.48,0,0,102,7,1.6,1.02,1,0,Dropout
1,1,9070,1,0,0,18,6,15.88,5,12.71,103,9.7,0.9,-0.6,0,2,Graduate
1,1,33,0,0,1,21,2,11.26,1,10.41,132.3,8,3.2,1.65,1,0,Dropout
1,6,9085,1,1,0,21,5,10.14,6,11.89,131.5,6.7,0.6,0.83,0,1,Enrolled
1,2,9147,0,0,1,21,2,10.46,1,12.73,130.5,5.8,2.4,2.19,1,0,Dropout
1,7,9670,1,0,0,23,4,10.73,6,11.63,165.5,9.8,1.5,-1.53,0,1,Enrolled
1,16,9238,1,0,1,24,3,12.9,1,12.1,171.5,5.1,2.5,-1.35,1,0,Dropout
2,16,9500,1,0,1,24,3,10.12,1,10.43,134.1,10.2,1.6,0.84,1,0,Dropout
2,3,33,1,1,0,22,4,16.72,4,15.38,175.8,8.1,1,1.12,0,1,Enrolled
2,9,8014,1,0,0,23,3,11.82,0,0,185.8,6.8,1.9,1.64,1,0,Dropout
1,16,9773,1,0,0,21,4,13.57,6,11.22,127.6,9,3,1.58,0,2,Graduate
2,1,9670,1,0,1,23,1,12.64,0,0,164.3,6.6,1.3,-1.38,1,0,Dropout
1,13,9085,1,0,0,18,6,16.26,4,11.46,169.4,10.5,1.5,1.71,0,1,Enrolled
1,11,9500,1,0,0,20,5,13.82,5,14.99,100,7,0.8,-0.31,0,2,Graduate
1,7,9147,1,0,0,22,5,10.23,6,10.02,174,11.1,1.4,1.47,0,2,Graduate
1,10,9991,1,0,0,23,6,13.17,6,16.92,128.2,8.6,2.8,1.76,0,2,Graduate
1,14,33,1,0,0,19,5,13.81,5,10.26,136.3,10.6,2.8,0.72,0,2,Graduate
2,2,9119,1,0,0,19,6,16.16,6,13.94,150.6,6,1.6,-0.62,0,2,Graduate
1,18,171,1,0,0,21,4,12.53,5,16.38,101.6,4.9,1.3,1.19,0,2,Graduate
1,4,9238,1,0,0,19,5,12.63,4,10.69,128.3,9.5,1.4,-1.45,0,2,Graduate
1,12,9130,1,0,0,21,4,13.26,6,11.48,188.3,3.7,2.9,0.84,0,1,Enrolled
1,12,9085,1,0,1,29,1,11.67,2,10.67,180.6,5.9,0.4,1.52,1,0,Dropout
1,8,9670,1,0,0,21,4,11.83,5,16,119,11.3,1.1,1.88,0,2,Graduate
1,8,9773,1,0,0,29,2,11.71,1,10.74,112.3,9.1,1.5,1.22,1,0,Dropout
1,1,9238,0,0,1,20,1,11,2,12.82,109.2,10.3,1,1.8,1,0,Dropout
1,1,8014,0,1,1,22,0,0,0,0,133.7,9.9,0.5,-1.25,1,0,Dropout
2,5,9556,1,0,0,27,1,12.95,2,10.33,186.6,9.4,1.8,-1.49,1,0,Dropout
1,16,9670,0,0,1,27,0,0,1,12.91,119.2,5.2,3.4,-0.46,1,0,Dropout
1,17,9147,1,0,0,28,1,10.06,1,10.91,167,9.1,2.4,0.07,1,0,Dropout
1,18,9853,1,0,0,22,5,11.26,6,15.77,148.2,9.6,3.2,-0.79,0,2,Graduate
1,11,9070,1,1,1,27,3,11.61,2,11.91,183,10.6,1.3,-0.46,1,0,Dropout
1,14,171,0,0,0,19,3,12.56,0,0,101.5,11.3,0.4,0.36,1,0,Dropout
1,1,9070,1,1,0,18,6,11.48,4,13.52,115.8,7,1.5,0.16,0,1,Enrolled
1,5,171,1,0,1,19,5,13.73,4,12.39,113.2,7.8,1.2,-1.03,0,2,Graduate
1,13,9500,1,1,0,21,6,14.71,5,10.94,107.4,5.5,3.2,-0.66,0,2,Graduate
2,1,9254,1,0,1,23,3,11.38,0,0,117.2,4.3,2.4,-1.37,1,0,Dropout
1,12,9003,1,0,0,22,4,11.6,6,14.1,185,10.2,2.8,0.94,0,2,Graduate
1,18,8014,1,0,0,22,4,14.97,5,14.15,143.7,9.2,3.2,-0.03,0,2,Graduate
1,2,9773,1,0,0,22,6,16.55,6,16.33,189,3.8,1.8,-1.17,0,2,Graduate
1,14,9003,1,0,0,23,6,15.2,4,10.77,135.3,4.7,1.2,1.93,0,1,Enrolled
1,6,9853,1,1,0,22,4,14.99,5,11.27,143.5,9.9,1.1,0.21,0,2,Graduate
1,1,9147,1,0,0,19,4,15.93,6,11.37,132.8,10.7,1.8,-1.5,0,2,Graduate
1,16,9500,0,0,1,23,3,12.07,2,10.56,119.2,5.5,1.1,1.73,1,0,Dropout
1,13,9853,1,0,1,24,0,0,2,11.19,169.6,5.1,1.7,-1.68,1,0,Dropout
1,17,8014,1,0,1,29,3,12.18,1,10.6,160.7,5.2,1.3,1.58,1,0,Dropout
1,11,9070,0,0,0,29,2,12.43,2,10.3,128.2,5.5,0.9,-1.31,1,0,Dropout
1,12,9119,1,0,0,20,5,11.58,4,15.67,134.1,7,2.4,1.86,0,2,Graduate
1,17,9238,1,0,0,19,6,12.6,4,16.85,180.9,11.2,0.5,1.23,0,2,Graduate
1,7,9238,1,0,0,19,5,16.1,5,10.8,127.8,9.8,3.1,1.59,0,2,Graduate
2,9,9003,0,0,0,24,2,12.46,2,11.35,179.3,11.2,2.1,0.07,1,0,Dropout
1,2,9991,1,0,1,27,0,0,1,13,145.1,7.3,2.6,-0.21,1,0,Dropout
1,14,9070,1,0,0,22,4,10.12,5,16.63,178.2,9.2,1.6,-0.17,0,1,Enrolled
1,13,9070,1,0,1,20,5,10.53,6,11,184.5,10.2,0.9,-1.6,0,2,Graduate
1,7,9119,1,1,0,18,4,12.49,6,12.74,172.7,10.9,1.1,0.1,0,2,Graduate
1,18,9853,1,0,0,19,6,14.3,4,10.62,129,11.3,0.7,0.86,0,1,Enrolled
2,18,33,1,0,1,23,2,10.46,1,10.06,181.5,7,2.2,-0.18,1,0,Dropout
1,8,171,0,0,1,21,2,10.93,1,12.78,101.2,10.3,1.4,0.65,1,0,Dropout
1,1,9070,0,0,1,22,0,0,0,0,143.1,7.6,3.3,0.74,1,0,Dropout
1,2,9085,0,0,1,21,1,10.85,0,0,138.2,6.4,3.2,1.78,1,0,Dropout
1,11,9085,1,0,1,27,2,10.61,1,12.82,181.5,3.8,1.1,0.69,1,0,Dropout
1,9,9238,1,0,0,20,6,11.82,5,13.6,169.5,5.9,0.9,-0.95,0,2,Graduate
1,2,171,1,0,0,19,4,13.12,6,14.07,151.7,7.3,2,2.01,0,2,Graduate
1,3,9119,1,0,0,20,6,11.77,4,11.98,127.2,5.8,2.1,-1.58,0,2,Graduate
1,9,9085,0,0,1,26,0,0,0,0,126.6,11.3,2.4,1.34,1,0,Dropout
1,14,9773,1,0,0,21,6,11.82,6,14.75,101.9,6.1,1.8,1.73,0,1,Enrolled
1,6,9085,1,0,0,22,4,14.22,6,12.91,170.6,3.8,2.7,0.79,0,2,Graduate
1,7,9070,1,0,0,20,5,16.93,6,10.08,163.4,6.5,1.3,1.52,0,1,Enrolled
1,14,9070,0,0,1,25,3,12.49,2,10.21,115.4,6,3.2,1.96,1,0,Dropout
1,9,9130,1,0,0,18,4,15.22,5,15.76,136.2,5.7,0.6,1.03,0,1,Enrolled
1,13,9119,1,0,0,19,4,10.1,5,14.5,169.3,4.8,3.2,-0.3,0,2,Graduate
1,9,9147,1,0,0,21,4,13.06,6,10.84,123.7,7.6,3.2,-1.06,0,2,Graduate
1,4,9556,0,0,0,25,2,10.16,0,0,167.9,7,3.4,0.25,1,0,Dropout
1,8,9003,1,0,0,21,4,14.15,5,10.26,166.8,10.5,2.3,-0.79,0,1,Enrolled
1,4,9085,1,0,0,20,6,14.52,6,12.51,137.4,10.5,2.7,1.56,0,2,Graduate
2,16,9003,1,1,0,18,5,10.9,6,13.65,179.8,9,2.1,1.71,0,2,Graduate
2,4,171,1,0,0,22,6,14,4,16.81,115.2,4.2,2.2,0.63,0,2,Graduate
1,4,9238,1,0,0,19,4,13.42,4,11.55,105,8.3,1.1,-1.18,0,2,Graduate
1,6,9238,0,0,1,21,0,0,1,10.19,126.3,9,0.8,-0.37,1,0,Dropout
1,3,9147,1,0,0,22,5,11.46,6,11.7,117.7,11.1,1.2,-0.57,0,1,Enrolled
1,18,171,0,0,1,19,2,11.24,1,10.9,107.5,7.2,2.5,1.01,1,0,Dropout
1,1,9238,1,0,0,23,6,15.02,5,12.66,151.4,11.1,2.8,0.56,0,2,Graduate
1,13,9254,1,0,0,20,5,12.8,4,11.4,147.8,6.4,1.7,-1.03,0,2,Graduate
1,1,9238,1,0,0,22,4,14.53,5,14.23,163,10.3,1.7,0.04,0,2,Graduate
1,9,9853,0,0,1,28,3,11.81,0,0,186.9,4.6,2.4,0.12,1,0,Dropout
1,17,9238,0,0,1,20,3,11.83,0,0,133.9,9.2,0.9,1.03,1,0,Dropout
1,8,9085,1,0,1,22,0,0,0,0,169.3,8.2,3.4,0.34,1,0,Dropout
1,10,9556,1,1,0,19,6,13.23,4,14.3,139.2,3.7,2.6,0.84,0,1,Enrolled
1,15,9991,1,0,0,22,1,12.04,0,0,151.4,10.2,2.8,1.16,1,0,Dropout
1,17,9119,1,0,0,20,5,12.67,5,14.52,160.1,10.3,2.6,-1.09,0,2,Graduate
1,13,9556,1,0,0,18,6,11.11,5,13.84,116.7,4.4,3.3,1.78,0,1,Enrolled
1,4,9238,1,0,0,20,4,10.89,6,10.93,172.1,6.9,1.1,-0.14,0,2,Graduate
1,3,9119,1,0,0,23,6,16.46,6,15.6,131.7,11.1,2.3,-1.01,0,2,Graduate
1,4,9070,1,0,1,22,0,0,2,12,137.1,11.5,0.8,0.52,1,0,Dropout
1,13,9238,1,0,0,21,3,10.02,0,0,189,9.5,2.8,1.38,1,0,Dropout
1,4,9254,1,0,0,21,6,13.16,4,16.61,148.2,4.6,1.1,-1.24,0,2,Graduate
1,15,9500,0,1,1,19,1,11.19,2,10.36,172.6,9.8,2.8,-0.05,1,0,Dropout
2,5,9130,1,1,0,23,5,10.67,4,15.66,173.1,6.4,2.7,1.73,0,1,Enrolled
1,11,9670,1,0,0,20,6,13.27,5,15.82,184.5,8.6,1.7,-1.1,0,2,Graduate
1,15,8014,0,0,0,27,3,12.17,2,12.04,159.5,7.3,3.1,1.6,1,0,Dropout
1,14,9853,1,0,0,21,6,13.41,5,15.32,105.1,8.4,3.2,-0.04,0,2,Graduate
1,10,33,1,0,0,19,4,10.83,5,15.33,152.2,6.9,3.1,0.44,0,1,Enrolled
1,15,9147,0,0,1,21,3,12.24,0,0,154,4.6,3.1,0.66,1,0,Dropout
2,4,9254,1,0,1,26,1,11.18,0,0,181.2,8.8,3.1,-0.8,1,0,Dropout
1,10,9070,1,0,0,20,6,15.89,4,11.47,156.5,10.9,2.6,1.06,0,2,Graduate
1,17,9556,1,0,0,20,4,11.66,5,16.72,135.5,6.1,2.8,-0.55,0,2,Graduate
1,9,9238,1,0,0,23,6,15.09,6,15.16,160,9.5,2.4,-0.12,0,1,Enrolled
1,5,9254,1,1,0,18,5,10.81,6,11.23,163.7,8.3,1.5,1.47,0,2,Graduate
1,16,9991,1,0,0,20,4,16.15,6,16.6,175,7.6,1.8,1.48,0,1,Enrolled
1,15,9853,0,0,0,20,0,0,0,0,128,8.8,2.7,0.81,1,0,Dropout
1,16,9670,1,1,0,19,5,14.61,6,16.43,160.6,10.2,2.1,0.32,0,2,Graduate
1,9,9853,0,1,1,23,0,0,1,11.71,108.5,11.2,1.3,-0.35,1,0,Dropout
1,17,9773,1,0,0,18,5,13.25,6,13.01,152,7.8,2,1.39,0,1,Enrolled
1,18,9853,1,1,0,21,6,12,5,13.87,185.6,7.7,1.5,-0.39,0,2,Graduate
1,6,171,0,0,0,29,0,0,0,0,182.4,9.9,1.9,1.38,1,0,Dropout
1,15,9003,1,0,0,22,6,15.87,5,12.4,153.1,11.6,0.5,1.3,0,2,Graduate
1,14,9085,1,0,0,22,5,12.66,6,13.01,172.8,4.4,0.6,1.44,0,2,Graduate
1,7,9254,1,0,0,18,5,13.75,6,12.76,157.2,5.4,3.3,0.53,0,2,Graduate
1,9,9085,0,0,1,23,0,0,2,10.28,181.2,11,2.9,-1.64,1,0,Dropout
1,2,9070,1,0,0,18,4,10.54,4,13.87,149.7,8.6,3.3,-0.59,0,2,Graduate
1,8,9773,0,0,1,22,1,11.73,2,10.23,165.5,5.7,2.5,-1.2,1,0,Dropout
1,17,8014,0,0,1,24,3,11.83,2,12.45,189.8,8.8,3.1,-1.37,1,0,Dropout
1,1,9085,1,0,0,22,4,14.79,4,12.02,108.1,9.3,3.1,-0.24,0,2,Graduate
1,14,8014,1,1,0,19,6,14.37,4,13.87,112.6,6.8,2.7,0.23,0,2,Graduate
1,16,9085,1,0,0,22,4,13.14,6,14.96,167.3,3.8,2.7,-1.07,0,2,Graduate
1,17,9130,0,0,1,24,2,11.61,0,0,142.5,4.3,0.7,0.78,1,0,Dropout
1,13,9556,1,0,0,21,4,13.87,5,16.25,152,9,1.1,0.39,0,2,Graduate
1,15,9238,0,0,1,18,2,12.93,1,10.68,179.2,7.2,2.7,-0.62,1,0,Dropout
1,12,9773,1,1,0,20,5,16.73,6,11.85,102.2,3.7,2.6,1.04,0,2,Graduate
1,16,9119,1,0,1,26,0,0,2,10.58,134,11.2,1.1,0.88,1,0,Dropout
1,8,9556,0,1,1,23,2,11.56,2,11.01,165.5,9.5,2.6,2.22,1,0,Dropout
1,7,9070,1,0,0,21,4,12.75,6,14.37,183.9,8.2,2.3,1.47,0,2,Graduate
2,3,9085,1,0,0,23,4,15.47,6,11.74,128.6,10.3,1.9,1.87,0,2,Graduate
1,6,9238,1,1,0,20,4,11.94,4,16.34,114.6,11.4,0.9,1.05,0,2,Graduate
1,6,9670,0,0,0,19,0,0,1,10.1,102.3,8.2,1.4,-0.26,1,0,Dropout
1,7,9991,1,0,0,20,6,16.42,5,11,131.2,10.3,2,0.39,0,2,Graduate
1,15,8014,1,0,1,28,3,11.12,2,10.02,156.5,3.8,3.3,-0.75,1,0,Dropout
1,8,9070,0,0,1,23,0,0,0,0,120.4,6,1.6,1.38,1,0,Dropout
1,6,9130,1,0,1,28,2,12.36,1,12.54,141,11.6,1.3,-1.29,1,0,Dropout
1,6,8014,1,1,0,19,6,14.5,4,16.34,142.4,5.3,0.7,-1.67,0,2,Graduate
1,6,9670,1,1,0,19,2,10.41,0,0,159.2,10.2,1.9,1.77,1,0,Dropout
1,3,9003,0,0,1,27,3,10.98,2,12.4,183.6,8.3,2.3,0.59,1,0,Dropout
1,15,9130,0,0,0,24,1,11.98,1,11.74,140.7,4.6,1.3,0.55,1,0,Dropout
1,4,9119,1,0,0,20,4,16.75,5,15.36,113.3,4.1,2.7,2.25,0,2,Graduate
1,17,9500,1,1,1,18,6,15.18,5,11.83,135.5,7.8,3.1,1.17,0,2,Graduate
1,11,9070,1,1,0,21,4,14.8,6,10,132.5,10.8,2.7,1.51,0,2,Graduate
1,16,9070,1,1,0,20,6,11.46,5,10.11,180.3,5.8,1.8,0.04,0,2,Graduate
1,10,9130,1,0,0,25,0,0,1,11.32,188,10.1,3,1.33,1,0,Dropout
1,9,9130,1,0,0,20,5,12.74,4,14.99,136,7,1,0.41,0,2,Graduate
1,2,9556,1,0,0,19,6,15.35,6,16.58,165.1,8.8,2.5,1.1,0,2,Graduate
1,5,9853,1,1,1,26,2,11.33,1,12.03,112.6,8.1,1.4,-0.51,1,0,Dropout
1,12,8014,1,0,0,20,6,15.16,4,13.52,127.4,5.5,1.8,-0.61,0,1,Enrolled
1,18,9254,1,0,0,20,6,15.49,5,13.91,176.8,10.9,0.7,-0.76,0,1,Enrolled
1,4,9773,1,0,0,19,4,12.09,5,12.45,121.9,6.8,3.3,-0.77,0,2,Graduate
1,15,9119,1,1,0,23,6,10.58,5,15.73,146,11.4,0.9,1.99,0,2,Graduate
2,17,9254,1,0,1,23,0,0,1,11.73,119.4,5.2,3.3,-0.36,1,0,Dropout
1,17,9500,1,0,0,22,5,15.34,4,16.9,176.8,9.2,1,1.6,0,2,Graduate
1,13,9991,1,0,0,19,6,10.3,4,12.1,168.6,7,1.7,-0.31,0,2,Graduate
1,14,9070,1,0,0,19,4,15.82,5,10.57,112.9,6.4,2.6,0.62,0,2,Graduate
1,15,8014,1,0,1,23,6,11.78,4,10.18,167.1,4.6,0.9,-1.61,0,2,Graduate
1,6,9119,1,0,0,20,5,11.16,6,15.14,140.3,9,3.4,-1.28,0,2,Graduate
1,6,9853,1,1,0,18,4,16.11,6,12.62,141.4,8,1.4,1.45,0,2,Graduate
1,18,9853,0,0,0,22,0,0,0,0,135.2,5.7,3.1,-0.9,1,0,Dropout
1,4,9147,1,0,0,23,5,13.72,5,16.92,111.2,10,1.9,0.39,0,2,Graduate
1,13,9556,1,1,0,20,6,15.83,4,14.54,109.7,10,0.6,-0.26,0,1,Enrolled
1,13,9853,1,0,1,21,2,11.03,1,11.18,172.7,6.5,1,1.1,1,0,Dropout
1,7,9556,1,0,0,21,6,15.03,5,13.52,110.5,5,1.5,-1.5,0,2,Graduate
1,1,9254,0,0,0,20,3,10.07,2,10.12,114,9.4,0.9,-0.67,1,0,Dropout
2,4,33,1,1,0,20,5,10.13,6,15.7,109.3,6.8,0.6,-1.19,0,1,Enrolled
1,17,9119,1,0,1,21,4,10.94,4,11.36,179.3,4.9,2.9,-1.48,0,1,Enrolled
1,1,171,1,1,0,22,6,15.27,4,11.3,157.8,6.4,1.2,1.32,0,1,Enrolled
1,13,9238,0,0,1,28,3,11.34,0,0,144.6,10.4,2.6,1.54,1,0,Dropout
2,6,9070,1,0,0,21,4,10.75,4,12.61,124.8,11.2,3,1.22,0,2,Graduate
1,3,9853,1,0,0,23,4,16.68,6,14.23,129.6,8.5,1.4,0.08,0,1,Enrolled
1,6,33,0,0,1,28,2,11.1,2,11.71,153.6,6.5,2.1,1.21,1,0,Dropout
1,11,9773,0,0,1,23,3,12.99,0,0,184.1,7.1,1.4,2.17,1,0,Dropout
1,16,33,1,0,0,20,2,10.73,1,12.85,186.3,7.7,1.9,1.29,1,0,Dropout
1,5,9147,1,0,0,21,6,13.35,5,13.23,104,8.3,2.3,-0.77,0,2,Graduate
1,8,9238,1,1,1,19,5,10.98,4,16.04,136.7,4.9,3.4,-0.54,0,2,Graduate
1,7,9556,1,0,0,25,0,0,0,0,131.4,6.5,0.9,-1.36,1,0,Dropout
1,18,171,1,0,0,22,6,12.93,6,13.77,109,6.1,2.4,-1.62,0,1,Enrolled
1,2,9130,0,0,0,23,2,12.19,2,12.29,180.1,4.9,1.8,2.25,1,0,Dropout
1,15,9003,0,0,0,27,2,10.86,2,12.58,141,10.9,1.5,1.98,1,0,Dropout
1,15,9500,1,0,0,19,0,0,2,12.4,114.7,8.8,2.1,2.02,1,0,Dropout
1,18,9991,1,0,0,22,5,12.88,4,14.46,159.6,11,3,-1.43,0,2,Graduate
1,7,33,1,0,0,19,6,12.98,5,13.88,113,9.3,2.5,2.22,0,2,Graduate
1,12,171,0,0,0,28,1,12.41,2,10.88,101,9.5,1.9,0.81,1,0,Dropout
1,3,9853,1,0,0,21,5,16.75,5,10.79,112.6,7.7,2.5,-1.12,0,2,Graduate
1,2,171,1,0,0,20,6,14.08,5,11.37,157.6,8.3,1.8,1.52,0,1,Enrolled
1,11,9773,1,1,0,18,6,13.73,6,15.86,108.9,3.9,2.7,1.74,0,2,Graduate
1,18,9500,1,1,0,18,6,12.43,6,14.02,168.1,7.9,0.7,1.43,0,2,Graduate
1,4,9085,1,0,0,21,6,11.25,4,15.94,169.5,7.6,0.7,1.07,0,2,Graduate
1,18,9119,1,0,0,19,6,15.56,6,16.79,113.6,11,3,0.96,0,2,Graduate
1,17,9130,1,0,0,23,6,12.77,5,15.92,129.8,11.3,2.2,1.82,0,1,Enrolled
2,15,9773,1,1,0,23,4,11.24,4,16.18,104.4,9.3,0.6,0.23,0,2,Graduate
1,2,9773,0,0,1,21,1,10.93,1,11.53,102.3,9.2,3.3,-0.42,1,0,Dropout
2,4,9070,1,0,0,18,4,15.95,4,16.75,185.6,5.8,2.9,-0.06,0,2,Graduate
1,8,9085,1,1,0,23,4,14.71,6,11.33,183,7,1.3,1.5,0,2,Graduate
1,18,8014,1,0,0,22,5,16.53,4,10.69,180.3,5.3,1.1,-1.6,0,2,Graduate
1,17,9070,1,0,0,22,4,13.56,6,13.37,179.7,6.3,0.6,-0.04,0,1,Enrolled
1,7,9085,1,0,1,24,2,12.46,1,11.66,119.5,10.5,2,2.17,1,0,Dropout
1,7,9773,1,0,1,22,0,0,0,0,141.7,9.8,1.9,-1.05,1,0,Dropout
1,17,9670,1,0,1,19,1,10.66,1,10.69,147.3,5.4,3.4,-0.06,1,0,Dropout
1,7,9085,1,1,0,21,5,15.63,5,16.63,135.8,10.3,0.7,1.5,0,2,Graduate
1,11,9070,1,0,0,19,4,12.84,5,15.43,158.8,9.8,1.4,-0.35,0,2,Graduate
1,10,9773,1,0,1,18,3,12.82,1,12.3,172.8,5.5,3,-1.09,1,0,Dropout
1,12,9238,1,0,0,20,5,14.72,6,10.93,123.8,4.6,1.8,-1.48,0,2,Graduate
1,7,9670,1,0,0,22,3,10.04,0,0,185.1,10.7,3.4,0.98,1,0,Dropout
1,12,9773,1,1,0,21,6,15.45,5,10.07,176.6,7.4,0.5,1.89,0,1,Enrolled
1,17,33,1,0,0,21,5,12.55,5,11.29,170.1,7.4,0.9,1.63,0,2,Graduate
1,8,9254,1,0,0,20,5,16.87,6,10.01,163.3,6.3,1.6,-0.6,0,2,Graduate
1,5,9773,1,0,0,22,4,13.36,5,14.15,158.8,8.5,1.2,2.19,0,2,Graduate
1,2,9556,1,1,0,22,4,14.87,4,14.68,113,5.6,1.6,2.23,0,2,Graduate
1,15,9070,1,0,1,19,3,12.41,2,12.46,106.4,8.1,1.2,1.24,1,0,Dropout
1,2,9130,1,0,1,19,3,10.41,0,0,119,4.7,0.8,-1.5,1,0,Dropout
1,4,9556,1,0,0,18,3,11.46,1,12.64,165.7,6.3,1.2,-0.23,1,0,Dropout
1,6,9238,1,0,1,27,1,11.23,2,10.84,117.7,5.4,1.8,1.65,1,0,Dropout
1,9,9500,1,0,0,23,2,10.65,0,0,152.2,7.6,0.9,0.25,1,0,Dropout
1,4,9670,1,0,0,23,5,12.72,5,14.57,158.4,7.1,1.1,1.2,0,1,Enrolled
1,5,171,1,1,0,22,4,10.01,4,15.76,129.5,6.1,2.2,0.36,0,1,Enrolled
1,15,9254,1,0,0,20,6,14.72,6,13.04,108.7,5.7,1.4,1.06,0,2,Graduate
1,12,9130,1,1,0,20,6,12.9,5,15.89,133.2,5.1,2.5,1.74,0,1,Enrolled
1,6,9085,1,1,0,23,4,14.84,6,11.18,185.3,7.4,2.5,1.6,0,2,Graduate
1,1,9003,1,0,1,29,3,11.55,2,12.98,113.2,11.5,1.8,-0.58,1,0,Dropout
2,1,171,1,0,1,26,1,10.63,2,10.17,170.3,11,0.9,-1.18,1,0,Dropout
1,16,9130,1,0,1,18,0,0,1,10.79,186.6,8.4,2.2,1.43,1,0,Dropout
1,8,9119,1,0,0,18,6,13.85,4,15.17,179.6,11.2,2.3,0.85,0,2,Graduate
1,1,9991,1,0,0,19,5,12.17,5,10.31,188,5.6,1.6,1.46,0,2,Graduate
1,10,9070,1,1,0,21,4,13.38,6,11.72,167,6.4,3.1,0.37,0,2,Graduate
1,17,9670,1,0,0,22,6,14.29,5,16.84,166.6,7.7,3.2,1.11,0,2,Graduate
1,13,8014,0,0,0,22,1,10.24,1,10.38,150.3,8.8,2.3,0.38,1,0,Dropout
1,11,9853,1,0,0,20,4,13.99,4,13.94,125,7.6,2.8,0.02,0,2,Graduate
1,14,9085,1,0,0,20,4,15.35,5,15.34,104.6,8.7,0.5,-1.56,0,2,Graduate
1,2,9147,1,0,1,27,1,12.3,2,11.19,139.2,11.3,1.6,1.2,1,0,Dropout
1,11,9130,1,0,0,19,4,12.06,6,10.82,144.7,7.6,2.6,1.73,0,2,Graduate
1,5,9085,1,1,0,21,6,15.09,4,16.01,108.2,6.4,0.5,0.17,0,2,Graduate
1,2,8014,0,0,1,27,3,10.43,2,12.26,142.9,7.7,0.4,0.15,1,0,Dropout
1,15,9130,1,0,1,22,6,15.43,4,12.89,136.3,5.5,3,-1.04,0,2,Graduate
1,14,9670,1,1,0,21,4,11.52,5,10.51,182.9,4.5,3.4,-0.81,0,1,Enrolled
1,9,171,1,0,0,20,5,15.84,4,10.22,127.7,11.5,2.5,-1.26,0,2,Graduate
1,12,9556,1,0,0,22,2,12.4,0,0,140.2,11.6,1.2,-1.43,1,0,Dropout
1,3,9853,1,0,0,19,5,10.86,5,15.02,143.9,11.3,2.8,-1.51,0,2,Graduate
1,5,9500,0,0,1,18,3,10.29,2,10.74,188,7.6,2.5,-0.94,1,0,Dropout
1,7,9003,0,0,0,26,3,11.39,1,10.95,189.2,7.4,1,-0.89,1,0,Dropout
1,12,9130,1,0,1,20,2,10.12,0,0,145.5,8.7,3.3,-0.63,1,0,Dropout
1,1,9003,1,0,0,22,5,16.34,4,11.9,106.7,8.3,1.9,0.52,0,2,Graduate
1,13,9254,1,1,0,21,6,16.34,4,12.74,142.6,11.5,1.6,1.95,0,2,Graduate
1,14,9003,1,0,0,22,6,12.92,6,13.43,187.8,9.8,0.4,-0.71,0,1,Enrolled
1,7,9670,0,0,0,22,2,10.26,1,12.46,118.3,3.8,1.3,1.61,1,0,Dropout
1,8,9556,0,0,1,25,3,10.61,0,0,130.1,9.2,3,-0.3,1,0,Dropout
1,3,33,1,0,1,28,0,0,0,0,114.4,4.5,0.9,0.02,1,0,Dropout
1,18,9500,1,0,0,23,4,13.88,4,11.87,121.6,10.8,2.1,0.01,0,2,Graduate
1,4,9070,1,0,0,20,4,16.8,4,11.61,130.4,11,3,1.19,0,1,Enrolled
1,18,9254,1,0,0,21,6,12.98,6,10.96,178,4,0.8,-1.24,0,1,Enrolled
1,4,9500,1,0,0,20,5,16.19,5,16.88,144.1,7.2,3.1,1.22,0,2,Graduate
1,15,9991,0,0,0,23,2,12.65,2,12.07,175.6,5.8,2.6,0.02,1,0,Dropout
1,13,9238,1,0,0,20,5,10.31,4,12.27,161.6,10.9,2.7,1.14,0,2,Graduate
1,10,8014,1,0,0,18,4,16.43,6,12.15,141.3,4.7,3.2,-0.99,0,1,Enrolled
1,1,8014,1,0,0,21,4,13.16,4,10.17,123.9,8.1,2.6,0.4,0,2,Graduate
2,16,33,1,0,0,19,5,13.84,4,12.76,162.6,5.9,1.1,0.18,0,2,Graduate
1,6,171,1,0,0,23,3,11.2,0,0,136.6,11.1,2.3,1.32,1,0,Dropout
1,9,9991,1,1,0,22,6,15.57,4,14.99,147,5.6,2.1,1.11,0,1,Enrolled
1,18,9070,1,0,0,20,5,15.94,6,15.77,154.9,9.5,3.2,2.16,0,2,Graduate
1,13,9085,1,0,0,23,5,14.05,6,14.72,127.5,7,2.8,1.91,0,2,Graduate
1,12,9556,1,0,0,22,6,13.26,6,12.35,149.6,5.2,2.3,-1.29,0,2,Graduate
1,9,9773,1,0,0,21,4,16.72,6,14.98,156.8,9.4,1.4,-0.5,0,2,Graduate
1,13,9085,0,0,1,24,0,0,2,12.83,183.3,8.3,0.6,-0.83,1,0,Dropout
1,8,9130,1,1,0,19,4,16.89,5,10.27,177.1,10.9,2,0.11,0,1,Enrolled
1,7,9238,1,0,0,22,4,12,4,12.88,114.6,9.4,2,-0.72,0,2,Graduate
1,12,9085,1,0,1,19,3,11.54,0,0,133.6,11.3,1.7,0.89,1,0,Dropout
1,18,9085,0,0,1,20,1,11.25,1,10.66,158.6,4.2,2.3,2.12,1,0,Dropout
1,8,9003,0,0,1,26,2,10.99,1,11.51,181.1,10.7,0.7,0.72,1,0,Dropout
2,7,9556,1,0,1,25,0,0,1,10.95,142.8,5.1,3,-0.68,1,0,Dropout
2,17,171,1,0,1,24,3,12.09,2,11.24,123.8,6.4,2,-0.76,1,0,Dropout
1,17,9070,1,1,1,22,2,11.87,0,0,174.9,3.7,0.6,0.29,1,0,Dropout
1,6,9853,1,0,0,21,6,16.82,6,16.2,119.9,8.2,2.6,2.21,0,2,Graduate
1,9,9070,1,0,0,21,4,14.28,5,15.84,124.8,9.6,2.3,0.79,0,1,Enrolled
1,14,9238,0,0,1,19,3,10.57,1,10.1,163.3,7.9,2.6,0.38,1,0,Dropout
1,6,9085,1,0,1,19,2,11.94,2,11.59,120.8,3.7,0.7,0.55,1,0,Dropout
2,1,9991,1,0,0,23,4,14.8,4,14.51,159.4,7,0.9,0.03,0,1,Enrolled
1,10,9130,1,0,0,21,4,10.44,6,14.57,183.6,5.9,2.6,-0.75,0,2,Graduate
1,9,9670,0,0,0,21,0,0,0,0,168.6,7.8,2.1,1.67,1,0,Dropout
1,10,9991,1,1,0,21,5,11.27,4,13.93,146.5,10.9,2.4,0.72,0,2,Graduate
1,7,33,1,0,0,23,5,12.97,6,14.09,117.6,11.1,1.3,0.11,0,2,Graduate
1,9,9500,1,1,1,21,6,16.1,4,10.97,123.3,5.5,2.8,-0.5,0,2,Graduate
1,6,9003,1,0,0,20,4,11.66,4,15.87,157.4,5.3,1.3,1.13,0,2,Graduate
1,6,9853,1,1,0,22,4,15.39,4,14.63,144.9,8.4,2.2,-1.68,0,2,Graduate
1,14,9773,0,0,1,20,2,10.75,1,12.88,163.3,3.7,1,0.95,1,0,Dropout
2,11,9119,1,0,0,18,4,13.67,5,13.96,120.3,10.5,0.6,-1.07,0,2,Graduate
1,2,9853,0,0,1,18,3,11.12,1,10.89,168.6,10.9,1.9,-0.75,1,0,Dropout
2,13,9085,1,1,0,19,5,11.81,5,11.23,171.3,11.3,1.9,-0.51,0,2,Graduate
1,14,9853,1,1,0,23,6,14.69,4,13.29,100.6,3.9,1,-1.38,0,2,Graduate
1,17,9003,1,0,0,18,4,13.7,4,12.78,162.3,9,1.1,1.58,0,2,Graduate
1,12,33,1,0,0,29,1,10.01,0,0,174.8,6.3,1.7,1.56,1,0,Dropout
2,12,8014,1,0,1,21,3,11.92,2,12.2,164.6,6.1,1.1,1.36,1,0,Dropout
2,5,9070,1,0,0,18,6,16.91,6,15.64,132,4,0.5,-0.06,0,1,Enrolled
1,12,9254,1,0,0,22,4,10.67,6,11.11,188.4,4,1,-0.97,0,2,Graduate
1,8,33,1,0,0,23,4,11.08,5,13.24,138.3,6.3,2.3,0.42,0,2,Graduate
1,11,9500,1,0,0,18,6,15.4,6,12.74,185.3,9.6,1.5,-1.05,0,2,Graduate
1,2,9991,1,0,0,22,6,15.97,4,13.09,167.2,6.8,2.9,-0.3,0,1,Enrolled
1,11,9556,1,0,0,22,4,14.02,6,11.27,133.9,5.8,1.8,1.11,0,2,Graduate
1,4,9085,1,0,0,19,5,14.61,6,14.14,107.4,4.5,2.9,0.77,0,1,Enrolled
1,4,9853,1,0,0,19,4,15.71,5,16.11,122.2,5.8,3,0.02,0,2,Graduate
1,3,9254,1,0,1,24,1,12.69,2,10.91,155.4,6.5,0.5,0.37,1,0,Dropout
1,10,8014,1,0,0,22,5,10.3,6,15.26,177.4,4.5,2.2,0.73,0,2,Graduate
1,16,9070,0,0,1,18,3,12.99,2,12.28,128.8,10.9,1.1,-1.25,1,0,Dropout
1,6,9670,1,0,0,22,6,11.52,4,12.53,170.1,3.7,3.2,-0.26,0,2,Graduate
1,1,33,0,1,0,26,0,0,2,11.43,189.9,8.1,1,-0.4,1,0,Dropout
2,14,9119,0,0,1,25,2,11.64,1,10.07,167.1,10.1,1.8,-0.5,1,0,Dropout
1,17,8014,1,0,0,18,6,12.19,6,13.5,143.6,5.6,1.8,0.82,0,2,Graduate
1,7,9147,1,0,0,27,1,10.23,2,12.28,165.3,7.5,0.7,0.56,1,0,Dropout
1,4,33,1,0,0,18,5,15.17,6,11.82,164.8,11.4,1,2.29,0,2,Graduate
2,2,9003,1,0,1,20,5,16.06,4,12.22,147.2,7,1,0.12,0,2,Graduate
1,14,9003,1,0,1,24,1,10.6,1,12.45,100.1,6.3,2.9,1.72,1,0,Dropout
1,5,9130,1,0,0,20,6,13.41,5,15.86,160.5,10.2,2.3,-0.38,0,1,Enrolled
1,8,9853,1,0,0,22,6,13.84,4,15.42,134.5,6.3,2.7,1.26,0,2,Graduate
1,4,9003,1,0,0,18,5,14.1,5,10.96,117.2,10.7,2.6,0.87,0,1,Enrolled
1,10,9670,0,0,1,27,1,10.66,1,10.05,184.2,5.5,2.6,1.86,1,0,Dropout
1,9,9853,1,0,0,21,6,14.37,5,11.59,140.2,7,0.5,1.66,0,1,Enrolled
1,3,9556,1,0,0,19,5,13.65,5,10.85,127.9,11.2,0.8,1.27,0,2,Graduate
1,8,9238,1,0,0,20,5,13.93,5,15.63,109.1,11.5,1.7,0.13,0,2,Graduate
1,13,9238,1,0,1,21,6,13.36,5,14.26,149.5,11,0.8,1.4,0,2,Graduate
1,18,9238,1,0,0,19,6,13.71,5,12.57,130.1,7.2,0.5,-0.59,0,2,Graduate
2,4,9991,1,0,0,19,4,15.19,4,16.13,187.3,10.3,3.1,1.13,0,2,Graduate
1,6,9147,1,1,0,23,4,16.53,4,12.97,132.3,4.6,0.9,-0.88,0,2,Graduate
1,10,9070,1,0,0,23,6,12.07,6,12.61,135.8,8.3,1.2,2.21,0,2,Graduate
1,6,8014,1,0,0,21,5,11.64,5,11.6,177.6,6.8,1.1,-1.59,0,2,Graduate
1,17,9773,1,0,0,18,1,10.63,0,0,127.8,4.7,2.1,-0.26,1,0,Dropout
1,4,9670,1,0,0,28,0,0,0,0,166.9,6,0.5,0.57,1,0,Dropout
1,1,171,1,1,0,20,4,13.73,4,11.36,138.2,8.9,0.5,1.19,0,1,Enrolled
1,5,9130,1,0,0,22,5,15.61,5,13.76,131.8,8,1,0.96,0,2,Graduate
1,8,9556,1,0,0,20,4,16.82,4,12.81,123.2,11.3,2.1,0.58,0,1,Enrolled
1,15,9991,1,0,0,20,6,11.01,5,13.08,118.3,8.9,2.8,1.66,0,1,Enrolled
1,17,171,1,1,0,18,6,12.71,4,13.64,103.8,5.1,3.1,1.01,0,2,Graduate
1,18,9773,0,0,1,26,3,11.19,1,11.43,124.8,8,3.3,0.05,1,0,Dropout
1,5,9991,1,0,0,22,6,14.99,4,13.71,111.8,6.5,2.2,0.15,0,1,Enrolled
2,2,9670,1,0,0,19,5,16.68,5,10.73,158.5,4.5,1.6,2.05,0,2,Graduate
1,5,9238,1,1,0,29,1,12.58,0,0,129.7,11.3,2.1,-0.49,1,0,Dropout
1,4,9070,1,1,0,23,6,15.04,5,14.07,107.6,9.7,3,-0.44,0,2,Graduate
1,9,33,1,0,0,21,4,16.61,6,13.64,131.6,7.7,2.2,0.99,0,2,Graduate
1,7,9130,1,0,0,23,5,11.01,5,12.98,165.8,6.1,2.5,2.08,0,2,Graduate
1,2,9254,0,0,1,27,1,10.71,0,0,123,6.9,1,-1.46,1,0,Dropout
1,4,33,1,1,0,23,5,13.46,4,15.82,152.3,9.3,3.3,0.4,0,1,Enrolled
1,6,171,1,0,1,24,3,11.53,0,0,106.7,10.4,2,1.7,1,0,Dropout
1,18,8014,1,0,0,23,1,10.71,2,12.86,152.1,9.3,1.2,0.25,1,0,Dropout
2,2,9003,1,1,0,21,5,12.07,4,16.68,142.7,10.7,0.8,1.68,0,2,Graduate
1,3,9500,0,0,0,25,1,11.59,2,12.42,125.6,9,3.1,0.15,1,0,Dropout
1,4,9147,1,0,0,22,4,16.3,5,14.1,189.7,8.2,1.5,-0.52,0,2,Graduate
1,11,9147,0,0,0,27,0,0,0,0,128.9,8.2,2.7,1.37,1,0,Dropout
1,7,9556,1,0,0,18,4,11.77,6,12.07,117.1,6.4,2.2,0.88,0,2,Graduate
1,18,9147,1,0,0,20,4,13.07,4,12.26,186.1,7.4,1.5,1.1,0,2,Graduate
1,13,9147,1,1,0,23,4,11.05,4,10.02,160.4,9.2,3.1,-0.27,0,2,Graduate
1,2,9853,1,1,0,19,5,13.81,5,16.98,165.5,9.6,2.8,0.53,0,1,Enrolled
1,9,9070,1,1,1,23,1,12.93,1,11.99,103.3,11.5,2.4,-0.78,1,0,Dropout
1,13,9556,1,0,1,21,5,15.33,5,13.86,169.2,11.5,1,-0.7,0,1,Enrolled
1,6,9119,1,0,1,24,3,12.7,1,10.43,120.8,3.9,2.7,0.6,1,0,Dropout
1,7,8014,0,0,1,21,0,0,1,11.13,104.8,7.3,2.7,-0.31,1,0,Dropout
1,10,9147,1,1,0,18,0,0,0,0,110.8,4.6,2.8,-1.4,1,0,Dropout
2,16,9991,0,0,0,25,1,10.8,1,10.02,173.3,9,0.9,1.07,1,0,Dropout
1,14,9670,1,0,0,20,4,14.08,5,15.07,176.5,6.8,2.1,-0.8,0,2,Graduate
1,14,9070,1,1,0,28,0,0,1,11.02,140.5,4,0.8,-0.08,1,0,Dropout
1,13,9991,0,0,1,21,0,0,0,0,147.1,4.7,2.3,1.52,1,0,Dropout
1,15,9119,1,0,0,22,6,14.79,5,13.79,111.2,4.4,0.8,-0.54,0,1,Enrolled
1,4,9254,1,0,0,20,4,10.57,5,10.32,187.1,11,1.2,0.64,0,2,Graduate
1,4,171,1,1,0,20,4,11.08,4,16.97,186.1,7.2,1.3,1.66,0,2,Graduate
1,4,9556,1,0,0,22,6,12.18,5,16.58,153.3,10.8,2.5,0.8,0,2,Graduate
1,5,9670,1,0,0,23,6,10.81,4,15.94,133.9,7.7,3.1,-1.07,0,2,Graduate
1,15,33,1,0,0,23,5,16.82,4,13.48,129.2,4.5,1.5,-0.97,0,2,Graduate
1,11,9238,1,0,0,21,2,12.1,0,0,181.3,4.1,1.9,-1.41,1,0,Dropout
1,10,9773,1,0,0,19,2,12.62,1,12.93,152.5,11,0.6,0.15,1,0,Dropout
1,16,8014,1,0,0,20,4,16.15,5,13.78,122.4,10.6,2.5,-0.16,0,2,Graduate
1,16,9003,1,0,0,23,4,16.18,5,13.43,142.3,6.7,3.1,-1.26,0,2,Graduate
1,14,9670,1,0,0,20,0,0,2,12.06,180.8,5.7,1.2,1.08,1,0,Dropout
2,9,9773,1,1,0,19,4,15.12,4,13.85,178.6,4.4,2.2,-0.32,0,2,Graduate
1,4,9238,1,0,0,21,5,15.49,4,12.47,137.6,4.6,2,2.02,0,2,Graduate
1,9,9238,1,0,0,19,3,10.18,0,0,109.9,7.6,1,-0.03,1,0,Dropout
1,10,9070,1,0,0,20,6,14.66,4,12.16,111.5,10.7,3.1,-0.17,0,2,Graduate
1,10,9003,1,0,0,23,2,11.9,2,10.79,118.9,4.7,1.7,-1.56,1,0,Dropout
1,9,9773,1,1,0,22,6,10.66,4,10.14,188.1,4.9,0.9,0.77,0,2,Graduate
1,8,9991,0,0,1,24,2,10.85,0,0,100,5.4,1.6,-0.11,1,0,Dropout
1,1,9556,1,0,0,23,2,10.9,0,0,185.5,9,2.1,2.29,1,0,Dropout
1,15,9130,1,0,0,23,5,15.24,6,15.22,181.8,9.1,2.2,0.62,0,1,Enrolled
1,4,9130,0,0,1,20,2,12.08,0,0,128.5,9.3,2.8,-0.74,1,0,Dropout
1,2,9130,1,0,0,18,5,13.54,4,13.1,169.7,6.9,0.5,1.44,0,1,Enrolled
1,9,9670,1,1,0,20,4,15.16,4,15.33,114.2,9.6,2.1,0.67,0,1,Enrolled
2,3,9254,1,0,0,22,5,10.6,5,11.96,137.4,4.9,2,-0.06,0,2,Graduate
1,10,9773,1,0,0,18,4,10.29,4,10.69,143.9,8.7,2.2,0.83,0,1,Enrolled
1,15,9254,0,0,0,25,2,12.66,0,0,141.3,7.3,1.5,0.66,1,0,Dropout
1,7,9556,1,1,0,19,5,13.23,5,11.15,153.2,10.9,3,0.09,0,2,Graduate
1,12,9119,1,0,0,20,4,14.64,6,10.33,174.3,7.8,2.8,-0.89,0,2,Graduate
1,10,9147,1,0,0,19,0,0,2,10.25,172.5,10.5,3.4,-0.47,1,0,Dropout
1,6,9500,1,0,1,19,1,12.08,2,12.65,142,4.4,2.7,1.57,1,0,Dropout
2,8,9853,1,0,0,21,6,15.02,5,14.28,158.5,8.3,3,0.28,0,2,Graduate
1,4,9130,1,0,0,21,6,15.05,5,11.05,147.9,6.4,3,0.45,0,2,Graduate
1,5,9119,1,0,1,18,5,12.73,6,11.79,189.5,10.2,1.6,2.16,0,1,Enrolled
1,1,8014,1,0,1,25,2,11.79,2,11.88,146.6,5.7,1,1.35,1,0,Dropout
1,16,9853,1,0,0,20,4,15.38,4,15.99,117.7,9.6,2.6,1.19,0,2,Graduate
1,13,9254,1,1,0,23,5,16.25,6,14.73,150.3,4.7,0.6,1.56,0,2,Graduate
2,17,9773,1,1,0,18,4,10.78,5,10.52,147.3,10.6,1,-0.55,0,2,Graduate
2,16,9991,1,1,0,19,6,15.02,6,14.2,153.8,6.4,0.7,-1.48,0,2,Graduate
1,13,9773,1,0,1,29,1,11.26,1,12.97,175.6,5.4,3.3,0.91,1,0,Dropout
1,7,9853,1,0,0,18,4,16.5,4,11.65,132.7,8.9,1.2,0.14,0,2,Graduate
1,1,8014,1,0,0,19,4,13.43,5,10.93,144.2,6.9,3.3,-0.04,0,2,Graduate
1,17,9238,1,0,0,21,5,11.69,5,11.69,137.9,7.9,0.5,0.15,0,1,Enrolled
1,12,9670,1,0,0,19,2,12.52,2,12.52,114,5.4,1,1.58,1,0,Dropout
1,11,9254,1,1,0,23,5,14.21,4,13.4,145.6,10.1,2.8,2.02,0,2,Graduate
1,10,9254,1,0,0,26,1,11.27,2,11.19,184.5,11.4,2.3,-1.07,1,0,Dropout
1,9,9130,1,0,0,22,5,15.24,5,14.16,187.6,8.9,1.9,0.06,0,2,Graduate
1,5,9003,1,0,0,18,6,12.53,5,12.54,181.9,4.8,1.2,1.5,0,1,Enrolled
1,9,9556,1,0,0,21,4,11.63,4,12.41,167.3,4.3,1,-1.34,0,2,Graduate
1,17,9556,1,0,1,18,5,12.51,4,12.41,183.3,6.4,2.9,-0.09,0,2,Graduate
1,1,9500,1,0,1,26,2,12.9,1,10.67,187.6,9.7,0.4,2.14,1,0,Dropout
1,15,9130,1,0,0,22,4,12.43,4,14.23,174,11,1.8,1.62,0,1,Enrolled
1,2,9500,1,0,1,23,5,15.01,5,12.96,146.1,7.2,0.7,1.61,0,2,Graduate
1,11,9254,1,0,0,20,4,14.31,4,12.63,125,8.2,1.5,-0.94,0,2,Graduate
1,17,9238,1,0,0,18,5,12.73,4,12.94,146.6,5.5,0.8,1.27,0,1,Enrolled
1,8,9556,1,0,1,22,6,12.83,4,10.27,164.2,10,0.9,-1.67,0,2,Graduate
1,3,9070,1,1,0,19,4,14.38,6,12.37,117.1,10.9,2.3,1.65,0,2,Graduate
1,8,9500,0,0,1,26,2,10.6,0,0,145.8,10.4,3.4,-1.13,1,0,Dropout
2,9,9238,1,0,0,19,2,10.14,2,12.39,104.4,6.2,2.1,0.85,1,0,Dropout
2,9,9003,1,0,0,19,4,13.35,6,11.36,101.2,6.1,2.3,1.62,0,2,Graduate
1,12,9130,1,1,0,18,6,10.61,5,11.79,109.1,8.4,2.5,-0.85,0,2,Graduate
1,14,9147,1,1,0,20,5,13.25,4,11.08,157.2,6.9,3,-1.66,0,2,Graduate
1,16,9853,1,0,1,26,2,12.39,0,0,176,10,0.9,2.12,1,0,Dropout
1,3,9773,1,0,0,22,4,10.24,6,12.87,115.6,9.1,2.5,0.16,0,2,Graduate
1,12,9991,1,1,0,18,5,11.85,5,11.53,157.5,7.3,1.5,-0.99,0,2,Graduate
2,12,9670,0,0,0,24,3,10.28,1,11.56,119.1,5.3,2.9,1.17,1,0,Dropout
1,9,9254,0,0,0,25,1,12,1,11.36,117.5,6.9,1.8,1.06,1,0,Dropout
1,8,9991,1,0,0,20,5,11.95,6,10.99,115.3,7.7,2,-1.16,0,2,Graduate
1,15,9070,1,0,0,23,4,11.68,5,10.42,179.3,6.4,1,-1.65,0,2,Graduate
1,5,9003,1,0,0,20,3,12,1,11.57,101.1,9.8,2.6,-0.52,1,0,Dropout
1,8,8014,1,0,0,18,6,14.9,5,11.63,176.5,6.5,2.2,0.83,0,2,Graduate
1,5,9238,1,1,0,20,4,13.94,5,13.75,101.1,11.5,1.3,0.62,0,2,Graduate
2,14,171,1,0,0,18,6,15.95,5,12.82,104.4,10.8,1.8,0.67,0,2,Graduate
1,8,9773,1,0,0,18,6,16.28,5,13.17,142.9,4.5,3.4,1.15,0,2,Graduate
1,13,9556,1,0,0,22,6,13.31,4,14.07,137,8,0.6,1.96,0,2,Graduate
1,18,9853,1,1,0,19,5,14.77,6,15.89,142.5,11.4,1.3,0.54,0,1,Enrolled
2,9,9991,1,1,0,21,5,14.56,6,10.89,131.6,9.8,1.6,2.19,0,2,Graduate
1,16,9853,1,0,0,19,4,15.68,5,10.48,131.5,6,2.5,-0.8,0,2,Graduate
1,16,9991,1,0,0,21,0,0,0,0,104.9,4.1,0.8,2.09,1,0,Dropout
1,2,9991,1,0,0,19,4,14.99,6,12.44,184,10.9,2.6,0.64,0,2,Graduate
1,17,9085,0,0,1,26,1,11.3,0,0,168.5,6.4,0.6,-0.22,1,0,Dropout
1,11,33,1,0,0,20,6,14.42,4,12.75,175.2,9.2,1.6,0.08,0,2,Graduate
1,5,9556,1,0,1,19,3,11.39,2,12.53,127.2,5.4,3.4,-1.67,1,0,Dropout
1,12,9254,0,0,1,22,1,11.51,2,10.28,172.6,4.4,3.1,1.48,1,0,Dropout
2,1,9670,1,0,0,18,5,16.8,5,15.35,105.8,7.4,2.9,-1.36,0,2,Graduate
2,8,9085,1,0,0,23,2,12.47,1,10.36,167.3,10.7,2.3,-0.69,1,0,Dropout
1,1,9773,0,0,1,20,0,0,0,0,187.2,6.7,2.7,1.06,1,0,Dropout
1,16,9773,0,0,1,24,0,0,0,0,155.5,8.7,2.8,-0.79,1,0,Dropout
1,9,9238,1,0,0,20,6,10.08,4,10.84,150.7,8.2,2.3,0.71,0,2,Graduate
1,12,9003,0,0,0,21,2,12.99,1,11.34,188,10.4,3.3,2.14,1,0,Dropout
1,15,9070,1,0,0,21,4,15.85,6,16.85,188.3,10.1,0.6,0.79,0,2,Graduate
1,2,9254,1,0,0,27,0,0,2,12.66,109.8,4.1,0.9,0.87,1,0,Dropout
1,17,9119,1,0,0,24,0,0,0,0,148.9,9.3,2,0.67,1,0,Dropout
1,11,9238,1,0,0,19,5,10.43,5,12.49,169.6,8.3,2,0.88,0,1,Enrolled
1,4,9991,1,0,0,22,6,10.47,6,10.09,174.2,7.8,0.5,0.67,0,1,Enrolled
1,11,9130,1,0,0,26,1,11.12,2,12.27,115.9,4.1,1.6,0.77,1,0,Dropout
1,12,171,1,0,0,22,6,10.16,5,10.14,143.4,4.2,1.1,1.04,0,2,Graduate
1,6,9853,1,0,0,21,6,13.43,5,10.88,134.4,3.8,0.5,0.1,0,2,Graduate
1,1,171,1,0,1,26,0,0,1,10.56,152.8,9.1,2.7,-0.73,1,0,Dropout
1,4,9773,1,0,0,23,6,15.51,6,11.9,177.4,4.8,1.4,0.22,0,1,Enrolled
1,5,9991,1,0,0,18,4,11.7,5,12.65,100.1,10.3,2.7,0.15,0,2,Graduate
2,14,171,1,0,0,22,6,11.36,6,10.72,141.3,4.1,1.5,-0.18,0,2,Graduate
1,8,9254,0,0,0,28,3,10.29,2,10.75,122.5,5.2,2.7,0.9,1,0,Dropout
1,18,9853,1,1,0,18,1,11.07,2,10.51,101.8,6.3,1.5,-1.26,1,0,Dropout
1,6,9085,1,1,1,27,3,11.02,0,0,189.6,3.7,2.1,-0.67,1,0,Dropout
1,7,171,1,1,1,21,1,10.17,2,12.6,140.5,9.6,3,2.12,1,0,Dropout
1,15,9670,1,0,0,19,6,10.63,5,11.98,106.1,10,0.4,0.27,0,2,Graduate
1,13,9147,1,0,1,19,1,12.21,1,10.91,165.8,9,3.2,0.76,1,0,Dropout
2,15,9556,0,0,1,23,1,10.2,0,0,110.1,5.9,0.9,-0.25,1,0,Dropout
1,12,9853,1,0,0,19,4,10.56,6,14.73,130.7,8.6,1.9,1.45,0,2,Graduate
1,1,9853,1,1,0,20,5,11.08,5,15.99,110.1,4.8,3,-1.46,0,2,Graduate
1,5,9853,1,0,1,23,1,11.81,0,0,173.3,5.5,1.6,-0.33,1,0,Dropout
1,8,171,1,0,0,21,5,16,4,11.8,130.5,6.5,0.6,-1.06,0,2,Graduate
1,13,9130,1,0,0,22,5,11.44,5,13.09,145.1,4.2,1.9,-0.06,0,2,Graduate
1,2,9003,1,0,0,22,6,15.26,5,10.57,136.5,7.4,1,0.88,0,2,Graduate
1,5,9070,1,0,0,20,6,16.6,5,10.03,103.7,4.1,0.6,0.65,0,2,Graduate
1,9,9556,1,0,0,22,6,11.78,4,11.33,189.4,3.7,1.4,-0.46,0,2,Graduate
1,3,9130,1,0,1,29,0,0,0,0,146.1,4.3,0.7,-1.08,1,0,Dropout
1,2,8014,0,0,0,29,0,0,0,0,154,8.6,0.6,0.35,1,0,Dropout
1,17,9147,1,0,0,18,4,10.84,4,16.76,168.1,10.8,2.7,0.98,0,1,Enrolled
1,8,9085,1,0,0,19,6,11.02,6,14.29,171.3,4.2,0.4,2.22,0,2,Graduate
1,16,9556,1,1,0,18,6,10.19,5,16.73,164.1,7.5,1,-1.64,0,1,Enrolled
2,4,9773,1,0,0,19,6,15.82,4,14.11,135,4.7,1.3,-1.59,0,2,Graduate
1,5,9670,1,0,0,22,6,11.84,6,11.8,101.4,10.4,1.4,-0.71,0,2,Graduate
1,9,9670,0,0,0,27,3,10.38,2,11.98,110.1,10.5,1.6,0.62,1,0,Dropout
1,5,9254,1,0,0,20,4,15.84,6,12.28,131.2,10.8,1.2,0.1,0,1,Enrolled
1,15,9670,1,0,0,19,2,12.35,2,10.68,103.1,4,2.9,-1.64,1,0,Dropout
1,17,9670,1,0,0,22,4,13.08,6,10.94,125.5,7.4,1.7,-1.35,0,2,Graduate
1,14,9130,0,0,0,24,1,12.3,1,12.26,118.1,4.5,2.3,-1.01,1,0,Dropout
1,7,9254,1,0,0,21,0,0,1,10.05,141.8,8.6,0.9,0.57,1,0,Dropout
1,8,9003,1,0,0,25,0,0,1,10.8,185.2,8.8,2.5,-0.73,1,0,Dropout
1,17,33,0,0,0,25,2,11.3,2,11.53,142.2,8.8,3.3,1.3,1,0,Dropout
1,17,171,1,0,0,21,4,11.34,6,15.71,142.7,11.6,2.6,1.4,0,1,Enrolled
1,8,33,1,0,0,22,4,11.75,4,10.97,184.6,6.6,3.1,0.1,0,1,Enrolled
1,13,9130,1,0,0,23,5,14.68,4,14.66,144.4,9.6,1.7,-1.43,0,2,Graduate
1,1,9003,1,0,0,19,4,16.25,5,11.44,177.2,5.3,1.2,-1.23,0,2,Graduate
2,11,33,1,0,0,19,6,10.67,6,13.06,176.5,4.4,2.7,0.02,0,2,Graduate
1,17,9085,1,0,1,21,2,12.75,1,12.16,188.2,5.4,1.5,1.25,1,0,Dropout
1,18,9556,1,0,0,19,6,15.86,6,13.96,164.9,4.9,1.2,1.91,0,2,Graduate
2,13,9991,0,0,1,26,3,12.37,0,0,111.2,11.2,1.1,-0.32,1,0,Dropout
1,13,8014,1,0,0,19,6,10.11,6,11.25,123.1,10.1,3.4,-0.32,0,2,Graduate
1,13,9003,0,0,0,28,2,10.66,2,12.93,112.4,10.7,2.1,2.07,1,0,Dropout
2,13,9556,1,1,0,22,6,10.87,5,16.12,176.6,5.8,3.2,1.17,0,2,Graduate
1,13,9500,1,0,0,23,6,16.7,5,11.57,109.2,9,1.6,1.1,0,2,Graduate
1,11,9085,1,1,0,21,6,13.7,5,10.99,183.9,8.4,3.3,-1.42,0,2,Graduate
1,18,9500,1,0,0,21,4,10.18,5,14.42,147.2,11.4,2.2,0.83,0,2,Graduate
1,10,9853,1,1,1,18,1,10.11,1,10.59,131.3,5.4,2,2.26,1,0,Dropout
1,4,9085,1,0,0,19,5,16.27,5,12.52,150.9,11.5,2.5,-1.16,0,2,Graduate
1,12,9003,1,1,1,21,4,10.08,6,12.45,114.7,8.6,1.7,2.14,0,2,Graduate
1,5,9130,1,0,0,22,1,10.93,0,0,114.6,11.3,1.3,-0.1,1,0,Dropout
2,18,33,1,0,0,18,5,12.92,6,11.65,115.2,4.6,3,0.84,0,2,Graduate
1,12,9773,1,0,1,19,3,10.61,2,12.43,165.8,6.1,2.6,1.68,1,0,Dropout
1,3,9119,0,0,0,29,1,11.41,2,10.51,107.4,5.5,2,-0.76,1,0,Dropout
1,6,9853,0,0,1,28,0,0,1,10.24,126.1,11.3,0.6,-0.95,1,0,Dropout
1,4,9070,1,1,0,18,5,13.52,6,11.87,138.6,7.5,2.1,-0.17,0,2,Graduate
1,2,9670,1,1,0,20,5,15.88,4,15.31,105.9,10,0.9,0.5,0,2,Graduate
2,9,9556,1,0,0,21,5,16.33,5,11.22,143.8,9.8,0.7,-1.09,0,2,Graduate
1,2,9853,1,0,0,22,5,14.01,6,11.86,110.7,4.1,1.9,0.99,0,2,Graduate
1,13,9130,1,0,0,20,6,12.13,5,14.73,187.8,7.5,1.9,-1.23,0,2,Graduate
2,4,9991,1,0,1,23,4,14.9,4,11.64,151.6,7,0.5,-0.95,0,1,Enrolled
1,18,9085,0,0,1,21,1,10.13,2,11.63,157.1,8.7,1.5,0.26,1,0,Dropout
2,6,9147,1,0,0,20,4,11.87,6,12.95,138.9,8.4,2.6,0.25,0,2,Graduate
1,4,9147,1,0,0,19,5,12.09,5,15.6,102.5,9.2,3.4,-0.09,0,2,Graduate
1,7,9500,0,0,0,20,3,12.13,1,10.52,103.6,7.8,0.6,2,1,0,Dropout
1,11,9500,1,0,0,19,5,12.92,6,15.4,157.3,8.7,0.7,0.31,0,1,Enrolled
1,2,9119,1,0,0,20,6,11.24,4,12.96,170.3,9.1,1.8,1.91,0,2,Graduate
1,2,9070,1,0,0,23,6,11.37,6,12.46,102.6,4.4,0.9,1.14,0,1,Enrolled
1,18,9147,1,0,0,21,6,10.62,5,12.77,138.9,7,1.9,1.66,0,1,Enrolled
1,14,9991,0,0,0,23,1,10.88,1,11.23,103.3,4.4,2.9,0.59,1,0,Dropout
1,2,9556,1,0,0,23,6,16.5,5,10.57,144.3,6.2,1,1.71,0,2,Graduate
1,5,9130,1,0,0,20,5,15.63,4,14.57,134.1,4.2,0.4,-1.52,0,2,Graduate
1,17,9130,1,0,0,20,6,15.8,6,13.59,179.7,10.4,0.8,0.6,0,1,Enrolled
1,18,9670,0,1,1,19,2,11.03,0,0,137.2,7.5,1.4,1.72,1,0,Dropout
2,13,9853,1,0,1,22,6,12.75,4,10.34,146.7,4.7,3.3,2.1,0,2,Graduate
1,3,9130,1,0,0,18,5,12.5,5,16.22,176,7,1.7,-0.65,0,1,Enrolled
2,8,171,1,1,0,23,5,10.89,5,13.6,110.9,10.1,1.1,-0.72,0,2,Graduate
1,12,33,1,1,0,23,6,14.71,4,10.57,118.2,4.3,1.6,0.5,0,1,Enrolled
1,12,9991,1,0,0,22,0,0,2,10.61,119.2,5.6,0.5,-0.95,1,0,Dropout
1,5,9238,0,0,0,20,2,12.84,1,12.52,158,6.6,1.9,-1.47,1,0,Dropout
1,8,9003,1,0,1,21,2,12.33,2,12.37,160.6,7.2,0.7,-1.12,1,0,Dropout
1,17,171,1,0,1,22,5,12.25,5,16.51,182.3,8.2,0.9,2.27,0,2,Graduate
1,5,9670,1,0,0,18,5,11.57,4,15.1,119.1,3.8,0.5,-1.14,0,1,Enrolled
1,18,33,1,0,0,21,4,16.89,6,12.29,151.6,5.6,0.6,-1.67,0,2,Graduate
1,7,33,1,1,0,18,4,13.42,6,14.18,114.3,8.9,2.5,1.3,0,2,Graduate
1,1,9147,0,0,0,26,1,11.71,1,10.16,181.5,7.1,0.5,0.95,1,0,Dropout
1,1,9130,1,1,0,20,4,10.59,5,15.62,189,10.2,1,1.51,0,1,Enrolled
1,13,9991,1,0,0,23,6,14.83,4,16.53,141.9,10.6,0.9,0.83,0,2,Graduate
2,9,171,1,0,0,22,6,12.12,5,14.98,134.6,8.3,3,1.34,0,2,Graduate
1,7,8014,1,0,0,20,5,16.4,6,14.28,121.3,7,1.7,-0.34,0,2,Graduate
1,18,9147,1,0,0,21,5,14.27,4,11.32,189,3.7,1.9,1.28,0,2,Graduate
2,2,9085,1,0,0,23,5,14.92,5,11.77,112.2,11.4,2.6,2.27,0,1,Enrolled
1,17,9130,1,0,0,18,4,13.05,4,12.67,167.4,4.5,0.5,-1.35,0,2,Graduate
1,14,171,1,1,0,23,4,14.69,6,11.25,168.1,10.6,1.4,0.03,0,1,Enrolled
1,12,9119,1,0,0,19,4,15.61,6,15.49,140.5,4.1,1.7,-0.2,0,2,Graduate
1,5,171,1,0,0,19,5,13.04,4,14.82,186.5,8.9,1.9,1.01,0,2,Graduate
1,4,9773,1,0,0,19,5,16.3,4,15.92,124.7,10.5,1.4,2.09,0,2,Graduate
1,10,8014,1,0,0,20,5,11.28,5,10.31,181.5,7.6,1.5,-1.64,0,1,Enrolled
1,12,9773,1,0,0,23,5,14.41,4,16.75,103.2,7,1.2,1.43,0,1,Enrolled
1,10,9130,1,1,0,18,4,15.63,6,12.54,176.8,10.6,1.8,-0.53,0,1,Enrolled
2,2,9773,1,0,0,22,0,0,1,12.58,189.3,7.7,2.8,1.9,1,0,Dropout
1,17,9147,1,0,0,23,4,15.66,4,16.69,148.1,7.4,2.5,-1.07,0,2,Graduate
1,8,33,1,1,0,19,4,10.33,6,14.79,189.8,3.7,2.9,-0.9,0,2,Graduate
1,12,9070,1,1,0,22,5,10.73,6,13,136.4,4.9,1.4,-1.65,0,1,Enrolled
1,15,9070,1,0,0,20,6,16.2,4,11.2,126.5,7,1.3,1.86,0,2,Graduate
1,12,9991,1,0,1,21,3,10.36,0,0,141.5,10.7,1,-0.32,1,0,Dropout
1,18,9991,1,0,0,20,4,16.6,4,12.03,144.6,5.2,1.9,1.96,0,2,Graduate
1,5,9853,1,0,1,19,3,11.33,1,12.68,127.2,10.6,0.9,2.26,1,0,Dropout
1,5,9773,1,0,0,19,5,13.42,6,14.31,175.4,4.4,0.7,-0.87,0,2,Graduate
1,11,9070,1,0,0,21,5,12.46,6,16.4,110.7,10.3,0.5,1.22,0,2,Graduate
1,11,9991,1,0,0,23,4,10.01,6,11.32,101.9,7.1,2,0.43,0,2,Graduate
1,15,9085,1,0,0,23,4,13.82,5,15.84,101.7,4.6,0.6,0.6,0,1,Enrolled
1,5,9085,1,0,0,21,4,10.56,6,14.7,180.1,8.8,2.6,0.13,0,2,Graduate
2,3,8014,1,0,0,19,6,13.35,6,11.06,116.4,8.6,1.2,-1.13,0,2,Graduate
1,11,171,1,0,0,20,4,11.85,4,12.53,150.3,5.9,1,-1.15,0,1,Enrolled
1,5,9085,1,0,0,20,4,13.87,4,12.49,131.3,4.6,3.1,-1.31,0,1,Enrolled
1,8,9853,1,0,0,21,4,14.29,5,14.44,164.5,7.9,2.3,0.27,0,1,Enrolled
1,7,33,1,1,0,19,6,16.52,5,10.5,138.6,7,2.4,-1.63,0,2,Graduate
1,8,9670,1,0,0,19,4,11.88,4,16.36,164.3,7.6,0.7,-0.04,0,2,Graduate
1,15,9119,1,0,0,21,2,11.58,0,0,166.6,11.4,0.9,-0.6,1,0,Dropout
1,14,9853,1,0,0,19,2,10.87,0,0,130.8,5.6,1.9,1.57,1,0,Dropout
1,7,9991,1,0,0,24,1,12.71,1,12.2,125.5,10.9,1.3,1.46,1,0,Dropout
1,9,171,1,0,0,29,3,10.32,2,11.87,163.5,7,2,-0.41,1,0,Dropout
1,3,9238,1,0,0,19,5,11.9,5,13.83,129.9,6.2,2.6,0.14,0,2,Graduate
1,12,9853,1,0,0,19,5,16.65,4,11.18,161.6,8.5,3.1,-1.5,0,2,Graduate
1,8,9003,1,0,0,18,2,11.22,0,0,155.2,5.7,0.8,-1.4,1,0,Dropout
2,17,9238,0,0,1,21,3,10.47,0,0,155.8,4.2,1.6,-1.2,1,0,Dropout
1,1,9991,1,0,0,21,6,15.73,6,13.79,133.8,4.2,1.4,-1.37,0,2,Graduate
1,14,9556,1,0,0,23,5,16.6,4,14.43,188.6,10,0.7,2.06,0,1,Enrolled
1,18,9991,1,0,1,25,2,11.54,2,10.83,158.7,11.5,2,-0.97,1,0,Dropout
1,9,9500,1,1,0,24,0,0,0,0,134.3,5.7,1.1,0.07,1,0,Dropout
1,9,9500,1,0,0,19,4,15,4,12.01,135.7,5.1,2.6,1.7,0,2,Graduate
1,12,9119,1,0,1,21,0,0,0,0,139.1,9.7,1.9,-1.56,1,0,Dropout
1,6,171,1,1,0,18,6,12.8,4,12.63,185.2,4.5,1.9,0.83,0,2,Graduate
1,14,9500,1,0,1,24,0,0,2,12.25,109.9,10.3,1.8,2.1,1,0,Dropout
1,17,8014,1,1,0,22,6,12.76,4,13.25,120.9,4.6,0.6,-0.29,0,1,Enrolled
1,16,9254,1,0,0,18,4,14.56,6,12.65,128.6,4,2.3,0.02,0,2,Graduate
1,6,9147,1,0,0,19,4,11.62,5,16.11,140.5,6.5,2.1,-0.32,0,2,Graduate
1,11,9238,0,0,0,28,1,10.87,0,0,159.1,10.7,2.1,-1.66,1,0,Dropout
1,5,9254,1,0,0,23,4,12.34,6,16.73,142.2,6.9,1.2,1.75,0,2,Graduate
1,2,9130,1,0,0,18,4,14.03,4,11.3,147.7,9.7,1.6,1.68,0,2,Graduate
1,16,9130,1,1,0,20,6,11.82,5,14.88,170.8,6.5,0.7,0.4,0,1,Enrolled
1,18,9147,1,0,0,18,5,12.03,4,10.1,144,4,1.7,2.25,0,2,Graduate
1,16,9500,1,1,0,21,4,14.95,6,10.53,129.4,9.6,1.6,2.06,0,1,Enrolled
1,17,171,1,1,0,20,4,10.31,4,16.89,163.1,10.1,3,0.57,0,1,Enrolled
1,8,33,1,0,0,18,6,15.59,5,10.22,123.7,6.9,0.8,-0.98,0,1,Enrolled
1,5,9119,1,0,0,28,3,11.49,2,11.65,137.6,7,2.8,-0.7,1,0,Dropout
1,17,9119,1,0,0,20,5,15.67,4,10.78,126.3,4.8,0.8,1.87,0,2,Graduate
1,15,9500,0,0,0,29,2,10.14,1,12.64,162.9,11,1.8,0.59,1,0,Dropout
1,16,9254,0,0,1,29,0,0,1,12.81,132.2,9,1.1,0.44,1,0,Dropout
1,14,9003,1,1,0,23,6,15.27,4,15.08,187.6,7.1,3.2,-1.32,0,1,Enrolled
1,8,9147,1,0,0,21,2,12.93,1,11.4,102.6,9.9,2,0.9,1,0,Dropout
1,4,9119,1,0,1,22,6,12.48,4,13.61,187.3,8.2,2.5,1.39,0,2,Graduate
1,9,9070,1,0,0,21,6,12.85,5,10.94,140.9,8.9,2.5,-1.64,0,1,Enrolled
1,7,9130,1,1,0,20,5,15.42,6,12.06,121.6,6.7,1.4,-1.2,0,1,Enrolled
1,11,9119,1,1,0,22,5,14.29,6,13.68,109.2,11.4,1.9,0.94,0,2,Graduate
1,13,8014,1,0,0,20,4,15.83,6,15.64,125.3,10.1,2.3,0.61,0,2,Graduate
1,15,9119,1,0,0,22,4,13.11,6,16.83,108.6,4.8,1,0.01,0,2,Graduate
1,16,9130,1,0,0,20,5,11.24,4,14.56,112,5.8,0.6,-0.14,0,2,Graduate
1,15,9070,1,0,0,20,6,11.14,5,15.66,103.4,7.2,2.6,1.59,0,2,Graduate
1,11,9254,1,0,1,24,1,11.14,1,11.22,174.4,7,2.6,1.13,1,0,Dropout
1,8,9147,0,1,1,21,0,0,0,0,184.8,4,0.6,0.58,1,0,Dropout
2,3,9670,1,0,0,21,5,12.16,4,10.32,174.7,5.7,1.5,2.24,0,2,Graduate
1,7,171,1,0,1,22,5,11.02,4,13.46,160.4,5,2.9,-0.73,0,2,Graduate
1,1,9853,1,0,0,19,5,13.41,5,15.38,109,10.9,0.4,0.93,0,2,Graduate
1,1,9119,0,0,1,29,1,12.55,0,0,142.2,5.5,2.1,0.75,1,0,Dropout
1,4,9500,1,0,1,25,2,11.46,2,12.78,170,6.6,2.8,-0.78,1,0,Dropout
1,11,9670,1,0,0,22,4,16.49,6,10.2,111,3.8,3.3,-0.81,0,1,Enrolled
1,10,9254,1,1,1,19,0,0,0,0,132,4.3,1,-1.6,1,0,Dropout
1,10,9254,1,0,0,21,4,13.2,6,15.42,142.5,11.2,2.7,0.3,0,2,Graduate
2,5,9773,0,1,0,26,1,12.16,1,11.81,141.8,8.2,2,2.24,1,0,Dropout
1,5,9254,1,0,1,21,3,12.74,2,12.74,152.6,8,1.5,0.89,1,0,Dropout
1,1,9500,1,0,0,23,5,10.38,5,16.32,120.9,8.6,1.9,-0.96,0,2,Graduate
2,16,9853,1,0,1,18,0,0,1,11.95,179.9,6.7,0.9,-1.14,1,0,Dropout
1,17,9556,1,0,0,18,4,16.56,6,16,122.7,6.1,1.9,1.36,0,2,Graduate
1,9,9773,1,0,0,27,1,10.5,1,12.32,129.5,10.8,1.5,0.97,1,0,Dropout
1,5,9070,1,0,1,19,3,11,0,0,123.5,4.9,3.2,1.82,1,0,Dropout
1,6,9556,1,1,0,21,5,11.15,4,10.71,183.9,11.2,1.7,-1.6,0,2,Graduate
1,6,9670,1,1,0,18,4,16.79,5,10.28,144.6,4.5,1.1,1.37,0,1,Enrolled
1,5,171,1,0,0,22,1,10.16,0,0,111.3,8,1.7,-0.95,1,0,Dropout
2,4,8014,0,0,1,26,3,12.81,1,12.95,139.2,10.5,2.8,-1.13,1,0,Dropout
1,11,9500,1,0,0,19,5,16.9,4,16.11,121,8.3,1,1.05,0,1,Enrolled
1,7,9003,0,0,0,24,0,0,2,11.55,156.9,6.8,0.8,0.05,1,0,Dropout
1,8,9853,1,1,0,23,6,10.24,6,14.53,179.2,10,3.2,2.15,0,2,Graduate
2,6,9238,1,0,0,19,5,13.85,5,13.88,120.7,5.8,2.7,-0.79,0,2,Graduate
1,2,9238,1,1,0,21,0,0,2,10.08,132.6,10.4,2.9,0.38,1,0,Dropout
2,9,171,1,0,0,22,6,11.46,6,15.83,158.8,11.6,1.9,-1.07,0,2,Graduate
1,7,171,1,0,0,23,5,14.96,4,15,158.1,7.9,2.8,-0.57,0,2,Graduate
1,16,9254,1,0,0,21,4,10.89,4,15.44,118.5,9.6,1.1,-1.08,0,2,Graduate
1,4,171,0,0,1,29,2,12.31,1,10.75,184.1,4.7,1.6,-1.56,1,0,Dropout
1,9,33,0,0,1,22,1,11.23,2,11.26,182.3,9.4,1,0.68,1,0,Dropout
1,10,9147,1,0,0,20,6,13.29,5,12.35,180.9,8.2,2.1,1.53,0,2,Graduate
1,8,9003,1,0,0,18,4,13.09,4,12.43,107,5,1.6,0.13,0,2,Graduate
1,13,9238,1,1,0,20,6,15.81,6,11.37,114.6,10.6,2.2,-0.02,0,2,Graduate
1,3,9070,1,0,0,23,5,15.41,4,14.49,158.2,5.2,1.4,-1.35,0,2,Graduate
1,17,9119,1,0,0,18,6,15.2,5,11.87,185.8,9.7,2.4,-0.48,0,2,Graduate
1,17,9070,1,0,0,22,6,16.41,6,13.11,112.3,4.6,1.6,2.01,0,2,Graduate
1,18,9991,1,0,0,26,3,12.58,1,12.88,162.9,4.4,3.1,-1.56,1,0,Dropout
1,5,33,1,0,0,18,4,11.91,6,15.91,189.7,7,1.5,0.61,0,1,Enrolled
1,1,9670,1,1,0,22,6,15.21,6,10.66,138.1,6.5,2.7,0.99,0,2,Graduate
1,11,9254,1,0,0,20,6,13.8,5,14.79,131.9,8.1,1.5,-1.12,0,2,Graduate
1,12,9003,1,0,0,20,5,16.93,6,16.78,121.5,6.8,0.6,1.67,0,1,Enrolled
1,16,9991,1,0,1,22,4,11.26,6,16.95,125.9,5.5,0.9,2.12,0,2,Graduate
1,2,9119,1,1,0,19,5,11.68,6,16.25,127.1,10.2,1.9,0.67,0,2,Graduate
1,1,9085,1,0,0,23,4,14.08,5,11.97,133.8,8.1,2,2.05,0,2,Graduate
1,1,9130,1,1,0,23,4,15.84,6,15.8,149.3,5.5,0.7,-0.55,0,2,Graduate
1,8,9147,1,1,0,23,6,11.7,4,16.41,122.4,10.4,0.6,-0.71,0,2,Graduate
1,18,9147,1,0,0,20,5,11.91,5,16.54,119.2,4,2.8,-1.5,0,2,Graduate
1,5,9003,1,0,0,22,5,10.56,5,10.46,145.1,3.7,3.2,-1.18,0,2,Graduate
1,11,9003,1,0,0,18,6,12.23,4,12.65,168,8.3,1.4,1.49,0,2,Graduate
2,15,33,1,0,1,20,2,10.24,0,0,150,7.9,2.6,-1.25,1,0,Dropout
1,16,9119,1,0,0,19,6,16.19,6,16,150.6,7.9,1.2,-0.83,0,2,Graduate
1,4,9085,1,0,1,27,1,12.18,2,12.75,189,3.9,1.1,-1.51,1,0,Dropout
2,12,8014,0,0,0,29,0,0,2,10.26,145.6,4.3,1,-1.16,1,0,Dropout
1,7,8014,1,0,1,19,4,16.28,4,11.82,134,10.2,1.7,0,0,2,Graduate
1,5,9130,1,0,0,26,0,0,1,11.1,169.6,9.3,1.4,2.2,1,0,Dropout
1,1,9085,1,0,0,22,5,11.84,6,11.47,116.4,10.9,2.5,2.18,0,1,Enrolled
1,2,9085,1,0,0,18,5,12.53,6,14.84,167.5,7.4,1.9,-1.32,0,1,Enrolled
1,11,9853,1,0,0,23,5,16.5,6,13.47,125.3,6.7,3,-0.03,0,2,Graduate
1,9,9238,1,1,0,21,6,16.98,5,16.01,102,4.5,2.2,-1.27,0,2,Graduate
1,6,9119,1,0,0,21,5,16.12,6,12.06,138.7,7.9,3,-0.48,0,1,Enrolled
1,17,9085,1,0,1,22,1,11.99,2,10.01,158.2,10.2,2.2,0.95,1,0,Dropout
1,12,8014,1,0,0,23,4,15.37,6,14.5,181.5,4.9,3.4,1.37,0,2,Graduate
1,12,9556,1,0,0,18,4,14.64,4,13.15,102.5,8.9,2.8,-0.16,0,2,Graduate
1,15,9085,1,1,0,20,5,10.76,6,13.01,165.4,7.7,1.4,1.35,0,2,Graduate
1,6,9003,1,0,1,20,6,13.56,6,10.73,113.6,9.9,2.7,0.6,0,2,Graduate
1,11,9085,1,0,0,22,1,10.12,1,10.84,184.6,8.8,0.4,-1.64,1,0,Dropout
1,4,9254,0,0,0,20,1,10.23,0,0,149.6,4.4,2.6,-0.36,1,0,Dropout
1,2,9070,0,0,1,19,2,11.87,2,12.33,141.7,5.3,1.6,-0.18,1,0,Dropout
1,9,9991,1,0,0,22,4,12.58,5,15.34,143.8,5.4,1.7,0.82,0,2,Graduate
1,1,9556,1,0,0,23,5,15.12,6,16.02,164.2,3.6,2.8,1.39,0,1,Enrolled
1,7,8014,1,1,0,23,6,13.68,5,11.03,135.5,8.3,0.8,1.91,0,2,Graduate
1,17,9670,1,1,0,21,4,15.31,4,14.92,144.2,6.8,1.4,0.79,0,2,Graduate
1,18,9556,1,0,0,22,4,14.35,4,15.39,157.6,7.2,1.5,1.75,0,2,Graduate
1,8,8014,1,0,0,19,4,10.05,4,16.41,144.4,7,1.2,-1.18,0,1,Enrolled
1,7,9085,1,0,0,28,0,0,1,10.34,176.3,4.4,2.8,0.72,1,0,Dropout
1,8,9853,1,0,0,20,6,11.09,5,13.36,100.4,10,3.3,-0.39,0,2,Graduate
1,18,9254,1,0,0,19,4,15.26,6,13.12,131.5,5.4,2.3,2.17,0,2,Graduate
1,10,9853,1,0,0,20,6,14.36,4,13.35,117.2,7,2.4,1.69,0,2,Graduate
1,5,9773,0,1,0,18,0,0,0,0,143.5,9.1,1.6,-0.48,1,0,Dropout
1,6,9556,1,0,0,22,5,13.19,5,13.47,159,6.8,3,2.14,0,2,Graduate
1,11,9991,1,0,0,23,6,10.1,6,11.08,156,5.9,0.7,2.19,0,2,Graduate
1,6,9500,1,0,0,21,6,14.52,5,10.96,119.4,8.2,2.7,0.4,0,2,Graduate
1,16,33,1,0,0,20,4,13.29,5,12.06,128.2,9.8,0.4,1.75,0,2,Graduate
1,15,9003,0,0,0,18,3,12.14,2,12.24,148,5.8,2.2,-1.64,1,0,Dropout
1,2,171,1,0,0,23,5,15.22,4,10.01,130.5,5.6,3.2,0.97,0,2,Graduate
1,17,9991,1,0,0,20,5,10.1,4,11.74,126.8,9.1,0.5,-1.19,0,2,Graduate
1,18,9070,1,0,1,21,2,10.83,2,12.1,121.9,4.6,2.3,-0.17,1,0,Dropout
1,18,9119,1,0,0,20,6,16.53,5,10.91,142,10.8,1.7,-0.49,0,2,Graduate
1,18,9070,1,1,0,23,5,10.67,4,15.39,111.7,8.4,2.4,-1.35,0,2,Graduate
1,16,9238,1,0,0,23,6,14.51,6,15.37,133,10.2,2.5,0.17,0,2,Graduate
1,5,9773,1,0,1,26,0,0,0,0,165.9,4.9,0.7,-1.14,1,0,Dropout
1,5,9254,1,0,0,19,5,13.67,5,10.54,159.4,4.7,0.9,1.67,0,1,Enrolled
1,2,8014,1,1,0,21,6,16.41,6,16.1,106,3.7,3.3,-1.35,0,2,Graduate
1,15,9500,1,1,0,18,6,13.12,6,14.39,112.4,10.5,2.9,-1.68,0,2,Graduate
1,18,171,1,0,0,19,5,11.6,4,16.47,160.7,5.9,1.2,0.87,0,2,Graduate
1,3,9853,0,0,1,19,3,10.72,2,12.89,124.4,6.4,1.6,-1.56,1,0,Dropout
2,2,9003,1,0,0,22,4,12.65,4,14.02,184.4,9.6,2.7,1.13,0,1,Enrolled
1,7,8014,1,0,0,20,6,10.41,4,10.02,122.3,8.5,1.1,1.26,0,2,Graduate
1,18,9238,1,0,0,21,2,12.62,1,11.64,168.7,8.5,1.7,1.86,1,0,Dropout
1,2,9254,1,0,0,25,3,10.85,0,0,132.7,6.9,1.4,-0.62,1,0,Dropout
1,15,9556,0,0,1,27,0,0,0,0,189.4,3.7,1.2,1.08,1,0,Dropout
1,6,9130,1,0,0,22,5,13.95,6,16.37,127.8,8.5,0.6,-0.19,0,2,Graduate
1,14,9130,1,1,0,23,6,14.02,6,15.57,110.2,9.3,1.8,0.67,0,1,Enrolled
1,18,171,0,0,0,18,3,10.03,0,0,145.6,7.6,1.6,-1.07,1,0,Dropout
1,14,9500,1,1,1,29,2,12.05,0,0,108.2,5.1,2.2,-1.5,1,0,Dropout
1,15,9670,1,1,0,19,5,15.9,6,15.82,174.3,8.4,1.8,0.21,0,2,Graduate
1,1,9853,1,0,0,22,6,16.18,6,11.05,127.6,7.4,2.7,1.32,0,2,Graduate
1,3,9773,1,0,0,19,6,10.41,6,10.16,164.6,7.9,0.7,1.24,0,2,Graduate
1,13,9773,1,0,0,18,6,15.17,5,12.66,114.2,6,2,0,0,2,Graduate
1,1,33,0,0,1,26,3,11.15,0,0,162.2,7.3,3.3,-1.7,1,0,Dropout
1,6,9853,1,1,0,23,4,15.63,4,16.73,176.5,9,3.2,0.11,0,2,Graduate
1,5,9991,1,0,0,23,6,12.11,4,13.52,152.8,7,0.5,-0.4,0,1,Enrolled
1,12,9254,0,0,0,25,3,11.54,2,10.2,144.9,9.9,0.4,1.92,1,0,Dropout
1,3,171,1,0,1,24,0,0,0,0,118,5.4,3.3,1.11,1,0,Dropout
1,8,9254,1,0,0,22,4,16.36,5,14.07,165.3,5.9,1.3,2.07,0,2,Graduate
1,14,9238,1,0,0,20,4,10.12,4,13.89,162.4,6.3,2.8,-0.08,0,1,Enrolled
1,16,9500,1,0,0,22,4,12.67,6,10.54,100.3,7.2,0.5,1.56,0,2,Graduate
1,8,9991,1,0,0,19,5,15.91,4,15.66,166.4,11.4,1.2,0.3,0,2,Graduate
2,12,9773,1,1,0,19,6,16.05,6,15.29,107.2,5.2,2.5,0.5,0,1,Enrolled
1,3,171,1,0,0,18,6,15.51,6,12.91,184.4,6.3,2.4,-0.96,0,2,Graduate
1,17,9238,1,1,0,23,5,11.55,5,15.59,176.2,7.6,1.1,0.59,0,2,Graduate
1,12,9500,1,1,0,20,5,16.14,4,16.15,138.8,3.8,1.6,-0.54,0,2,Graduate
2,4,9853,1,0,0,21,6,15.08,5,15.25,106,5.7,0.5,1.66,0,2,Graduate
1,6,8014,1,1,0,20,4,11.19,4,14.64,128.2,8,1.7,1.28,0,2,Graduate
2,2,9670,1,1,0,23,5,16.01,5,10.79,181.2,9.1,1.2,0.92,0,2,Graduate
1,18,33,1,0,0,23,4,12.81,5,10.48,157.4,3.9,2,0.97,0,2,Graduate
2,14,9773,1,0,1,20,2,11.52,0,0,168.2,9.8,1.4,0.15,1,0,Dropout
1,10,8014,1,0,0,23,0,0,2,12.07,180.4,3.9,0.8,-0.04,1,0,Dropout
2,12,9238,1,0,0,22,4,12.97,5,10.52,184.8,5,1.5,0.31,0,2,Graduate
1,2,9773,1,0,0,19,4,16.7,5,11.45,186.1,4,0.5,-1.21,0,2,Graduate
1,9,9119,1,0,0,23,2,12.63,1,12.85,106.9,10.6,2.6,0.49,1,0,Dropout
1,18,9254,1,0,0,23,4,13.02,6,13.94,110.7,11,3.1,2.25,0,2,Graduate
1,12,33,0,0,1,23,0,0,1,10.98,110.4,8.8,1.9,0.42,1,0,Dropout
2,12,8014,1,0,0,20,4,11.45,5,11.79,141.2,5.5,0.7,-1.42,0,2,Graduate
1,11,9254,1,1,0,18,4,10.66,6,13.18,119.7,11.6,1.9,2.22,0,2,Graduate
1,6,9991,1,0,0,19,4,12.98,5,14.88,152.8,5.4,2.8,-1.43,0,1,Enrolled
1,18,33,1,1,0,26,3,10.22,1,12.69,112.4,5.1,1.1,2.14,1,0,Dropout
1,10,9070,1,0,0,23,6,15.14,5,15.52,171.5,10.9,1.9,-0.98,0,2,Graduate
2,6,9991,1,0,0,19,5,15.22,4,14.13,141,7.2,1.9,1.04,0,1,Enrolled
1,7,9238,1,0,0,20,4,13.88,4,12.22,174.3,8.8,0.9,-0.14,0,2,Graduate
1,12,9238,1,0,0,20,5,10.42,4,12.44,163.5,9.1,2.9,-0.33,0,2,Graduate
1,14,9003,1,1,0,20,6,11.68,5,14,107,11,2.8,1.73,0,2,Graduate
1,17,9670,1,1,0,24,0,0,0,0,156.8,9.7,1.9,1.39,1,0,Dropout
1,18,171,1,0,0,21,6,16.97,4,10.02,159.5,6,2.3,0.71,0,2,Graduate
2,17,9773,0,0,1,26,2,12.02,2,10.84,135.7,8,0.6,-0.52,1,0,Dropout
1,17,9670,1,0,0,18,4,16.17,6,15.8,121.9,4.7,2.6,0.39,0,2,Graduate
1,3,9119,1,0,0,24,3,12.25,0,0,130.8,7.5,1.2,0.54,1,0,Dropout
1,13,9254,1,0,0,21,5,11.68,5,11.89,158.8,10.6,0.9,0.01,0,2,Graduate
1,2,9853,1,0,0,19,6,15.27,5,10.67,114,5.6,1.1,2.04,0,2,Graduate
1,14,9119,1,0,1,22,0,0,0,0,117.3,7.3,0.4,-1.07,1,0,Dropout
1,3,9238,1,0,0,22,5,11.99,5,11.29,149.7,11.2,2.3,-0.3,0,1,Enrolled
1,17,9991,1,0,1,29,2,12.08,1,11.89,143.7,10.1,2.8,-0.55,1,0,Dropout
1,8,9003,1,1,0,20,6,10.34,4,13.18,120.6,8.9,1.1,-0.1,0,2,Graduate
1,3,9670,1,0,0,21,5,11.84,4,15.39,116,6.9,3.2,-0.99,0,2,Graduate
1,2,9119,1,0,0,21,5,15.47,6,11.98,167.3,10.6,2.4,-1.14,0,2,Graduate
1,6,9147,1,1,0,19,5,12.27,5,13.46,144.8,6.8,3.1,0.62,0,2,Graduate
1,12,9773,1,0,0,21,6,10.89,4,15.27,158.6,8.2,1.9,0.25,0,1,Enrolled
1,15,9130,0,0,0,20,0,0,1,10.83,102,7.1,1.7,-0.52,1,0,Dropout
1,15,9556,1,0,1,24,0,0,0,0,182.8,10.1,1.3,0.08,1,0,Dropout
1,13,9773,1,0,0,20,5,10.59,5,15.54,104,6.3,1.2,1.41,0,1,Enrolled
1,17,9003,1,0,0,20,5,10.52,5,16.16,171.6,10.1,2.2,-1.49,0,1,Enrolled
1,6,33,1,0,0,19,5,14.37,4,14.86,165.9,10.4,1.6,1.64,0,1,Enrolled
1,1,8014,0,0,1,29,2,12.56,2,12.35,138.7,8.1,1.7,0.55,1,0,Dropout
1,9,33,1,0,0,21,6,15.61,6,14.34,135.1,7.5,2.6,0.4,0,2,Graduate
2,6,9773,1,1,0,27,2,12.87,2,12.59,144.1,6.7,1.9,1.47,1,0,Dropout
2,12,9670,1,0,0,18,6,13.78,6,11.42,112.7,8.5,2.8,-1.18,0,1,Enrolled
2,3,9670,1,0,1,25,0,0,2,10.98,161.4,10.2,0.9,0.16,1,0,Dropout
1,12,33,1,1,0,23,6,11.69,4,11.03,178,7.1,3.4,-1.47,0,2,Graduate
1,6,9147,1,0,1,27,1,10.04,1,10.77,140.3,6.5,2.6,-1.27,1,0,Dropout
1,18,171,1,0,0,18,4,16.39,4,10.97,181,9.1,2,-0.65,0,2,Graduate
1,5,8014,1,0,0,19,4,11.64,5,15.6,187,11.4,3.1,1.29,0,2,Graduate
1,11,8014,0,0,1,26,1,10.6,2,11.62,152.2,9.1,2.4,-0.29,1,0,Dropout
1,9,171,1,0,0,22,5,16.65,5,10.38,111.2,11.2,1.8,-1.3,0,1,Enrolled
1,8,9003,1,0,0,23,5,11.4,4,14.94,112.8,5.8,2.5,-1.62,0,1,Enrolled
1,4,9853,1,0,0,21,4,11,5,15.23,106.2,4.3,3,0.19,0,1,Enrolled
1,9,9556,1,0,0,18,5,14.8,4,11.76,126,8.5,1.9,-0.11,0,2,Graduate
1,4,9991,0,0,1,18,0,0,0,0,181.9,9.9,2.3,-0.13,1,0,Dropout
1,10,9238,1,0,0,19,6,13.75,5,10.75,127.3,7,2.6,-0.56,0,2,Graduate
1,4,9085,1,0,0,22,6,10.61,5,10.15,178.6,11.3,3.1,-0.98,0,2,Graduate
1,3,9003,1,0,0,23,5,15.39,4,12.3,177.6,8.9,0.6,-0.49,0,1,Enrolled
1,15,9130,1,0,1,23,0,0,1,12.1,174.3,5.6,0.6,1.59,1,0,Dropout
1,8,9853,1,0,0,23,6,11.92,5,16.06,152.7,8.8,1.7,1.59,0,2,Graduate
1,13,9773,1,0,0,21,6,11.56,6,12.48,133.6,6.9,1.5,-0.75,0,2,Graduate
1,13,9003,1,0,0,22,5,11.09,4,11.68,125.3,5.4,2.2,-1.41,0,2,Graduate
1,7,9500,1,0,0,18,4,15.31,6,10.72,146.9,7,1.7,-1.16,0,2,Graduate
2,18,171,0,0,1,29,1,11.79,2,11.68,138.7,11.3,2.7,-1.63,1,0,Dropout
1,15,9853,1,0,0,23,4,12.66,6,13.77,185.4,10.5,2.1,-1.26,0,2,Graduate
1,7,9773,1,0,0,22,5,15.98,5,13.55,173.4,5.8,2.5,-1.63,0,1,Enrolled
1,8,9773,1,0,0,21,5,10.24,4,13.41,123.8,5.2,2.2,-1.24,0,1,Enrolled
1,5,9085,1,0,1,29,3,11.72,1,11.45,172.3,4.4,1.1,0.66,1,0,Dropout
1,1,9130,1,0,0,19,6,15.56,6,10.03,134,8.4,0.4,0.53,0,2,Graduate
1,2,33,1,0,0,20,6,13.72,5,10.2,136.7,5.4,0.6,0.46,0,2,Graduate
1,5,9556,1,1,1,27,3,10.49,2,10.46,162.3,3.6,0.6,0.67,1,0,Dropout
1,7,9853,1,0,0,25,3,12.61,2,12.4,168.8,8.4,2.8,2.02,1,0,Dropout
1,8,9991,0,0,1,21,2,12.86,2,11.99,183.9,4.9,2.1,-0.39,1,0,Dropout
2,5,9085,1,0,0,20,6,11.5,5,15,173.4,9.5,3.3,0.54,0,1,Enrolled
1,16,33,1,0,0,19,4,12.71,4,14.2,142.2,4.2,3,-0.69,0,2,Graduate
1,16,9130,1,1,0,23,5,13.91,4,11.57,153.9,6.4,2,0.88,0,2,Graduate
2,7,9853,1,0,0,21,1,12.37,2,10.83,136.1,5.1,2.7,0.27,1,0,Dropout
2,13,9238,1,0,0,28,1,11.62,0,0,138,10.9,0.9,0.81,1,0,Dropout
1,7,9119,1,0,1,29,2,10.05,2,10.48,165.6,10.6,2.4,-1.61,1,0,Dropout
1,10,9119,1,0,0,21,6,10.78,5,10.64,186.9,4.7,2.5,-1.23,0,2,Graduate
1,11,9238,1,0,0,23,4,16.64,4,12.84,147.6,6,0.7,1.85,0,2,Graduate
1,15,9773,1,1,0,21,6,10.86,4,13.88,157.9,6.7,2.1,1.13,0,2,Graduate
1,6,9119,1,0,1,27,0,0,2,11.56,174.6,10.7,1.1,-1.05,1,0,Dropout
1,16,9070,1,0,0,19,4,12.83,5,16.73,140,4.1,0.7,1.3,0,2,Graduate
1,6,9147,1,0,0,22,0,0,2,12.24,164.8,3.9,0.7,-0.9,1,0,Dropout
1,7,9070,1,0,0,22,4,14.47,5,13.57,110.5,7.4,2,0.28,0,2,Graduate
1,8,9254,1,0,0,20,4,12.15,6,16.43,160.2,10.4,0.7,1.45,0,1,Enrolled
1,15,8014,1,0,1,27,1,12.15,1,10.91,181.4,10.7,2.6,0.7,1,0,Dropout
2,3,9991,1,0,0,25,2,10.29,0,0,189.9,11,3,2.19,1,0,Dropout
1,6,9500,1,1,0,22,6,12.61,6,12.06,109.9,10.7,2.4,1.93,0,2,Graduate
1,12,9991,1,0,0,19,6,15.92,6,16.04,117.4,9.7,2.3,1.68,0,2,Graduate
1,8,33,1,0,0,22,6,16.6,6,14.43,138,5.7,0.5,-0.72,0,2,Graduate
1,16,171,1,0,0,19,3,12.62,2,10.13,189.5,10.3,1.2,1.38,1,0,Dropout
1,14,171,1,1,0,21,4,11.26,5,12.83,158.4,3.7,0.5,0.54,0,1,Enrolled
1,6,9556,1,0,0,18,6,13.23,5,13.87,189.7,9.1,2.5,-1.47,0,1,Enrolled
1,9,9119,1,0,0,23,6,11.18,5,16.1,176.2,4.1,2.1,1.81,0,2,Graduate
1,1,9254,0,0,0,23,3,10.51,1,11.64,153.6,9.7,2.1,1.67,1,0,Dropout
1,12,9254,1,0,0,20,4,13.76,4,14.64,169.3,4.7,3.3,2.01,0,2,Graduate
2,7,171,1,1,0,18,6,16.79,5,16.3,129.6,10.3,2.4,-0.06,0,2,Graduate
1,1,9556,1,0,0,20,5,11.36,6,13.5,116.1,5.7,3,-0.49,0,2,Graduate
1,11,9147,1,0,0,19,4,13.52,4,13.14,170.3,6.3,2.7,1.17,0,2,Graduate
1,5,9556,1,0,0,23,5,12.02,5,15.67,137.4,4.3,1.7,2.26,0,2,Graduate
1,10,9670,1,1,0,20,5,16.07,6,11.39,174.9,7.5,0.5,-0.37,0,2,Graduate
1,18,9238,1,0,0,22,5,13.59,6,11.82,162.9,4.1,2.2,-0.01,0,2,Graduate
1,15,9003,1,0,0,18,6,11.92,4,13.99,102.7,7,2.9,-0.53,0,2,Graduate
1,14,171,1,0,0,23,4,14.88,6,10.83,146.2,8.6,0.7,-1.21,0,1,Enrolled
1,14,9670,1,1,0,21,6,10.44,4,14.92,114,11.1,1.1,1.94,0,1,Enrolled
1,14,9991,1,0,1,27,1,10.8,1,11.13,106.6,6,1.9,-0.55,1,0,Dropout
1,12,9119,1,0,0,21,5,14.81,4,11.98,184.7,6.3,2.3,0.38,0,1,Enrolled
2,3,9003,1,0,0,21,4,14.6,6,13.62,154.4,4.2,1.3,0.2,0,2,Graduate
1,9,9070,1,0,0,21,4,10.23,4,14.59,106.4,4.8,2.4,1.59,0,1,Enrolled
1,8,9238,1,0,0,20,4,11.6,6,13.5,185.8,3.8,3.1,1.14,0,2,Graduate
1,18,9773,1,0,0,22,5,12.26,4,10.08,187.8,8.3,0.8,2.29,0,2,Graduate
1,7,8014,0,0,1,29,3,12.82,1,10.93,143.7,5.9,0.6,-1.65,1,0,Dropout
1,10,9670,1,0,0,21,5,12.87,5,15.2,149.4,10.7,2.9,0.91,0,2,Graduate
1,5,171,1,0,0,23,5,13.77,6,10.8,147.2,9.7,2.3,-0.87,0,1,Enrolled
1,9,9238,1,1,0,22,6,15.71,4,15.7,184.6,10,3.2,2.12,0,2,Graduate
1,4,33,1,0,0,20,3,11.38,1,12.65,106.2,10,0.6,0.28,1,0,Dropout
1,15,9853,1,0,0,18,5,15.13,6,15.86,119.3,8.5,3,2.17,0,2,Graduate
1,6,9147,1,0,0,22,6,15.38,4,14.26,156.5,10.7,2.1,-0.33,0,2,Graduate
1,16,171,1,0,0,18,6,11.41,6,11.95,147,7.7,2.6,1.73,0,2,Graduate
1,18,9991,1,0,0,24,3,10.21,2,10.24,154.2,8.3,3,-0.77,1,0,Dropout
1,9,9853,1,0,1,28,1,12.75,2,11.22,177.8,11,2.8,-0.27,1,0,Dropout
1,10,9238,1,0,0,21,5,13.75,6,11.9,140.3,8,3.2,-1.57,0,1,Enrolled
1,1,9003,1,0,0,23,5,10.35,5,15.75,164.5,10.8,1.4,1.91,0,1,Enrolled
1,6,9130,1,1,0,19,4,15.64,4,13.67,150.7,11.2,0.9,1.15,0,2,Graduate
1,10,9130,1,0,0,20,6,15.77,5,11.76,120.8,6.3,1.9,1.24,0,1,Enrolled
1,14,9130,1,0,1,18,2,10.98,1,12.56,181.4,8.3,2.7,-0.36,1,0,Dropout
1,7,9991,1,0,0,21,4,14.98,6,15.15,164.5,7.4,0.5,0.42,0,2,Graduate
1,1,171,1,0,0,20,5,13.37,5,13.39,130,3.8,2.9,1.19,0,2,Graduate
1,12,9254,1,0,0,18,6,12.13,5,15.35,138.8,11.4,3.2,0.51,0,2,Graduate
1,13,9147,1,1,0,21,5,14.56,4,15.99,140.9,4.5,2.1,-0.1,0,2,Graduate
1,13,9500,1,0,1,24,3,11.37,0,0,121.9,7.6,2.2,-0.14,1,0,Dropout
1,1,9147,1,0,0,18,6,11.47,5,12.54,187.9,8.8,3.2,-1.54,0,1,Enrolled
1,5,9853,1,0,0,22,6,15.63,6,15.5,130.8,7.7,0.7,-1.55,0,2,Graduate
1,15,9254,1,0,1,23,2,10.5,1,10.84,159.8,6.9,3.4,-0.45,1,0,Dropout
1,18,9070,1,0,0,18,4,15.64,6,14.12,117.3,4.1,2,-0.83,0,2,Graduate
1,4,9119,1,0,0,23,4,10.92,5,14.68,105.3,10.4,2.6,2.17,0,1,Enrolled
2,8,9500,0,0,0,20,0,0,1,12.32,165.5,10.5,3,-0.59,1,0,Dropout
1,1,9130,1,0,0,20,6,11.93,6,12.7,162.9,6.4,1.8,1.72,0,2,Graduate
1,3,9853,1,1,0,21,4,11.41,6,14.56,177.2,8.4,1.8,1.45,0,2,Graduate
2,15,9991,1,0,0,21,5,13.02,6,10.34,117.9,4.1,1.7,1.79,0,2,Graduate
1,5,9853,1,0,1,22,6,15.93,5,15.34,112.3,3.9,2.6,-0.04,0,2,Graduate
1,16,8014,1,0,0,19,5,11.7,6,16.47,149.4,10.4,2.3,0.59,0,1,Enrolled
1,6,8014,1,0,0,21,4,15.92,6,16.26,187.4,5,0.4,0.56,0,2,Graduate
1,16,9556,1,0,0,23,6,15.39,6,14.27,144.1,4.8,1,1.4,0,2,Graduate
1,3,9085,1,0,0,25,0,0,0,0,133.3,6.3,2.3,0.97,1,0,Dropout
2,5,33,1,0,0,21,4,10.84,6,12.1,122.2,11.3,0.5,0.59,0,2,Graduate
1,6,9556,1,0,0,23,5,16.43,5,15.12,187.4,5.3,1.1,1.64,0,2,Graduate
1,4,33,1,1,0,23,6,10.88,5,10.98,180.8,3.9,1.3,0.93,0,2,Graduate
1,6,9003,1,0,0,18,6,11.51,4,12.91,143,4.5,3,0.89,0,2,Graduate
1,14,171,0,0,0,29,1,12.84,2,11.37,146.5,5.7,2.6,-0.28,1,0,Dropout
1,16,171,1,0,0,23,6,15.93,5,16.37,167.6,8.8,0.7,0.31,0,2,Graduate
1,15,9991,1,0,0,21,4,14.67,5,14.24,189.7,4.5,2.2,-0.79,0,1,Enrolled
1,13,9070,1,0,0,26,2,11.9,0,0,132.9,4.8,2.8,0.72,1,0,Dropout
1,8,9500,1,0,0,22,4,14.32,5,10.96,118.5,7.5,0.6,1.15,0,2,Graduate
2,1,9773,1,0,0,22,6,14.62,5,13.81,172.5,8.2,1.7,2.11,0,2,Graduate
1,11,9238,1,1,1,20,2,10.54,0,0,117.5,6.3,3.3,-0.47,1,0,Dropout
1,9,9003,1,0,0,22,4,14.91,6,15.19,107.8,11.4,3.4,-1.07,0,2,Graduate
1,9,9254,1,0,0,19,5,10.5,4,11.6,184.4,7.9,1,0.27,0,2,Graduate
1,15,9773,1,0,0,18,6,15.06,6,13.13,115.5,9.8,1.8,1.47,0,2,Graduate
1,8,9070,1,0,0,18,4,10.53,5,13.22,145.7,8.9,0.9,1.44,0,2,Graduate
1,9,9238,0,0,1,26,2,10.96,0,0,108.6,10.4,1.2,-1.67,1,0,Dropout
1,18,33,1,0,0,20,6,13.26,5,16.79,115.6,10.7,3,0.26,0,2,Graduate
1,5,9670,1,0,0,21,6,10.89,4,12.97,130.1,11.6,2.4,1.52,0,2,Graduate
1,3,8014,1,1,0,29,2,12.77,1,10.98,135.4,10.2,1,0.77,1,0,Dropout
1,13,9853,1,0,0,18,6,16.72,5,15.67,173.3,4.9,2.6,0.1,0,2,Graduate
1,5,9254,1,0,0,22,1,11.9,2,12.78,184.8,10.6,3.3,-1.41,1,0,Dropout
1,2,9556,1,0,0,18,6,12.89,5,14.24,125.4,6,3.1,-1.29,0,2,Graduate
1,17,9119,0,0,0,20,3,11.59,0,0,164.9,7.1,3,1.43,1,0,Dropout
1,3,9670,1,1,0,22,4,13.08,4,15.28,148.1,4.4,1.7,-1.24,0,2,Graduate
1,5,9147,1,1,0,23,4,10.3,4,16.37,166.7,4.3,2.3,-0.43,0,2,Graduate
1,9,9556,1,0,1,26,0,0,0,0,138.4,6.4,1.1,-1.26,1,0,Dropout
1,12,9670,0,0,0,22,3,10.04,2,11.24,176.9,10.8,3.4,-0.09,1,0,Dropout
1,17,8014,1,0,0,22,5,14.58,4,16.31,170.6,7.8,2.8,0.85,0,2,Graduate
1,3,8014,1,0,0,20,5,15.25,4,14.42,107.2,9.6,1,0.11,0,2,Graduate
1,13,9670,0,0,1,26,1,12.53,2,11.21,128.4,6.7,2.7,-0.93,1,0,Dropout
1,4,9556,1,0,0,22,6,10.37,4,15.97,187.4,6.3,0.8,-0.05,0,1,Enrolled
1,12,9991,0,0,1,19,3,11.57,2,12.86,169.1,10.4,1.5,-0.06,1,0,Dropout
1,6,9003,1,0,0,18,4,10.49,5,13.24,150.8,9.1,0.9,1.51,0,2,Graduate
1,5,9254,1,0,0,19,5,11.07,6,11.19,183.4,6.3,1.5,0.65,0,1,Enrolled
1,10,9773,1,0,0,19,5,13.03,4,16.9,147.1,7,1.2,-0.29,0,2,Graduate
1,12,9556,1,0,0,19,6,11.9,4,16.7,145.8,11.2,0.7,1.79,0,2,Graduate
1,8,9556,1,1,0,18,6,10.8,4,13.82,164.4,8.7,2.2,-0.95,0,2,Graduate
1,14,9254,1,0,0,21,3,11.66,2,12.43,158.6,5.2,3.3,0.78,1,0,Dropout
1,8,9130,1,0,0,19,6,16.08,4,14.7,143,7.3,1.9,-0.44,0,2,Graduate
1,7,9556,1,0,0,19,6,11.54,6,11.72,121.2,10.3,0.9,-0.01,0,2,Graduate
1,2,9238,1,1,0,18,5,15.09,6,11.69,113.8,9,3,1.71,0,2,Graduate
1,17,9773,1,0,0,18,6,14.59,6,11.12,121.6,7.6,1.7,1.41,0,1,Enrolled
1,10,9991,1,0,0,23,6,13,5,15.41,187.8,8.9,1.6,1.08,0,1,Enrolled
1,2,9238,1,0,0,21,4,12.6,4,15.66,125.8,11.4,2.3,1.11,0,2,Graduate
1,12,9130,1,0,0,18,6,12.7,5,16.05,148.7,3.8,0.5,-1.65,0,2,Graduate
1,7,9147,1,1,1,22,6,12.75,5,15.87,102.1,9.3,1.9,2.02,0,2,Graduate
1,13,9991,1,0,1,23,4,11.77,4,10.04,138.2,7.6,1.3,1.49,0,1,Enrolled
1,8,8014,1,0,1,21,2,12.3,2,12.66,105.9,4.5,0.6,0.08,1,0,Dropout
1,5,171,1,0,1,23,2,11.93,2,10.55,130.6,6,3,1.4,1,0,Dropout
1,13,171,1,0,1,29,3,11.23,0,0,149.6,11.3,3.2,-1.52,1,0,Dropout
1,15,9130,1,0,0,20,5,11.78,4,16.87,143.2,8.4,0.8,-0.19,0,1,Enrolled
1,17,9070,1,0,0,21,5,11.1,5,10.36,130.4,8.3,3.3,0.27,0,2,Graduate
1,1,9003,1,0,1,20,0,0,0,0,132.4,10.3,0.6,0.9,1,0,Dropout
1,3,9556,1,0,0,22,5,11.42,5,11.45,129.2,5.5,3,-1.58,0,2,Graduate
1,13,9085,1,0,0,18,6,16.6,6,15.41,100.5,5.4,0.6,0.45,0,2,Graduate
1,8,9147,0,0,1,29,2,11.62,2,10.45,123.1,10.1,0.5,-1.05,1,0,Dropout
2,9,8014,0,0,1,19,3,11.04,2,12.16,120.2,4.9,2.2,0.75,1,0,Dropout
1,16,9119,1,0,1,19,5,15.44,5,12.51,183.3,10,1.4,-1,0,2,Graduate
1,14,8014,1,0,0,23,5,12.15,6,13.52,159.1,7.8,3.3,0.79,0,2,Graduate
1,15,9070,1,1,0,22,6,10.85,6,12.8,168.4,9,0.8,-0.36,0,2,Graduate
1,11,9991,1,0,0,18,5,13.84,4,15.69,139,9.5,1.5,-0.82,0,2,Graduate
1,13,33,1,0,0,21,3,12.79,0,0,171.7,4.2,2.6,-1.19,1,0,Dropout
1,10,9254,0,1,0,23,1,10.95,0,0,119.5,4.4,3.2,0.37,1,0,Dropout
1,12,9070,1,0,0,22,6,16.06,4,16.47,178.6,9.8,0.6,0.95,0,2,Graduate
1,18,9070,1,0,0,21,6,16.72,6,12.14,100.9,10.1,2,-0.46,0,2,Graduate
1,2,9500,1,0,0,22,6,10.18,4,16.16,160.4,9.8,1.9,2.27,0,1,Enrolled
1,18,33,1,0,0,23,4,16.8,5,12.84,106.2,4.5,2.8,-0.1,0,2,Graduate
1,16,9147,1,0,0,21,6,12.67,6,14.5,173,11.4,1.7,1.97,0,2,Graduate
1,12,9500,1,1,0,19,4,10.2,6,12.36,101.1,10,2.7,2.26,0,1,Enrolled
1,2,9254,1,1,0,21,6,13.76,4,13.83,149.4,7.1,0.6,-0.32,0,2,Graduate
1,5,9500,1,1,0,19,5,10.22,6,14.78,173,6,0.9,-0.3,0,2,Graduate
2,16,9003,1,0,0,23,4,11.75,6,15.29,140.4,4.2,3.3,1.38,0,2,Graduate
1,2,9130,0,0,1,19,3,12.2,1,11.09,134.2,6.2,1,-1.29,1,0,Dropout
1,6,9119,1,0,0,23,6,16.14,4,12.33,136,9.2,1.3,-0.79,0,2,Graduate
1,16,9670,1,0,0,22,4,15.18,6,16.36,135.3,8.1,1.7,2.29,0,2,Graduate
1,11,9773,1,0,0,20,6,15.95,5,11.53,132.7,6.8,2.7,1.63,0,2,Graduate
2,9,9556,1,0,1,26,1,11.04,2,11.37,102.2,4.8,3.3,0.35,1,0,Dropout
1,17,9670,1,0,0,18,5,11.55,6,11.59,151.4,8.5,2.3,1.04,0,1,Enrolled
1,6,9070,1,1,0,21,5,10.31,6,10.67,141.5,8.3,1.2,0.67,0,2,Graduate
1,8,33,1,1,0,18,4,11.09,6,15.46,155.3,5.8,1.2,-1.42,0,2,Graduate
1,9,9119,1,1,0,20,4,14.45,4,11.39,176.7,7.6,0.5,1.53,0,2,Graduate
1,2,9119,1,1,0,18,4,12.52,5,15.82,179.6,6.1,0.9,1.86,0,2,Graduate
1,2,9147,1,1,0,18,4,13.99,4,10.54,116.1,7.9,1.5,-0.09,0,2,Graduate
1,8,9853,1,0,0,22,4,15.9,6,15.41,158.2,7.3,3.1,-1.61,0,2,Graduate
1,3,9119,1,0,1,23,5,11.2,5,13.12,103.2,9.9,2.5,1.03,0,1,Enrolled
1,2,9773,1,1,0,22,5,15.42,5,14.66,119.2,10.3,2.6,0.38,0,1,Enrolled
1,7,9500,1,0,0,18,6,11.44,4,10.52,111.4,7.5,1.3,-1.48,0,2,Graduate
1,6,171,1,1,0,21,5,16.86,4,14.58,112.7,11.3,1.4,1.92,0,2,Graduate
1,14,9130,1,0,0,18,6,11.17,4,16.32,158.1,9.1,1.7,1.51,0,1,Enrolled
1,1,9070,1,0,0,28,2,11.94,0,0,109.7,10.2,2.1,0.84,1,0,Dropout
1,10,33,1,0,0,21,6,14.87,6,11.23,142.1,6.8,2.4,1.1,0,2,Graduate
1,16,9119,1,0,0,19,4,13.57,6,16.77,129.1,11.2,3.1,0.9,0,2,Graduate
2,11,9085,0,1,0,29,1,12.9,1,10,101.4,8,0.7,1.66,1,0,Dropout
2,16,33,1,1,0,23,6,14.47,5,13.25,175.8,11.3,2.4,1.09,0,1,Enrolled
1,5,9670,1,0,0,20,6,14.39,4,13.83,104.4,8.6,1.9,1.62,0,2,Graduate
1,5,9556,1,0,1,18,3,12.19,0,0,108.2,5.8,2.7,-0.05,1,0,Dropout
2,13,9254,0,0,1,18,1,10.46,1,11.94,181.2,7,1.9,0.22,1,0,Dropout
2,11,9070,1,0,0,20,5,16.07,6,14.48,144.2,6.9,1,-0.75,0,2,Graduate
1,6,9556,1,0,0,19,4,11.93,6,11.42,138.2,8,1,0.63,0,2,Graduate
1,6,9556,1,0,0,20,6,15.47,4,16,113.8,5.9,0.7,-0.49,0,2,Graduate
1,5,9773,1,0,0,18,5,10.63,5,13.93,136,11.1,1.8,1.85,0,2,Graduate
2,2,9853,1,0,0,18,5,14.47,4,13.31,126.7,3.6,1.2,0.18,0,1,Enrolled
1,2,9853,1,0,1,22,3,11.01,0,0,182.6,10.9,3.1,0.76,1,0,Dropout
1,15,9773,1,0,0,18,6,13.08,5,13.79,181.3,7.1,2.6,1.38,0,2,Graduate
1,3,9670,1,0,0,20,5,11.01,4,15.99,124.8,7,1.2,2.25,0,1,Enrolled
1,3,33,1,0,0,21,6,12.24,6,16.32,141.2,8.9,3.4,0.73,0,1,Enrolled
1,7,9556,1,0,1,23,1,10.45,0,0,100.6,9.5,0.7,1.12,1,0,Dropout
1,17,9085,1,0,0,18,6,11.13,6,16.66,175,4.6,2.9,-1.5,0,1,Enrolled
1,8,9119,0,0,0,27,3,11.09,1,12.83,145.7,3.8,1.1,-0.17,1,0,Dropout
1,12,9773,1,0,0,26,2,10.56,0,0,121.6,5.3,1,-0.58,1,0,Dropout
1,7,9556,1,0,0,18,5,16.87,4,12.71,135.4,7.5,2.4,-1.28,0,2,Graduate
1,6,9119,1,0,0,22,6,13.08,4,11.66,180.6,4.8,1.3,0.8,0,1,Enrolled
1,3,9070,1,0,1,22,5,15.96,6,11.45,135.8,6.7,1,-0.8,0,1,Enrolled
1,2,9003,0,0,0,21,0,0,1,11.32,133.5,3.9,2.1,-0.3,1,0,Dropout
1,11,33,1,0,0,22,6,13.9,4,14.36,186.1,7.1,1.3,1.26,0,2,Graduate
1,15,9254,1,0,0,23,4,12.4,6,15.45,138.3,9.8,2.3,0.17,0,2,Graduate
1,7,171,0,0,0,28,2,12.75,2,11.84,146.7,10.4,2.3,0.42,1,0,Dropout
1,8,9130,1,0,0,18,5,10.81,6,11.75,146.5,7.3,2.4,-1.54,0,2,Graduate
1,12,33,1,0,0,21,5,10.31,5,16.57,152.7,7.1,2.4,-1.21,0,2,Graduate
1,11,171,1,0,1,24,3,11.38,1,12.03,187.4,10.7,2.8,1.14,1,0,Dropout
1,10,9003,1,0,0,22,4,12.35,6,16.67,126.3,4,1.7,0.76,0,2,Graduate
1,8,9238,1,0,0,19,5,11.07,6,10.21,137,5.5,1.9,1.67,0,2,Graduate
2,5,9670,1,0,0,20,6,16.53,6,15.03,178.8,9.5,3,-0.1,0,2,Graduate
1,5,9991,1,0,0,23,5,10.03,6,15.6,164.7,11,0.9,-1.43,0,2,Graduate
1,5,9130,1,1,0,23,6,14.32,5,16.01,183.3,7.4,2.5,-0.03,0,2,Graduate
1,6,9003,1,0,1,20,0,0,2,10.69,162.7,11.3,2.5,-0.77,1,0,Dropout
1,18,9147,1,0,0,24,3,10.57,2,12.21,142.1,6.8,1.9,-1.1,1,0,Dropout
1,14,9147,1,0,0,23,6,10.3,4,15.09,188.1,4.9,3.1,-1.28,0,2,Graduate
1,16,9147,1,0,0,20,4,13.84,5,15.72,174.4,8.1,2.5,-0.98,0,2,Graduate
1,10,9147,0,0,1,27,0,0,1,12.13,156,7.1,1.3,0.84,1,0,Dropout
1,4,9130,1,1,0,22,4,16.59,6,15.67,123.7,6.4,0.9,-0.35,0,1,Enrolled
1,17,9130,1,0,0,19,5,13.41,5,12,130.3,8.1,3,0.91,0,2,Graduate
1,13,9670,0,0,1,24,1,11.19,2,10.74,130,8.9,0.9,-0.52,1,0,Dropout
1,17,9991,1,0,0,18,4,16.18,4,16.7,131.7,7.8,2.6,-0.71,0,2,Graduate
1,8,9085,1,0,0,22,4,16.58,6,11.19,125,8.1,1.3,1.01,0,2,Graduate
1,7,9991,1,0,0,22,6,15.42,5,12.36,136.9,5.2,1.1,1.17,0,2,Graduate
1,15,9670,1,0,0,23,6,12.7,4,14.06,148.2,8.8,1.8,0.53,0,2,Graduate
1,15,9556,1,1,0,21,6,16.35,5,14.89,184.8,5.8,2.8,0.18,0,2,Graduate
1,10,9991,1,0,1,20,3,11.52,0,0,181.8,6.2,3.3,1.9,1,0,Dropout
1,13,9254,1,0,0,20,4,15.28,5,14.93,107.1,9.5,3.2,0.12,0,2,Graduate
1,17,171,1,1,0,29,0,0,0,0,135.8,7.9,3.2,1.41,1,0,Dropout
1,11,9254,0,1,0,20,3,12.04,0,0,138.1,8,0.5,-0.65,1,0,Dropout
1,18,8014,1,0,0,22,6,14.48,4,16.09,133.8,10.8,1.1,-0.61,0,2,Graduate
1,13,171,1,0,0,20,4,15.59,5,13.13,144.6,10.9,0.4,1.81,0,1,Enrolled
1,5,9254,1,0,0,20,0,0,0,0,147.9,7,1.4,1.86,1,0,Dropout
1,3,9147,1,0,0,21,4,12.13,4,12.85,169,10.7,2.1,-0.12,0,1,Enrolled
2,14,33,1,0,1,22,0,0,1,10.24,147.5,7.3,2.6,2.28,1,0,Dropout
2,5,8014,0,0,1,27,2,11.98,1,11.19,122.7,8,2.1,0.89,1,0,Dropout
1,10,9003,1,1,0,21,6,15.47,6,13.84,143.6,9,2.8,0.25,0,2,Graduate
1,8,9773,1,0,0,18,5,16.48,4,12.1,158.9,6.5,2.2,0.35,0,1,Enrolled
2,16,9070,1,0,0,28,0,0,0,0,103,5,1.1,-0.6,1,0,Dropout
2,15,9085,1,0,1,28,1,10.68,1,10.95,119.8,8.1,0.9,-1.09,1,0,Dropout
1,17,9238,1,1,0,19,6,13.31,4,13.65,175.9,9.9,2.7,-0.36,0,1,Enrolled
1,9,9238,1,1,0,21,5,15.16,4,13.64,166.9,8.7,1,1.87,0,2,Graduate
1,4,9238,1,1,0,23,4,10.33,5,14.88,170.6,3.9,1.9,2.29,0,2,Graduate
1,16,9773,1,0,1,21,4,16.85,5,16.11,104.5,3.8,2.7,-0.62,0,2,Graduate
1,15,9773,1,0,0,21,4,13.52,5,15.08,112,9.5,0.5,0.57,0,2,Graduate
1,1,9853,1,1,1,25,0,0,1,11.47,141.1,7,1.6,-0.43,1,0,Dropout
1,14,9556,1,1,0,20,6,13.95,5,10.3,156.7,10.5,2.5,-0.3,0,2,Graduate
1,7,9147,1,1,0,22,6,11.28,6,14,138.4,10.1,1,0.52,0,2,Graduate
1,16,9238,1,0,0,22,4,10.25,6,13.52,165.4,8,2.3,0.33,0,2,Graduate
1,12,33,1,0,0,20,1,10.99,1,12.77,180.6,9.3,2.4,1.34,1,0,Dropout
1,17,9070,1,0,0,19,4,13.06,5,16.93,126.8,8.9,2.2,1.31,0,2,Graduate
1,16,33,1,0,0,18,5,13.4,4,15.04,108.2,10.2,2.4,0.07,0,2,Graduate
1,14,9070,1,0,0,19,5,14.42,6,12.88,108.5,7.5,1.6,-1.05,0,2,Graduate
1,14,9003,1,0,0,22,6,12.52,5,12.22,152.2,6.8,1.7,-0.3,0,2,Graduate
2,11,9085,1,1,0,21,5,11.56,6,13.63,107.1,8.3,0.6,-0.06,0,2,Graduate
1,16,9147,1,1,0,20,5,14.26,6,10.18,122.2,5.1,3.3,0.85,0,2,Graduate
1,10,9254,1,0,0,18,5,11.77,5,13.42,125,4.6,3,-1.34,0,2,Graduate
1,13,9119,1,0,0,23,3,10.71,0,0,109.3,7.8,1,-0.51,1,0,Dropout
1,11,171,1,0,0,21,4,12.82,6,14.6,161.1,11.2,0.9,0.53,0,2,Graduate
2,13,9773,1,0,1,24,1,10.76,1,12.41,140.5,4.4,2.1,-0.21,1,0,Dropout
1,17,9070,1,0,0,23,5,10.13,4,14.11,109.1,10.4,3.3,0.18,0,2,Graduate
1,16,9119,0,0,0,18,2,12.15,1,10.02,131.8,9.6,1.8,0.21,1,0,Dropout
1,1,9070,1,0,0,18,2,12.76,1,11.17,145.3,11.3,2.8,-0.26,1,0,Dropout
1,7,9853,0,0,0,19,1,10.39,0,0,187.7,8.1,1.5,1.56,1,0,Dropout
1,5,9003,1,0,0,19,6,10.39,6,12.58,164.2,11.2,3,-0.71,0,2,Graduate
1,17,9119,1,0,1,29,3,11.57,1,12.15,139.9,6,1.1,0.19,1,0,Dropout
1,17,9003,1,1,0,19,6,13.6,6,10.35,163.8,4.4,2.2,-1.56,0,2,Graduate
1,1,8014,1,0,0,18,4,12.22,4,12.11,144.1,6.6,0.5,-1.31,0,2,Graduate
1,3,9085,1,0,0,18,4,13.69,4,13.43,186.2,4.2,1.8,-0.19,0,2,Graduate
1,11,9254,0,0,1,25,0,0,0,0,162,5.3,2.5,0.84,1,0,Dropout
1,15,9085,0,1,1,21,2,12.72,2,12.48,130.8,4.8,2.1,-0.31,1,0,Dropout
1,15,9500,0,0,0,23,3,10.43,1,10.78,106.8,5.8,1.8,1.65,1,0,Dropout
1,5,9254,1,1,0,22,5,14.95,4,12.73,165.2,10.1,0.8,-0.72,0,1,Enrolled
1,12,171,1,0,0,18,4,14.44,6,10.98,164.2,8.5,3.2,1.82,0,2,Graduate
1,7,9556,1,0,0,22,6,16.12,4,11.27,130.8,10.7,2,-1.53,0,1,Enrolled
1,3,9003,1,0,1,27,3,11.47,0,0,144.8,6.4,1.7,1.69,1,0,Dropout
1,10,9556,0,0,1,22,3,10.92,2,12.94,158.2,10.7,0.6,1.54,1,0,Dropout
1,14,8014,1,0,0,21,4,14.93,4,11.07,107.9,5.3,0.8,-1.59,0,2,Graduate
2,8,9670,1,0,1,21,6,14.63,6,12.71,144.8,4.2,1.5,1.05,0,1,Enrolled
1,13,9119,1,0,0,19,5,12.86,6,13.63,187.2,10.1,1.8,1.72,0,2,Graduate
1,3,9853,1,0,1,18,1,12.05,0,0,115.9,10,2.1,2.23,1,0,Dropout
1,18,9254,1,0,0,21,6,16.65,5,10.35,188,10.7,3.2,-1.05,0,2,Graduate
1,9,9003,1,0,0,22,4,15.46,4,10.71,150.5,3.8,3,-0.45,0,2,Graduate
1,1,9773,1,0,0,23,4,14.52,4,12.11,131.2,10.9,3.1,0.21,0,1,Enrolled
2,15,8014,0,0,1,27,0,0,1,11.48,114.6,10.9,1.8,-0.06,1,0,Dropout
1,4,9130,0,0,0,24,2,11.4,0,0,107.2,10.1,0.6,0.08,1,0,Dropout
1,1,9147,1,0,1,28,1,12.28,2,10.15,185.1,6.7,2.8,1.11,1,0,Dropout
1,14,9085,1,1,0,18,4,12.85,6,12.19,181.1,3.9,2.7,0.18,0,2,Graduate
1,9,33,1,1,0,23,6,10.38,4,11.74,182.9,9.1,1.3,-1.18,0,2,Graduate
1,9,9991,1,0,0,20,0,0,2,10.03,136.6,6.9,1.1,-1.66,1,0,Dropout
1,12,9670,1,0,0,21,5,15.51,4,13.05,158.6,4.9,1.4,-0.94,0,2,Graduate
1,6,9991,1,0,0,19,4,15.44,4,14.32,117,10.4,3.3,1.03,0,2,Graduate
1,4,9991,1,0,1,23,0,0,2,11.75,129.1,4.1,1.5,-0.87,1,0,Dropout
1,7,9119,1,0,1,22,3,12.48,1,10.6,135.2,8.7,3.3,0.12,1,0,Dropout
1,14,9670,1,0,0,20,5,13.84,5,15.42,104.3,6.4,1.6,0.9,0,2,Graduate
1,2,9238,1,0,0,20,5,16.95,5,13.36,100.3,5.2,1.1,0.56,0,2,Graduate
1,11,9254,1,1,0,21,5,16.83,6,16.41,100.5,4.3,0.7,1.22,0,2,Graduate
2,17,33,1,0,0,19,4,11.13,5,13.36,179.4,3.8,0.6,0.34,0,1,Enrolled
1,6,9853,0,1,1,25,2,11.75,0,0,120.9,6.5,1.8,-1.64,1,0,Dropout
1,3,9670,1,1,0,23,4,15.28,4,11.61,183.3,7.8,2.5,-1.22,0,2,Graduate
1,14,9670,1,1,0,19,6,16.98,6,11.87,164.4,10.9,1.5,2.18,0,1,Enrolled
1,9,9147,1,1,0,22,6,10.62,4,11.4,169.6,11.4,2.9,-0.9,0,1,Enrolled
1,12,33,1,0,0,18,5,15.76,5,13.63,142,8.5,3.1,-1.28,0,2,Graduate
1,16,9085,1,0,0,20,4,16.96,6,12.25,106.3,7,1.4,-0.97,0,2,Graduate
1,11,9853,1,1,0,20,5,12.3,6,11.92,146.7,11.5,2,0.34,0,2,Graduate
1,7,9853,0,0,0,23,2,10.02,0,0,115.9,5.8,0.6,0.1,1,0,Dropout
1,14,171,1,0,0,22,4,11.57,5,13.66,179.6,3.6,2.8,-1,0,1,Enrolled
1,17,9070,1,0,0,20,4,15.11,5,15.32,158.7,10.6,1.4,-0.35,0,1,Enrolled
2,13,9556,1,0,0,20,4,16.17,4,13.01,113,7.4,1.6,0.97,0,1,Enrolled
1,17,9119,1,0,1,19,1,10.17,0,0,119.4,8.4,3.1,0.85,1,0,Dropout
1,14,33,1,0,0,23,4,12.88,4,12.53,125,8,1.2,2.25,0,2,Graduate
1,3,171,1,1,0,21,5,16.41,6,12.53,118.3,9.3,2.1,0.07,0,2,Graduate
1,8,9238,1,0,0,20,6,14.08,6,16.57,177.6,9.1,3.4,-0.67,0,2,Graduate
1,9,9254,1,1,0,19,3,12,2,11.56,103.2,5.9,3.3,0.1,1,0,Dropout
1,2,9670,1,0,0,18,6,12.14,6,10.86,175,9.4,2.6,-0.54,0,2,Graduate
1,13,9238,0,0,1,28,3,11.66,2,11.51,142.4,10.8,1.5,0.56,1,0,Dropout
1,10,9853,1,1,0,19,5,14.11,4,15.26,138.6,6.2,0.5,-0.16,0,1,Enrolled
1,18,9070,1,1,1,23,2,10.82,0,0,148.1,10.1,1,-1.62,1,0,Dropout
1,13,9085,1,0,0,25,2,12.02,0,0,160.2,6.1,0.5,0.31,1,0,Dropout
1,13,171,0,0,0,24,3,11.24,2,12.64,179.5,6.5,2.6,-0.34,1,0,Dropout
1,11,9500,0,0,1,24,2,12.74,0,0,123.5,10.1,0.7,0.49,1,0,Dropout
1,13,9147,1,0,0,18,4,12.31,5,15.81,113.2,10.4,3.4,0.77,0,2,Graduate
1,13,33,1,1,0,18,4,14.39,4,14.13,108.4,9.4,1,0.51,0,1,Enrolled
1,1,33,0,0,1,27,1,12.75,1,12.31,170.7,8.7,2.8,0.36,1,0,Dropout
1,5,9085,1,0,0,20,3,10.68,1,11.23,186.2,6.7,0.8,1.79,1,0,Dropout
1,3,9500,1,0,0,19,2,10.99,1,11.19,128.3,6.1,2.6,0.71,1,0,Dropout
1,3,9130,1,0,0,19,6,14.64,4,10.75,174.3,10.2,1.6,1.07,0,2,Graduate
1,16,9085,1,0,1,18,1,12.39,1,10.11,139,10.6,1.4,-1.04,1,0,Dropout
1,7,9853,1,0,0,23,4,16.71,5,13.29,165.9,5.4,3.3,1.6,0,1,Enrolled
1,5,9070,1,0,0,28,0,0,2,11.61,155.2,4.3,1.1,-1.47,1,0,Dropout
1,5,9556,1,0,0,21,5,16.17,4,14.12,145.3,9.1,2.7,-1.64,0,2,Graduate
1,18,9003,1,0,0,23,6,12.84,6,12.18,159.5,4.9,0.7,0.24,0,2,Graduate
1,12,9670,1,0,0,18,5,12.64,6,11.76,136,8.9,2.5,0.94,0,2,Graduate
1,7,9238,0,1,1,20,0,0,2,11.18,144.6,8.3,2.6,1.45,1,0,Dropout
1,12,9147,1,0,0,22,4,14.57,4,10.27,115.8,6.1,1.6,1.82,0,2,Graduate
1,15,9773,1,1,0,22,6,12.86,5,15.93,110.5,10.4,3.4,0.67,0,2,Graduate
1,15,9500,1,0,0,23,6,16.36,6,13.01,146,8.1,1.6,2.02,0,2,Graduate
1,14,9853,1,1,1,21,1,12.74,2,11.4,101.6,5.3,1.9,0.79,1,0,Dropout
1,1,9085,1,0,0,21,4,12.18,5,13.84,142.3,9.6,2.7,-1.49,0,1,Enrolled
1,9,9147,1,0,0,19,5,16.31,6,10.97,155.2,6.1,2.1,2.07,0,1,Enrolled
1,8,9670,1,0,1,19,0,0,0,0,171.7,5.2,1.5,1.09,1,0,Dropout
1,13,9773,1,1,0,20,4,15.34,4,11.35,165.3,5.6,2.2,0.84,0,2,Graduate
1,10,9238,0,0,0,27,2,10.91,0,0,149.6,11,2.8,-1.59,1,0,Dropout
2,7,9003,1,0,0,23,4,15.7,6,13.45,177,9.6,0.8,1.07,0,1,Enrolled
1,14,9853,1,1,0,21,6,14.37,5,12.39,140.2,7.2,0.9,1.28,0,1,Enrolled
2,15,9147,1,0,1,28,1,11.66,2,10.14,142.8,9.7,1.6,-0.06,1,0,Dropout
1,12,9070,1,0,1,21,4,10.64,5,15.8,136.1,9.7,0.7,-0.45,0,2,Graduate
1,14,9238,1,0,0,22,5,10.35,4,11.2,170.2,4.9,3,-1.11,0,2,Graduate
1,17,9773,1,0,0,18,4,11.18,4,12.81,136.5,10.7,3,0.53,0,1,Enrolled
1,12,9254,1,1,0,19,4,14.86,6,13.7,161.3,9.2,1.3,1.68,0,2,Graduate
1,2,9670,1,0,1,18,5,12.95,4,12.33,163.6,9.2,2.1,1.55,0,1,Enrolled
1,6,9670,1,0,1,23,2,11.88,1,12.14,170.6,10.4,2.1,-1.14,1,0,Dropout
1,3,9254,1,0,0,19,3,11.74,2,11.38,149.7,8.3,1.7,-1.5,1,0,Dropout
1,10,9147,1,0,1,18,3,11.82,0,0,181,8.4,1.5,0.49,1,0,Dropout
1,16,9853,1,0,0,18,4,16.35,6,15.23,126.1,5.9,2.8,-0.12,0,1,Enrolled
1,17,9147,1,1,0,22,6,13.93,6,16.02,115.9,5.4,0.6,0.4,0,2,Graduate
1,18,9500,1,1,0,20,6,13.89,5,15.53,188.6,8.9,2.7,1.7,0,1,Enrolled
1,7,9119,1,0,0,23,5,15.9,4,13.72,188.6,6.4,0.4,-1.35,0,2,Graduate
1,2,9254,1,1,0,20,6,16.25,4,14.72,140.5,7.9,1.6,1.78,0,2,Graduate
1,7,9773,0,0,0,26,0,0,2,10.53,180,10.6,0.5,0.57,1,0,Dropout
1,3,9853,0,0,1,24,2,11.78,0,0,117.1,4.8,0.6,-0.02,1,0,Dropout
1,14,9853,1,0,0,19,6,13.53,5,12.68,153.8,4.1,2,0.03,0,2,Graduate
1,3,33,1,0,0,21,2,12.59,2,11.31,139.8,7.8,2.1,1.64,1,0,Dropout
1,8,9119,1,0,0,20,4,13.88,6,16.69,130.8,6.8,2.1,1.3,0,2,Graduate
1,15,9254,0,0,1,26,3,12.89,0,0,128.9,8.8,3.1,-0.46,1,0,Dropout
1,8,9119,1,0,0,21,5,14.55,5,13.53,186.9,9.9,1.1,1.86,0,2,Graduate
1,11,171,1,0,0,18,5,11.05,5,12.53,146.6,3.8,0.8,-1.09,0,2,Graduate
1,1,9773,1,0,1,22,3,10.36,1,10.89,138.9,11,3.3,-1.42,1,0,Dropout
1,9,9070,1,1,0,20,6,16.13,4,16.45,113.9,5.7,2.8,1.95,0,2,Graduate
1,2,9254,1,0,0,18,5,12.97,6,12.46,148.6,8.3,3.3,0.26,0,2,Graduate
1,4,33,1,0,0,28,2,11.3,0,0,172.4,4.7,0.9,-1.06,1,0,Dropout
1,6,9991,1,0,0,19,5,10.28,4,15.69,117.7,10.7,2.8,-0.38,0,2,Graduate
1,16,9147,1,0,0,20,5,15.81,5,13.8,182.6,9,3.3,-0.85,0,2,Graduate
1,4,9773,1,0,0,27,3,10.39,0,0,153.1,5.7,1.1,0.02,1,0,Dropout
1,7,8014,1,0,0,23,6,10.83,6,13.46,131.4,11.4,1.1,-0.29,0,2,Graduate
1,12,8014,1,1,0,21,5,12.06,6,10.68,145.9,5.1,2.8,1.84,0,2,Graduate
2,13,33,1,0,0,19,6,12.59,5,12.24,147.7,9.1,3.1,0.3,0,2,Graduate
1,14,9119,1,0,0,19,1,12.28,2,11.98,155.3,6.2,1.1,0.55,1,0,Dropout
1,6,9853,1,0,0,21,4,15.78,4,14.78,187.3,7.6,1.5,2.27,0,2,Graduate
1,4,9853,1,1,0,18,6,16.09,4,16.18,170.3,4.1,2.1,-1.17,0,2,Graduate
1,9,9003,1,1,1,21,1,10.92,2,10.67,152.5,7.8,2.5,-1.62,1,0,Dropout
1,4,9147,1,0,0,22,6,11.47,4,15.49,146.4,11.4,1.1,1.91,0,2,Graduate
1,13,9556,1,0,0,19,5,16.88,5,10.17,178.3,11.3,1.6,-0.77,0,1,Enrolled
1,1,9085,1,0,0,21,5,13.54,6,14.99,101.9,8,2.7,1.03,0,2,Graduate
1,12,8014,1,0,0,23,4,15.14,5,16.77,118.1,8.5,1.1,0.92,0,2,Graduate
1,5,9500,1,0,0,27,1,12.25,2,10.87,109.8,9.8,1.7,0.73,1,0,Dropout
1,6,8014,1,0,1,18,0,0,2,11.97,145.8,9.9,0.6,0.05,1,0,Dropout
1,10,9500,1,1,0,23,6,14.22,6,14.96,106.4,9.6,3.3,1.98,0,1,Enrolled
1,13,8014,1,0,0,21,5,14.75,5,11.67,189.8,7.6,2.9,1.82,0,2,Graduate
1,1,9238,1,0,0,28,0,0,2,12.82,161.3,9.4,2.4,0.69,1,0,Dropout
1,13,9853,1,0,0,23,6,13.02,4,12.8,175.2,9.9,2.8,-1.11,0,2,Graduate
1,18,9130,1,0,0,20,6,11.03,4,13.65,161,6,1.6,0.01,0,2,Graduate
1,8,9147,0,0,1,18,0,0,2,12.51,142.6,4.1,1.3,2.16,1,0,Dropout
1,7,9130,1,0,1,21,6,10.85,6,16.65,104.4,7.3,1.3,-0.03,0,2,Graduate
1,15,9119,1,0,0,21,4,11.97,4,16.43,188.7,11.6,1.1,0.58,0,2,Graduate
2,15,9085,1,1,1,29,2,10.02,0,0,170.5,6.5,1.5,1.56,1,0,Dropout
1,9,9130,1,0,0,25,3,10.27,1,10.21,130.7,7.6,0.5,-1.22,1,0,Dropout
1,13,9500,1,1,0,21,5,15.57,5,10.57,150.9,7.5,1.1,2.18,0,1,Enrolled
1,8,9085,1,1,0,21,6,10.46,6,10.74,183.4,7.4,3.2,1.63,0,2,Graduate
1,10,9853,1,0,1,20,4,14.53,6,12.28,131.9,9.9,0.4,2.24,0,2,Graduate
1,14,8014,1,0,0,19,4,15.72,6,14.69,106.9,7.2,0.7,-0.31,0,2,Graduate
1,8,9238,1,0,1,24,3,10.75,0,0,188.2,10.5,1.3,-1.41,1,0,Dropout
1,6,9085,1,0,1,26,3,12.81,2,12.65,174.8,4.8,0.6,2.13,1,0,Dropout
1,9,9119,1,0,0,18,5,10.81,4,14.67,176.4,11.3,2.6,-1.48,0,1,Enrolled
1,17,9003,1,1,0,18,5,11.28,6,15.86,101.2,9.4,1.2,1.04,0,2,Graduate
1,18,9130,1,0,0,21,4,10.44,6,13.81,102.9,9.1,3.3,1.09,0,1,Enrolled
1,1,9556,1,0,0,20,4,16.96,4,15.99,176.2,7.4,2.4,-1.02,0,1,Enrolled
1,9,33,1,0,0,22,5,10.19,4,13.82,151.4,5.8,2.2,1.74,0,2,Graduate
1,11,9254,1,1,0,28,3,11.36,0,0,150.2,4.9,3.2,1.22,1,0,Dropout
1,10,9254,1,0,1,28,0,0,2,10.84,118.2,5.7,2.6,0.25,1,0,Dropout
1,17,9119,1,0,1,18,5,14.25,5,10.3,121.7,11.2,2.1,-0.45,0,2,Graduate
1,18,9853,1,0,1,21,6,14.51,5,10.48,141.2,10.7,0.6,-1.59,0,2,Graduate
1,9,33,1,0,0,20,6,15.4,6,16.11,178.9,11.2,1.3,-1.5,0,1,Enrolled
2,3,171,1,0,0,20,4,10.58,5,12.59,135.8,11,1.9,0.02,0,2,Graduate
1,9,9254,1,1,0,21,5,12.66,6,10.08,114.2,4.3,1.7,1.05,0,2,Graduate
1,10,9254,1,0,1,27,1,12.48,1,12.73,129.5,11.6,0.8,0.06,1,0,Dropout
1,3,9853,1,0,0,20,4,10.51,6,15,135.6,5.3,1.4,0.26,0,2,Graduate
1,4,9070,1,0,0,22,5,10.54,6,12.04,163.4,9.6,0.7,1.32,0,2,Graduate
1,9,9556,1,0,1,18,0,0,2,10.31,171.3,4.4,3.1,-0.2,1,0,Dropout
1,13,9556,1,1,0,23,6,10.04,5,10.59,108,8.3,2.7,-1.69,0,2,Graduate
1,5,9500,1,0,0,20,4,13.99,5,10.94,164,7.4,2.6,1.1,0,2,Graduate
2,8,9853,1,0,0,23,6,15.77,5,16.42,104,9.9,0.8,-0.74,0,2,Graduate
1,6,9773,1,0,1,26,3,11.26,0,0,171.5,4.4,0.5,0.9,1,0,Dropout
1,13,9130,0,1,1,21,1,10.08,1,12.67,158.7,4,1.8,2.14,1,0,Dropout
1,7,9773,0,0,0,26,0,0,0,0,137.2,4.7,3,1.88,1,0,Dropout
1,5,9147,0,0,1,19,2,11.46,2,11.53,112.8,8,2.1,0.8,1,0,Dropout
2,4,9556,1,1,0,23,6,12.79,5,12.27,162.7,5.4,2.9,1.54,0,2,Graduate
1,6,9130,0,0,0,24,3,11.32,0,0,183.4,7.8,2.4,2.13,1,0,Dropout
1,18,8014,1,1,0,20,4,15.34,4,11.11,114.4,10.9,1.6,2.14,0,2,Graduate
1,3,9254,1,0,0,22,6,12.73,4,13.3,135,9.4,3.1,-1.2,0,2,Graduate
1,15,9070,1,1,0,23,4,12.09,6,15.12,105.9,3.6,1.6,0.59,0,1,Enrolled
1,7,9254,1,0,0,22,6,14.63,5,10.2,116.1,6,1.1,0.14,0,2,Graduate
1,18,9670,1,0,0,23,4,12.9,5,16.04,187.7,11.3,3.3,-0.77,0,2,Graduate
1,15,9238,1,1,1,20,4,16.59,5,15.02,172.9,6.5,1.3,1.15,0,2,Graduate
1,11,9003,1,0,0,20,4,12.5,6,16.33,107.4,5.2,1.5,-1.64,0,2,Graduate
1,18,9500,1,1,0,24,1,11.45,2,12.66,173.9,7.3,2.5,0.33,1,0,Dropout
1,9,9119,1,0,0,21,4,16.41,5,11.77,182.5,5.9,1.8,1.57,0,1,Enrolled
1,14,9085,1,0,0,23,5,11.36,6,11.33,135.7,10.2,1.3,0.18,0,2,Graduate
1,1,9773,1,0,1,21,4,13.75,6,16.13,182.6,9.2,2.1,0.79,0,2,Graduate
1,8,33,1,1,0,18,5,10.32,5,13.98,174,8.8,2.7,-1.2,0,2,Graduate
1,9,9147,0,0,0,27,0,0,2,10.6,179.7,4.7,2.7,0.95,1,0,Dropout
1,11,9085,1,0,0,27,2,10.31,0,0,181.6,7.5,2.5,-1.55,1,0,Dropout
1,4,9130,0,0,1,25,1,11.94,2,10.82,151.2,7.8,1.2,-0.96,1,0,Dropout
1,11,171,1,1,0,20,5,12.91,4,13.45,103.8,9.5,3.2,-0.57,0,2,Graduate
1,5,9119,1,0,0,23,5,13.65,6,13.55,124.3,4.5,2.4,2.27,0,1,Enrolled
1,3,9853,1,0,0,20,6,16.08,5,16.3,103.3,7,2.5,2.19,0,2,Graduate
2,3,9556,1,0,1,29,0,0,2,11.04,152.5,4.2,3,0.95,1,0,Dropout
1,11,9238,0,0,0,21,3,10.74,0,0,139.6,9.7,1.8,-0.88,1,0,Dropout
1,1,171,1,0,0,19,5,13.53,6,15.34,188.4,5.4,2.2,0.63,0,2,Graduate
2,6,9773,1,0,0,23,6,11.8,4,14.3,124.4,10.4,1.3,1.53,0,2,Graduate
1,10,9085,1,0,0,23,4,11.41,5,15.57,147.9,6.3,3.2,0.95,0,1,Enrolled
1,8,33,0,0,0,25,2,11.97,2,10.58,102.8,4.7,3.1,1.83,1,0,Dropout
1,14,9147,1,0,0,23,5,16.62,6,13.69,136.5,5.3,2,1,0,2,Graduate
1,14,9500,1,1,0,19,6,12.02,6,14.95,172.5,9.1,2.8,0.5,0,1,Enrolled
1,11,9853,1,0,0,20,6,14.12,6,12.06,173.8,5.6,3.1,1.03,0,1,Enrolled
1,14,9500,0,0,0,24,2,11.85,0,0,126.5,6.7,0.6,-0.22,1,0,Dropout
1,15,9130,1,0,0,19,5,12.19,6,11.08,168.9,10.3,1.4,-1.07,0,2,Graduate
1,2,9085,0,0,0,23,1,12.42,2,11.13,131.9,8.7,3.4,-0.77,1,0,Dropout
2,7,9500,1,0,0,18,6,10.53,6,15.71,109.8,6.6,1.2,1.22,0,2,Graduate
1,5,171,1,0,0,18,5,13.98,6,16.73,140.7,11.5,1.4,-1.69,0,1,Enrolled
1,8,9254,1,0,1,20,4,15.33,5,13.45,137.4,9.9,0.7,-1.55,0,2,Graduate
1,11,9773,1,0,0,21,5,10.2,6,12.17,165.7,10.2,1.4,-0.98,0,2,Graduate
1,8,9991,1,1,0,20,5,16.16,6,13.57,186.2,4.2,1,-1.01,0,2,Graduate
1,9,9254,1,1,0,23,4,13.36,6,16.43,117.8,11.3,1.6,-1.09,0,2,Graduate
1,14,9556,1,0,0,23,6,15.28,6,15.52,178.5,4.7,3.3,-1.56,0,2,Graduate
1,2,9238,0,0,1,19,3,10.72,2,11.13,136.3,9.9,1.2,-1.32,1,0,Dropout
1,12,9147,0,0,1,24,0,0,2,10.25,179.6,8.3,2.4,1.42,1,0,Dropout
1,12,171,0,0,0,18,0,0,0,0,178.8,8.5,0.5,2.05,1,0,Dropout
1,5,9773,0,0,1,28,2,10.63,0,0,147.9,6.3,0.7,1.87,1,0,Dropout
1,14,8014,1,0,0,23,6,12.24,4,10.39,167,11,3.3,0.49,0,2,Graduate
1,16,9853,0,1,0,27,3,12.79,2,10.84,120.3,3.8,2.8,-1.02,1,0,Dropout
1,5,9991,1,0,0,23,4,13.07,5,12.91,144.4,5.3,0.5,-1.66,0,1,Enrolled
1,12,171,1,0,1,21,0,0,0,0,143.9,4,1.9,-1.42,1,0,Dropout
1,3,9500,1,0,0,22,4,13.13,5,10.78,177.6,5,2.2,1.83,0,2,Graduate
2,7,9670,1,0,0,22,4,10.26,6,10.77,111.5,10.6,1.2,-0.44,0,1,Enrolled
1,14,33,1,0,0,28,3,10.49,0,0,166,8.9,3.3,1.12,1,0,Dropout
2,14,9991,1,1,0,19,4,13.51,4,13.01,143.8,8.1,2.9,-1.2,0,2,Graduate
1,6,9119,1,1,0,19,5,12.03,6,16.95,126.4,6.4,3.3,0.38,0,2,Graduate
1,17,9670,1,0,0,20,5,14.78,5,16.23,138.2,6.1,2.4,1.72,0,2,Graduate
1,17,9147,0,0,1,20,2,12.67,0,0,148.8,9.4,2.4,-1.34,1,0,Dropout
1,15,9991,1,1,0,22,6,10.23,4,16.28,113.4,9.8,0.6,1.77,0,2,Graduate
1,18,9556,1,1,0,18,4,10.12,6,14.64,139.2,8.4,1.2,0.31,0,2,Graduate
1,2,9254,1,0,0,19,5,12.71,5,13.49,159.4,11.6,0.7,0.46,0,2,Graduate
1,8,9773,0,0,1,23,3,11.07,0,0,117.2,4.1,0.9,-0.36,1,0,Dropout
1,3,9070,1,1,0,22,6,15.79,6,14.05,104.8,11.3,2.8,-1.29,0,2,Graduate
1,3,9147,1,1,0,23,6,15.8,4,16.38,107.4,7.1,1.3,1.24,0,2,Graduate
1,15,9556,1,0,0,18,5,10.79,4,12.62,107.6,8.6,2.2,-1.09,0,2,Graduate
1,16,33,1,0,1,26,0,0,2,10.13,164.4,10,0.6,-1.09,1,0,Dropout
1,4,9991,1,1,0,18,6,13.1,6,12.76,106.3,10.6,2.9,-0.23,0,2,Graduate
1,8,9119,1,0,1,23,2,11.37,2,12.35,155.6,5.1,0.6,1.3,1,0,Dropout
1,5,9119,1,0,0,19,6,11.78,6,13.75,149.7,4.3,0.4,1.51,0,2,Graduate
1,18,9773,0,0,1,22,0,0,1,11.3,165.9,3.9,1.7,-1.61,1,0,Dropout
1,7,9254,0,0,1,23,1,12.22,1,10.6,152.1,10.7,1,2.23,1,0,Dropout
1,14,9556,1,0,0,22,5,15.19,4,13.4,141.5,4.6,1.9,0.67,0,1,Enrolled
1,8,8014,1,0,1,21,4,12.46,6,13.7,181.9,10,0.8,-1.56,0,2,Graduate
2,12,8014,1,0,0,20,4,16.11,6,10.75,137.2,8.8,2.2,-1.05,0,2,Graduate
1,2,9238,1,0,1,22,6,15.9,6,12.09,121.5,7.2,1.4,0.81,0,1,Enrolled
1,2,8014,0,0,1,20,3,11.71,1,11.08,135,5.7,0.5,0.26,1,0,Dropout
1,17,9070,1,0,0,18,6,15.52,5,13.27,109.7,4.3,0.7,-0.61,0,2,Graduate
1,11,9500,1,0,0,20,4,16.74,6,10.97,118.5,9.9,3.2,1.84,0,1,Enrolled
1,17,9556,0,0,1,18,1,12.72,0,0,122.8,5.5,0.6,0.92,1,0,Dropout
1,12,8014,0,1,1,20,3,11.66,1,11.04,117.5,6.8,3.2,2.12,1,0,Dropout
1,15,9773,1,1,0,19,5,16.59,5,10.83,128.4,5.9,1.8,-0.57,0,2,Graduate
1,4,9238,0,0,1,21,0,0,0,0,138.9,7.4,2.1,2.08,1,0,Dropout
1,15,9085,1,0,0,19,4,11.69,4,12.45,133.2,4.3,1.5,-0.24,0,2,Graduate
1,3,9238,1,1,0,20,4,13.62,6,16.47,124.2,3.9,3.2,1.59,0,2,Graduate
1,10,9853,0,0,1,21,3,10.67,0,0,101.6,9.6,0.5,1.2,1,0,Dropout
1,11,9773,1,1,0,19,6,15.94,6,11.9,169.4,8.3,1.6,1.96,0,2,Graduate
2,6,9238,1,1,0,21,5,15.31,4,11.58,187,9.3,2.1,-0.57,0,2,Graduate
1,2,9238,1,0,0,19,1,11.01,1,11.88,184.8,4,0.4,-0.85,1,0,Dropout
1,11,9773,0,0,0,29,2,12.58,0,0,142.2,7.2,1.8,1.36,1,0,Dropout
1,18,9085,1,0,0,21,6,15.81,5,15.34,123.6,3.8,3.2,0.79,0,2,Graduate
1,8,9238,1,0,0,23,4,15.41,5,14.61,103.9,8.5,0.6,2.23,0,2,Graduate
1,1,33,1,1,0,23,6,10.92,6,14.49,137.3,4.2,1.2,-0.45,0,2,Graduate
1,11,9853,1,1,0,21,6,10.4,6,14.29,114.3,3.9,2,0.33,0,2,Graduate
1,5,9119,1,0,1,22,4,12.79,5,12.29,104.6,4.4,3.1,-0.23,0,2,Graduate
1,6,9238,1,0,0,19,4,12.04,6,16.27,126.9,10,0.4,-1.39,0,2,Graduate
1,7,9254,1,0,0,19,5,11.18,5,11.44,109,10.1,0.4,-0.98,0,2,Graduate
1,3,9003,1,0,0,18,4,16.94,4,11.86,106.1,5.1,2.8,0.46,0,2,Graduate
1,18,9119,1,0,1,23,0,0,1,10.13,120.5,4.4,0.6,1.55,1,0,Dropout
1,17,33,1,0,0,20,4,14.7,5,12.03,151.4,11.2,0.7,0.71,0,1,Enrolled
2,8,9238,1,0,1,18,5,16.35,6,15.38,161.3,8.9,1.2,1.27,0,2,Graduate
1,9,9238,0,0,0,28,0,0,1,11.98,148.3,8.5,3.3,2.06,1,0,Dropout
1,1,9556,1,1,0,20,5,10.37,6,14.4,175,9.7,0.6,1,0,2,Graduate
1,8,171,1,1,0,22,5,11.89,5,13.85,110.6,7.9,2.4,1.16,0,2,Graduate
1,18,9991,1,0,0,20,4,16.7,5,16.97,124.7,10,3.3,-1.05,0,2,Graduate
1,3,8014,1,1,0,20,4,13.75,4,10.49,104.7,5,1.9,-1.29,0,1,Enrolled
1,5,9556,1,0,0,18,4,15.46,6,16.26,181.9,6.5,1.7,-0.11,0,2,Graduate
1,16,9147,1,0,1,18,5,12.24,4,16.74,177.3,4.6,1.9,-0.27,0,2,Graduate
1,15,9070,1,1,0,20,6,13.92,5,12.5,163.3,11.2,0.7,-0.25,0,1,Enrolled
1,5,9556,1,0,1,19,5,11.35,5,14.98,129.7,9,2.7,1.15,0,1,Enrolled
1,4,9085,1,0,0,19,4,12.25,6,10.41,152.2,11.1,1.4,-1.5,0,2,Graduate
1,4,9147,1,0,0,20,5,11.57,6,16.44,157.8,8.2,2.7,1.63,0,2,Graduate
1,13,9003,1,0,1,18,2,10.73,0,0,110.1,4.6,2.3,-0.08,1,0,Dropout
1,9,9773,1,0,0,23,5,15.39,6,11.21,172.7,9.2,0.7,-1.01,0,2,Graduate
1,10,9147,1,0,0,20,5,15.76,5,14.25,136.7,8.8,2.2,1.05,0,2,Graduate
1,13,9147,1,0,0,21,4,16.26,5,10.05,189.1,11.2,2.1,2.08,0,2,Graduate
1,8,171,1,0,0,22,6,10.52,4,11.74,143.5,7.2,2.8,-1.3,0,1,Enrolled
1,13,9085,0,0,1,22,1,10.78,0,0,100.5,11,1.3,0.06,1,0,Dropout
1,4,9119,1,0,0,19,6,11.03,6,15.04,136.3,10.9,1.9,1.72,0,2,Graduate
1,9,9773,1,1,1,21,5,14.96,6,13.62,111.9,7,2.8,1.6,0,2,Graduate
1,13,9085,0,0,0,22,0,0,0,0,115.8,7,2.2,-0.35,1,0,Dropout
1,6,9853,1,0,0,23,5,15.71,5,15.79,189.3,4.9,2.2,-0.54,0,1,Enrolled
1,11,9003,0,0,1,18,1,12.81,0,0,186.2,9.3,0.9,1.3,1,0,Dropout
1,14,9773,1,0,1,25,0,0,1,10.6,107.9,8.1,0.8,0.12,1,0,Dropout
1,13,9254,1,0,0,23,6,11.66,5,12.52,147.6,11.5,2.5,1.01,0,2,Graduate
1,4,9085,1,1,0,18,4,10.01,6,16.26,180.7,8.8,3.1,0.82,0,1,Enrolled
1,13,9670,1,0,0,18,6,13.84,6,11.69,158.8,6.8,0.7,0.92,0,2,Graduate
1,15,9853,0,0,1,24,2,12.66,2,11.86,162.5,7.8,1,0.62,1,0,Dropout
1,17,9147,1,0,0,29,1,10.18,0,0,142.5,9,1.6,-1.36,1,0,Dropout
1,9,9119,0,0,0,28,2,10.23,1,12.93,118.1,8.5,1.1,2.09,1,0,Dropout
1,8,9119,1,0,0,21,5,12.06,4,11.84,144.3,10.4,2.9,-1.05,0,2,Graduate
1,13,9085,1,1,0,23,6,12.12,4,13.2,107.9,3.7,3.4,1.27,0,2,Graduate
1,4,9130,1,0,0,19,6,13.72,6,12.62,160,9.3,0.5,0.2,0,1,Enrolled
1,13,9556,1,0,0,23,6,12.02,5,11.24,122,5.1,2.3,1.97,0,2,Graduate
1,15,9670,1,0,0,18,6,10.7,4,14.12,139.2,7.2,2.6,-0.68,0,2,Graduate
1,7,9773,1,0,0,25,0,0,2,10.17,185.4,6.2,1,0.98,1,0,Dropout
1,11,33,1,0,1,18,2,12.76,0,0,150.3,5,1.5,0.87,1,0,Dropout
1,1,171,1,1,0,18,5,12.7,4,13.24,145.1,11.4,1,1.16,0,2,Graduate
1,9,9556,1,0,0,23,5,10.16,4,16.4,151.7,9.7,2.4,2.21,0,2,Graduate
1,16,33,1,0,0,19,4,11.03,5,13.61,137.1,8.2,1.7,1.57,0,2,Graduate
1,7,9130,1,0,0,21,4,10.8,5,13.83,166.4,5.8,0.7,0.11,0,2,Graduate
1,9,9130,1,0,0,18,4,11.62,4,15.94,183.3,11.1,0.6,0.67,0,2,Graduate
1,5,9070,1,0,0,18,6,11.3,4,11.95,148.1,5.5,2.5,-0.36,0,2,Graduate
1,9,9147,1,0,0,21,6,11.61,4,16.97,170.6,11,2.8,0.86,0,1,Enrolled
1,15,9556,1,0,0,20,6,10.47,5,14.28,126,9,2,0.41,0,1,Enrolled
1,14,9085,0,0,1,27,3,11.24,0,0,168,11.3,2.7,-1.26,1,0,Dropout
1,11,33,1,0,0,26,1,11.11,0,0,161.2,7.5,2.6,0.51,1,0,Dropout
2,6,9773,1,1,0,22,6,11.65,6,11.02,126.2,4.6,1.5,-1.59,0,1,Enrolled
1,7,9500,1,0,0,20,6,10.24,6,10.56,109.5,8.7,1.8,-1.17,0,1,Enrolled
1,2,9130,1,0,1,25,1,11.83,2,12.3,123.6,11.2,1.3,-0.4,1,0,Dropout
1,7,9119,1,0,0,20,6,10.55,4,15.97,185,8.6,2.8,0.48,0,2,Graduate
1,1,9556,1,0,0,29,1,11.92,0,0,103.7,9.9,0.9,1.66,1,0,Dropout
2,5,9238,1,0,0,20,5,16.08,6,16.09,144,11.2,2.6,2,0,2,Graduate
1,7,9773,1,0,0,25,3,11.65,0,0,115.4,4.4,1.1,-0.8,1,0,Dropout
2,4,33,0,0,1,20,0,0,1,12.75,126.1,10.3,0.5,1.33,1,0,Dropout
1,4,8014,1,1,1,24,2,12.99,1,11.27,150.1,11.5,1.3,0.22,1,0,Dropout
2,16,9119,1,0,0,18,5,13.92,4,15.01,131.8,5.7,0.5,-1.16,0,1,Enrolled
1,2,9773,1,0,0,22,1,11.26,0,0,120.5,9.6,1.4,1.93,1,0,Dropout
1,1,9119,0,0,1,25,3,11.86,1,11.33,152.2,4.8,1.6,-1.56,1,0,Dropout
1,16,171,1,1,0,21,6,12.54,4,10.55,116.8,4.7,3.3,2.17,0,2,Graduate
1,12,9238,1,0,0,21,6,10.22,4,15.5,137.4,10.5,1,-0.51,0,2,Graduate
1,13,9773,1,0,1,21,1,12.23,1,11.95,144.3,4.8,1.8,-1.53,1,0,Dropout
2,18,9003,1,0,0,21,5,13.06,4,13.12,145.9,3.7,0.7,0.71,0,2,Graduate
1,8,9773,1,0,0,21,4,11.44,6,13.76,133.3,10.6,0.7,0.13,0,2,Graduate
1,3,9556,1,0,0,21,4,10.83,4,15.24,145.5,8.3,1.3,2.16,0,2,Graduate
1,16,9147,1,0,0,20,5,16.08,4,13.46,129.1,6.9,2.4,-0.4,0,2,Graduate
2,12,171,1,0,0,23,6,13.89,5,16.67,140.5,8.9,1.7,-1.03,0,2,Graduate
1,13,33,1,0,0,21,5,11.74,5,14.54,137.5,4.5,2.8,0.08,0,2,Graduate
1,18,9119,1,0,1,21,0,0,1,12.71,140.8,7.9,3,1.07,1,0,Dropout
1,9,9070,1,0,0,20,4,10.5,4,10.57,174,10.9,1.9,0.35,0,2,Graduate
1,2,9070,1,1,0,18,6,12.78,4,15.86,169.7,7.8,2.9,-1.29,0,1,Enrolled
1,15,9670,1,0,0,19,6,10.76,6,12.34,148.1,10.9,2.2,-0.17,0,2,Graduate
1,15,33,1,1,0,18,5,10.65,6,16.2,155.8,6.5,1.1,-1.12,0,2,Graduate
1,13,9119,1,0,1,19,0,0,2,11.29,120.2,8.8,2.5,-0.58,1,0,Dropout
1,8,9147,1,1,0,22,4,16.64,4,10.35,106,3.8,1.7,2.09,0,2,Graduate
1,15,9556,1,0,0,23,6,13.83,6,14.14,145.5,11.2,3.1,-0.21,0,2,Graduate
1,9,9238,1,0,0,22,4,12.5,4,14.47,105.4,7.9,2.8,1.71,0,2,Graduate
1,8,9991,1,0,0,19,6,14.19,6,10.48,139,7.8,2.8,-0.81,0,2,Graduate
1,7,9991,1,0,0,20,5,12.44,6,16.74,117,6,1.5,-1.59,0,2,Graduate
1,8,9500,1,1,0,22,4,16.09,4,16.56,113.5,6.1,1,1.9,0,2,Graduate
1,10,9853,0,0,1,22,3,12.18,2,10.6,115.9,8,2.4,-1.16,1,0,Dropout
1,10,9119,1,0,0,23,0,0,2,11.06,125.1,6.3,1.4,-1.1,1,0,Dropout
1,11,9147,1,0,0,19,5,10.28,5,13.78,101.2,7.7,3,0.51,0,1,Enrolled
1,3,9500,1,0,0,22,5,10.83,4,12.39,156.5,9.9,0.6,0.67,0,2,Graduate
1,17,33,0,0,1,23,0,0,1,11.63,168.7,9.7,3.1,2.15,1,0,Dropout
1,17,171,1,1,0,18,6,10.09,6,15.61,148.9,7,2.2,1.27,0,1,Enrolled
1,1,9003,1,1,0,22,5,11.79,6,15.44,173.6,11,0.7,-1.61,0,2,Graduate
1,8,9070,1,0,1,23,6,15.46,6,16.73,178.7,9.1,1.1,0.14,0,2,Graduate
1,18,9238,1,0,0,27,1,12.18,0,0,175.4,8.7,2.4,1.3,1,0,Dropout
1,7,9773,1,0,1,18,3,11.87,0,0,104.5,4.7,2.4,-0.14,1,0,Dropout
1,5,8014,1,0,0,19,4,10.2,6,13.17,111.8,8.8,1.8,-0.22,0,2,Graduate
1,18,9991,1,1,0,20,4,16.96,6,13.76,176.7,4.6,1.9,-0.18,0,1,Enrolled
1,13,9254,1,0,0,18,5,16.7,5,15.69,125.3,7.9,2.5,0.64,0,2,Graduate
1,5,8014,0,0,1,20,3,12.3,0,0,172.8,5.4,2.8,0.36,1,0,Dropout
1,8,8014,1,0,0,28,3,10.78,1,12.82,161.7,7.5,3.1,0.72,1,0,Dropout
1,10,9500,1,1,0,23,6,10.28,4,11.29,154.4,3.8,2.6,-0.18,0,2,Graduate
1,4,9119,1,0,0,18,0,0,2,11.56,169.7,11.5,3.4,-0.91,1,0,Dropout
1,15,9070,1,1,0,22,4,11.46,5,10.65,188.8,7.4,2.5,-1.62,0,2,Graduate
1,18,9238,0,0,1,21,2,12.87,0,0,131.7,4.3,2.4,-0.48,1,0,Dropout
1,3,9070,1,0,0,23,4,15.82,6,14.66,130.3,7.6,1.5,0.05,0,2,Graduate
1,8,9238,0,0,1,25,3,11.37,1,12.05,131.6,3.7,1.2,0.17,1,0,Dropout
2,9,9119,0,0,1,21,0,0,0,0,152.1,10.3,2.6,-1.02,1,0,Dropout
1,6,9773,1,0,0,25,3,10.21,2,12.21,147.2,11.1,1.4,-1.5,1,0,Dropout
1,11,9238,0,0,1,26,2,12.37,1,10.19,169.3,7.5,0.7,-1.42,1,0,Dropout
1,6,9119,1,0,0,25,2,12.88,2,12.07,105.9,10.2,0.7,-1.53,1,0,Dropout
1,6,9254,0,0,1,28,0,0,1,10.75,130.5,4.5,3.2,-1.26,1,0,Dropout
1,18,9119,1,0,0,23,6,10.51,6,12.98,155.3,5.6,3.2,-1.13,0,2,Graduate
2,9,9119,1,1,0,21,6,12.42,6,14.5,148.8,9.7,3.2,-1.52,0,2,Graduate
1,18,9773,0,1,1,28,0,0,2,10.05,108.7,3.8,1.3,-0.42,1,0,Dropout
1,16,9556,1,0,0,20,6,16.84,6,11.68,186.6,6.1,3.3,-1.63,0,2,Graduate
1,7,9238,1,0,0,20,5,11.46,5,13.92,154.9,9.4,2.8,2.17,0,2,Graduate
1,11,9003,1,0,0,20,5,11.01,6,14.13,152,7.8,2.4,2.29,0,2,Graduate
1,16,9670,1,1,0,22,4,11.22,5,13.16,161.4,10.6,0.9,0.25,0,1,Enrolled
1,3,171,1,0,0,18,5,10.36,4,14.77,110.3,3.9,2.3,-1.64,0,1,Enrolled
2,9,9853,1,0,0,23,5,15.77,5,11.66,104.9,7.7,2,2.01,0,2,Graduate
1,10,9238,0,0,0,26,0,0,2,11.64,135,9.1,2.5,2.01,1,0,Dropout
1,1,9556,1,0,1,29,0,0,2,12.87,182.7,8.5,3.2,-0.83,1,0,Dropout
2,8,33,0,0,1,22,2,10.25,2,10.78,152.3,10.8,2.3,1.51,1,0,Dropout
1,14,9500,1,0,0,22,5,10.8,4,16.38,174,11,1.4,1.92,0,2,Graduate
1,15,9003,1,0,1,25,0,0,1,11.02,153.4,9,1.6,1.83,1,0,Dropout
1,14,9254,1,0,0,21,4,11.8,6,10.56,144.1,5.9,2.5,-0.85,0,2,Graduate
1,4,9085,1,0,0,23,4,15.75,4,14.27,134,7.5,2.6,-0.64,0,1,Enrolled
1,3,9119,1,0,0,23,6,14.57,6,10.01,145.4,7.9,2.4,0.38,0,1,Enrolled
1,14,9003,1,0,0,20,5,11.55,5,11.39,175.1,7.8,1.5,-0.41,0,1,Enrolled
1,12,9556,1,0,0,23,5,13.07,6,10.53,182.3,7.5,1.6,0.65,0,2,Graduate
1,3,9238,1,0,0,21,4,10.18,5,15.47,116.2,5.1,1.7,0.98,0,2,Graduate
1,15,8014,1,0,1,23,1,11.9,0,0,115.6,8.9,3.4,-0.67,1,0,Dropout
1,6,9238,1,0,0,18,5,15.89,6,14.41,129.6,6.9,1.6,-1.01,0,2,Graduate
1,6,9238,1,1,0,21,5,12.66,5,14.38,144.6,6,2.8,-1.59,0,2,Graduate
1,1,33,1,0,0,23,6,11.15,4,14.39,113.2,7.3,1.2,0.15,0,2,Graduate
1,13,9773,1,0,0,20,4,11.54,6,11.67,115.4,10.7,2.9,-0.64,0,1,Enrolled
1,4,9238,1,1,0,23,5,10.64,6,15.82,117.7,6.5,2.2,-0.18,0,2,Graduate
1,4,9254,0,0,1,28,0,0,1,10.06,106.4,10.8,0.7,1.69,1,0,Dropout
2,10,33,1,0,0,19,5,14.71,4,12.78,152.4,4.3,0.5,0.81,0,2,Graduate
1,15,9070,1,0,0,18,6,14.9,4,13.66,108.7,3.7,2.4,1.68,0,2,Graduate
1,17,9119,1,1,0,23,4,14.41,6,15.99,125.2,10.9,1.4,-1.01,0,2,Graduate
1,10,9130,1,0,0,21,5,14.95,4,15.26,112.4,6.8,2.6,-0.26,0,2,Graduate
1,14,9119,1,0,1,20,1,12.19,0,0,172.3,8.2,1.2,1.75,1,0,Dropout
1,5,9238,1,0,0,20,5,11.07,6,15.6,177.4,10.7,2,-1.61,0,2,Graduate
1,2,9238,1,0,0,18,2,11.44,0,0,152.9,9,0.7,1.47,1,0,Dropout
1,13,9853,1,0,0,23,0,0,1,11.56,180.3,6,2.9,-0.2,1,0,Dropout
1,8,9991,0,0,1,29,1,10.44,1,10.01,119.8,10,1.1,-0.65,1,0,Dropout
1,12,9670,1,0,0,19,5,12.42,6,16.16,188,6.9,0.6,0.11,0,1,Enrolled
1,17,9147,1,0,0,23,6,13.1,6,13.75,131,3.7,1.7,1.58,0,2,Graduate
1,7,9500,1,1,1,23,5,15.63,5,10.61,186.3,7.3,0.6,0.68,0,1,Enrolled
1,9,171,1,0,0,22,4,10.41,5,13.28,131.3,7.5,2.7,1.98,0,1,Enrolled
1,9,8014,1,1,0,22,6,15.96,4,12.36,184.4,11.1,1.9,1.48,0,1,Enrolled
1,15,9556,1,0,1,22,6,10.9,5,15.58,108.3,7,0.9,-1.55,0,1,Enrolled
1,9,8014,1,0,0,28,2,12.96,0,0,150.6,4,1.2,-0.92,1,0,Dropout
1,12,8014,1,1,0,18,5,12.66,5,14.38,163.3,4.5,1.7,0.23,0,2,Graduate
1,13,9991,1,0,0,18,4,11.28,4,10.23,177.1,8.2,1.2,-1.42,0,2,Graduate
1,13,9254,0,0,0,22,1,10.57,1,10.55,125.1,5.8,0.5,1.31,1,0,Dropout
1,17,9119,1,0,0,19,5,14.96,6,10.58,144.4,5.7,2.8,-0.09,0,2,Graduate
1,12,9085,1,0,0,22,4,15.68,5,14.55,156.1,6.5,2.1,1.76,0,2,Graduate
1,8,9147,1,1,1,20,2,10.46,1,11.11,159.9,10.9,0.9,0.86,1,0,Dropout
1,13,9556,1,0,0,23,6,16.73,6,14.91,173.4,4.8,1.6,1.68,0,2,Graduate
1,16,9085,1,0,0,18,5,10.83,6,11.32,148.9,6.8,1.8,0.22,0,2,Graduate
1,3,9853,1,0,0,29,1,11.13,2,12.18,173.4,8.2,2.8,0.05,1,0,Dropout
1,4,9130,1,1,0,21,6,14.03,5,11.02,178.8,4.5,3.4,1.5,0,2,Graduate
1,1,9130,1,1,0,22,5,15.8,4,13.1,185.1,9.7,3.4,1.25,0,2,Graduate
2,1,9773,1,1,1,21,0,0,1,12.3,108.9,3.8,3.4,-1.03,1,0,Dropout
1,3,9500,1,0,1,18,4,10.8,5,15.37,181.1,8.9,0.7,-1.62,0,2,Graduate
1,6,9500,1,1,1,27,1,12.22,1,11.89,132.4,5.8,2.8,0.15,1,0,Dropout
1,11,9147,1,0,0,27,2,12.96,2,10.91,182.4,7.1,2.8,1.38,1,0,Dropout
1,16,33,1,1,0,23,4,13.54,5,14.75,168.4,8,3.2,-0.87,0,1,Enrolled
1,2,9147,1,0,0,21,6,11.03,4,15.12,188.7,11,3,0.73,0,2,Graduate
1,7,8014,1,1,0,23,4,16.55,4,14.41,128.3,6.2,1.1,1.96,0,2,Graduate
1,11,9254,1,1,0,22,4,10.68,5,14.66,144,6.2,1.2,0.47,0,2,Graduate
1,14,9991,1,0,0,19,4,14.06,6,13.99,111,5.2,0.5,1.53,0,1,Enrolled
1,15,9003,1,1,0,18,5,11.68,4,13.75,156.9,4.5,2.2,2.26,0,2,Graduate
1,15,8014,0,0,1,20,2,11.79,1,10.53,166.1,9,1.7,0.54,1,0,Dropout
1,3,9991,1,1,0,23,4,15.81,6,10.52,145.5,11.5,3,1.72,0,2,Graduate
1,5,9238,1,0,0,20,5,13.5,4,12.75,143.9,10.4,1.3,0.69,0,2,Graduate
1,3,8014,1,1,1,23,5,11.16,6,10.33,187.8,3.9,1.8,0.02,0,1,Enrolled
1,14,8014,1,0,0,22,5,16.65,4,10.81,157.5,4.4,1.7,-0.1,0,1,Enrolled
2,4,9147,1,0,0,23,6,12.64,4,15.08,120.8,9.5,2.6,0.2,0,1,Enrolled
1,18,9130,1,0,0,18,6,11.23,4,14.32,150,10.7,0.6,0.24,0,1,Enrolled
1,10,33,1,0,0,22,4,13.2,5,10.26,166.3,4.8,1.7,2.04,0,2,Graduate
2,10,9254,1,1,0,22,6,16.61,5,10.91,143.5,7.3,1.3,-1.21,0,2,Graduate
1,13,9556,1,0,0,19,3,11.26,0,0,140.5,7.6,2.8,-1.61,1,0,Dropout
1,2,9556,1,1,0,20,4,15.8,5,15.44,172,8,3.3,-1.5,0,2,Graduate
1,18,9119,1,0,0,18,6,16.42,6,14.4,182.2,10.4,0.6,-1.56,0,2,Graduate
1,6,9556,0,1,1,22,0,0,1,11.49,149.8,7.2,2.7,2.04,1,0,Dropout
1,7,33,1,0,0,18,4,13.91,5,16.68,122.1,6.9,1.7,1.81,0,2,Graduate
1,7,9500,1,1,0,22,6,12.18,5,14.77,108.5,6.2,2.3,0.34,0,2,Graduate
1,4,33,1,1,0,23,3,11.65,0,0,107.6,7.7,1.9,-0.69,1,0,Dropout
1,2,171,1,0,0,22,6,16.66,5,13.01,186.7,8.4,0.9,-0.75,0,2,Graduate
1,15,9670,1,1,0,19,0,0,0,0,176.6,4.9,0.6,1.14,1,0,Dropout
1,4,9853,1,0,1,25,3,10.85,1,10.64,139.5,7.2,1.7,1.32,1,0,Dropout
1,4,33,1,0,0,18,4,14.22,5,12.53,173.7,5.1,1.6,-1.53,0,2,Graduate
2,9,33,1,0,0,19,4,12.46,6,16.12,146.8,6.8,2.5,-1.39,0,2,Graduate
1,18,9670,1,1,0,19,6,10.24,5,11.16,118.6,4.2,2.7,1.88,0,1,Enrolled
1,12,9238,1,0,0,18,6,10.9,4,11.54,125.9,8.6,3,-0.94,0,2,Graduate
1,14,9254,1,0,0,23,5,16.56,5,12.52,104.9,7.6,1.1,-0.88,0,2,Graduate
1,18,9003,1,0,0,20,6,14.62,4,11.09,138.3,3.9,1,-0.15,0,2,Graduate
1,7,33,1,0,0,23,5,16.24,5,14.33,153,11.2,2.4,1.45,0,1,Enrolled
1,9,9500,1,0,1,29,2,11.04,0,0,173,8.4,3.2,1.34,1,0,Dropout
1,7,8014,1,1,0,19,5,13.73,6,10.3,128.9,7.4,0.8,-1.21,0,1,Enrolled
1,13,9853,1,0,1,22,3,12.36,1,10.79,136.9,4.1,3,-0.26,1,0,Dropout
1,1,9556,1,0,0,23,4,11.98,4,11.83,177.2,6.9,2.2,-0.87,0,2,Graduate
1,6,9130,1,0,0,22,4,13.13,6,10.8,102.2,7.5,2.7,-1.19,0,2,Graduate
1,16,9238,1,1,0,18,5,16.45,5,12.53,121.6,5.8,1.2,-0.17,0,2,Graduate
1,8,9070,1,0,0,23,6,16.51,4,14.56,187.8,11.3,1.8,2.13,0,2,Graduate
1,18,9119,1,0,1,28,0,0,2,11.44,169,7.3,1.6,0.14,1,0,Dropout
1,16,9238,1,0,0,23,4,14.63,5,10.21,135.8,7.7,3.2,1.78,0,2,Graduate
1,7,33,1,0,1,24,3,11.91,1,12.44,143.6,6.6,1.8,1.62,1,0,Dropout
1,4,9147,1,0,0,21,4,10.59,5,14.93,182.7,10.7,1.8,-0.49,0,1,Enrolled
2,1,9070,1,0,0,19,4,13.53,6,16.42,167,8.6,1.9,1.63,0,2,Graduate
1,1,33,1,1,0,18,4,16.7,5,10.47,104.9,5,1,2.2,0,2,Graduate
1,4,8014,0,0,1,28,0,0,0,0,107.2,8.6,1.1,-1.07,1,0,Dropout
1,7,9991,1,0,0,21,5,12.4,6,15.13,131.7,6.2,3,0.34,0,2,Graduate
1,1,9119,1,1,0,21,4,14.03,4,15.04,163.5,5.7,0.8,0.31,0,2,Graduate
1,18,9773,1,1,0,23,4,13.89,6,12.17,136.5,6.6,1.3,-0.22,0,2,Graduate
1,5,171,1,1,1,23,5,10.08,4,16.94,100.9,11.6,0.8,1.24,0,2,Graduate
2,9,9085,1,0,0,19,5,10.08,5,10.71,117.6,6.8,1.3,-1.17,0,2,Graduate
1,16,9147,1,0,0,18,4,16.8,6,13.83,113.7,9.3,1.3,1.81,0,2,Graduate
1,5,9070,1,0,0,21,4,10.14,6,15.97,113.3,6.9,1.1,0.51,0,2,Graduate
1,1,9147,1,1,0,18,6,13.36,5,14.01,147,7.4,1.1,0.62,0,2,Graduate
1,6,9991,0,0,0,22,1,10.21,2,11.25,166.4,7.9,3.1,0.52,1,0,Dropout
1,12,171,1,1,1,23,3,10.02,1,10.39,129.1,10.1,3.2,-0.39,1,0,Dropout
1,6,9119,1,0,0,20,6,11.15,4,12.61,158.7,11.1,3.4,2.13,0,2,Graduate
2,4,9119,1,0,0,20,3,11.72,1,11.45,169.4,9.7,0.9,0.18,1,0,Dropout
1,1,171,1,1,0,20,6,13.82,6,10.1,106.5,10,0.5,1.69,0,2,Graduate
1,11,8014,1,0,1,20,4,15.72,6,13.63,108.7,7.7,1.9,1.57,0,1,Enrolled
1,11,8014,0,0,1,28,3,10.19,1,10.41,107.1,6.6,2.9,1.62,1,0,Dropout
1,13,9003,1,0,0,21,3,12.88,1,10.83,149.9,8.6,2.7,-1.25,1,0,Dropout
1,1,8014,0,1,1,27,0,0,2,11.96,143.7,4.4,0.7,1.04,1,0,Dropout
1,2,9119,1,0,1,28,3,12.91,0,0,167.2,10.6,2.8,0.78,1,0,Dropout
1,14,9556,1,0,0,18,6,12.13,5,15.15,109.7,7.8,1.5,0.27,0,2,Graduate
1,16,9556,1,0,0,20,5,15.96,5,15.47,167.2,11,1.7,2.04,0,2,Graduate
1,17,9119,1,0,0,20,6,12.14,6,10.25,132.2,9.9,0.5,0.06,0,2,Graduate
1,3,9147,1,0,1,18,0,0,1,12.89,172.4,9.4,3.2,0.95,1,0,Dropout
1,1,171,1,1,0,23,4,10.84,5,14.57,164.3,11,0.4,-0.04,0,2,Graduate
1,16,9670,1,0,0,21,5,14.79,4,16.78,155.6,9.9,3.1,-0.27,0,2,Graduate
1,12,8014,1,1,0,29,0,0,2,12.09,153,3.8,1.3,-0.88,1,0,Dropout
1,9,9254,1,0,0,22,5,16.22,4,13.34,100.4,8.2,3,0.38,0,2,Graduate
2,1,9130,1,0,0,23,6,11.23,5,15.79,136.9,4,0.7,-0.31,0,1,Enrolled
1,4,9991,1,0,0,18,5,13,4,16.6,154.9,7.8,0.9,0.56,0,2,Graduate
1,2,171,1,0,0,24,1,10.61,0,0,113.1,10.1,2.1,1.66,1,0,Dropout
1,7,9119,1,1,0,18,5,14.93,4,15.26,167.7,6.8,1.9,-1.61,0,2,Graduate
1,16,9130,1,0,0,20,4,10.09,6,10.46,164.6,8.2,3,1.5,0,2,Graduate
1,1,9991,1,0,0,22,6,14.88,5,13.06,131.7,7.2,1.8,1.91,0,2,Graduate
1,5,9130,1,1,0,21,4,16.02,5,14.96,105.5,3.9,1.4,0.9,0,2,Graduate
1,1,9130,0,0,0,25,1,10.44,2,12.71,176.5,4.4,1.8,1.07,1,0,Dropout
1,13,9853,1,0,0,20,5,11.89,5,13.38,149.9,4.2,3.4,-0.08,0,2,Graduate
1,6,8014,1,0,0,23,6,10.5,5,12.75,107.3,4.6,0.4,0.51,0,2,Graduate
1,13,9991,1,0,0,19,4,13.34,6,11.39,134.6,6.3,3.1,0.46,0,2,Graduate
1,2,9119,1,0,1,28,0,0,0,0,151.1,5.3,1.7,0.61,1,0,Dropout
1,5,9773,1,0,1,23,2,10.67,1,12.85,185.9,6.8,2,-0.51,1,0,Dropout
1,14,9773,1,0,0,22,5,12.03,5,16.73,123.6,4.3,2.8,0.37,0,2,Graduate
1,14,33,1,0,0,19,5,14.81,4,10.04,146,5.8,1,-1.35,0,2,Graduate
1,11,9119,1,0,0,21,6,14.24,6,10.52,178.5,11.4,3.3,-0.31,0,2,Graduate
1,14,9070,1,1,1,20,4,10.05,6,14.06,140.3,6,2.2,2.13,0,2,Graduate
1,18,9254,1,0,0,19,4,13.96,5,16.37,108.6,3.7,1,0.8,0,2,Graduate
1,7,9147,1,0,0,18,4,10.33,5,11.61,153.5,8.3,1.5,-0.23,0,2,Graduate
2,18,9991,1,0,0,22,5,12.72,6,14.99,129.2,10.1,3.1,0.79,0,2,Graduate
2,1,9147,0,0,0,20,2,11.68,2,11.55,185.8,9.5,3,1.46,1,0,Dropout
1,12,9254,1,0,1,27,2,11.13,0,0,109.8,6.1,0.8,1.59,1,0,Dropout
1,14,9670,1,0,0,19,4,10.84,4,14.91,147.7,4,1.4,0.34,0,2,Graduate
1,9,9070,1,0,0,18,5,12.49,6,15.41,144.4,3.8,1.3,-0.6,0,2,Graduate
1,5,9130,1,0,0,21,6,10.13,4,15.39,154.9,9.1,1.9,-1.67,0,2,Graduate
1,1,9670,1,0,0,19,4,16.23,6,11.57,143.2,5.9,0.9,0.2,0,1,Enrolled
1,5,8014,1,0,0,21,6,10.61,6,10.1,189.1,11.6,3.3,1.81,0,1,Enrolled
1,11,9500,0,0,0,28,1,10.93,0,0,135.3,4.2,2.2,0.18,1,0,Dropout
1,13,8014,1,0,1,19,4,15.84,5,15.04,115.5,11.5,3.4,1.3,0,1,Enrolled
1,8,9003,1,0,0,19,5,13.09,5,14.16,121.5,6.3,0.6,0.57,0,2,Graduate
1,15,9070,1,1,0,21,5,14.49,5,16.96,101.5,9.8,2.9,1.61,0,1,Enrolled
1,5,9254,1,0,0,25,1,10.56,2,12.42,151.2,3.8,0.6,0.45,1,0,Dropout
1,4,9130,1,0,0,21,6,16.17,6,12.27,168.4,10.5,1.4,1.2,0,2,Graduate
2,7,9670,1,0,1,19,3,11.25,2,10.88,118.7,8.2,0.6,2.01,1,0,Dropout
1,12,9238,1,0,0,23,0,0,1,10.46,130.6,6.1,1.8,-1.11,1,0,Dropout
1,1,9773,1,0,0,18,5,11.64,6,11.47,172.2,7.3,2,2.01,0,1,Enrolled
1,14,9556,1,0,0,19,5,15.37,6,14.89,104.7,11.4,1.7,1.01,0,2,Graduate
1,15,9070,1,0,0,18,6,16.07,5,10.16,161.4,7.8,2.3,0.11,0,2,Graduate
2,1,9254,1,0,0,19,4,16.75,5,11.77,177.2,9.1,1.6,0.83,0,2,Graduate
1,8,9773,1,0,0,26,2,10.71,1,11.38,130.5,9.9,0.6,-1.1,1,0,Dropout
1,6,9670,1,0,0,19,5,16.6,6,16.1,109.9,6.3,2.4,1.17,0,1,Enrolled
1,11,171,1,1,0,19,6,16.35,6,15.18,171,5,2.4,0.43,0,2,Graduate
1,4,8014,1,0,0,21,4,14.93,6,14.17,128.2,5.4,2.6,1.88,0,2,Graduate
1,6,9119,0,1,0,18,2,10.6,1,13,181.9,9.3,2.6,-1.16,1,0,Dropout
1,14,9003,1,0,0,23,6,16.95,6,12.5,119.9,6.5,2.2,0.38,0,1,Enrolled
1,16,9254,1,0,0,21,4,14.17,4,12.07,146.8,11.3,2.9,1.96,0,2,Graduate
1,15,9147,1,0,0,23,5,15.44,6,14.23,141.3,4.7,2.9,-1.25,0,1,Enrolled
1,7,9500,1,0,0,20,4,15.9,6,12.05,124.4,4,2.8,-1.36,0,2,Graduate
1,3,9500,1,0,0,23,4,14.57,5,11.59,100.8,9.4,1.6,1.78,0,2,Graduate
1,12,9500,1,1,0,22,5,12.22,4,16.13,184.9,9.7,2.6,1.82,0,1,Enrolled
1,10,9556,1,1,0,18,6,10.18,4,13.34,142.6,8.5,2.1,0.11,0,1,Enrolled
1,12,9119,1,0,1,25,0,0,0,0,104.6,10.3,2.5,-0.25,1,0,Dropout
1,13,9556,1,1,0,19,4,16.58,5,10.42,147.6,8.3,2.8,0.68,0,2,Graduate
1,11,9556,1,1,0,21,6,11.15,5,12.49,112.5,6.8,3.3,1.24,0,2,Graduate
1,14,8014,0,1,1,18,3,12.39,2,10.48,159.5,10.4,0.6,-0.88,1,0,Dropout
1,11,9130,1,0,0,21,4,11.51,5,11.9,188,6.1,1.7,-0.19,0,2,Graduate
1,13,9085,1,0,0,19,6,13.14,4,15.63,149.8,10.3,0.9,0.52,0,2,Graduate
1,11,9500,1,0,0,19,4,11.02,5,16.54,151.5,7,1.7,0.44,0,2,Graduate
1,10,9991,1,0,0,23,5,13.46,5,10.08,146.3,5.5,2.3,0.57,0,2,Graduate
1,7,9003,1,0,1,29,2,11.69,0,0,176.7,6.3,0.4,1.85,1,0,Dropout
1,3,33,0,0,1,23,2,11.62,2,11.21,177.2,6,3.2,2.2,1,0,Dropout
1,16,9991,1,0,1,22,6,10.95,6,15.17,118,6.7,1.4,-1.31,0,2,Graduate
2,18,9254,1,0,1,20,1,10.14,1,10.84,139.1,10.9,2.8,2.15,1,0,Dropout
1,16,9991,1,0,1,28,2,10.85,2,12.66,151.7,11,2.3,0.46,1,0,Dropout
1,7,9119,1,0,0,20,6,11,4,13.95,134.5,11,2.3,1.72,0,2,Graduate
1,5,9085,1,1,0,23,4,15.87,4,10.79,179.4,4.4,0.9,0.17,0,1,Enrolled
1,1,9853,1,0,0,21,5,15.7,4,10.61,108.3,11.2,2.2,0.94,0,2,Graduate
1,2,9085,1,0,0,19,4,15.4,5,16.81,139.6,5.1,1.3,-1.45,0,2,Graduate
1,15,9853,1,0,0,19,4,16.73,5,10.85,145,9.5,1.8,-1.65,0,2,Graduate
1,12,9147,0,1,1,23,2,12.33,1,10.8,136.4,4.8,2.9,-1.49,1,0,Dropout
1,16,9147,1,1,0,21,6,13.39,4,12.91,156.3,7,2,-0.98,0,2,Graduate
1,15,9070,1,1,0,19,5,11.37,6,12.28,139.7,5.6,2.2,-0.12,0,1,Enrolled
2,9,9556,1,0,1,29,3,12.98,2,11.52,143.4,4.4,1.6,-1.27,1,0,Dropout
1,16,9003,1,0,1,26,2,11.28,0,0,111.6,6.4,2.8,0.97,1,0,Dropout
1,9,9991,1,1,0,18,6,11.91,6,14.05,101.7,4.8,2.1,2.03,0,2,Graduate
1,12,33,1,0,0,18,6,12.25,6,15.59,175.8,10.8,1.2,1.72,0,2,Graduate
1,3,9070,1,0,0,23,4,16.36,6,12.05,103.8,8.1,0.8,-0.36,0,1,Enrolled
1,13,9119,1,1,0,23,4,13.72,4,15.19,116.8,5.2,3.1,2.11,0,2,Graduate
1,6,9254,1,0,0,21,6,10.04,4,13.82,178.4,10.3,1.7,1.76,0,2,Graduate
2,13,9085,1,0,1,19,4,13.41,4,11.59,143.7,10.8,1.5,1.32,0,2,Graduate
2,4,9254,1,0,0,21,4,13.1,6,15.38,119.8,4.1,1.9,-0.2,0,2,Graduate
2,17,9773,0,0,1,25,1,10.79,2,11.2,129.7,4.8,1.4,-1.58,1,0,Dropout
1,15,9254,1,0,0,27,0,0,2,12.98,131.8,4.1,1.7,-0.76,1,0,Dropout
1,18,171,1,0,0,19,6,14.95,4,11.94,113.6,9.3,1,0.8,0,2,Graduate
1,5,9991,1,0,0,19,6,14.57,6,12.43,137,7.5,0.6,-1.36,0,2,Graduate
1,7,9556,1,0,0,18,4,12.98,4,12.97,161.6,7.8,2.3,-0.74,0,2,Graduate
2,10,171,1,1,0,23,6,11.62,5,11.25,183.9,4.9,1.5,1.83,0,2,Graduate
1,13,9070,1,0,0,22,5,15.36,4,15.61,163.8,10.6,1.8,-0.23,0,1,Enrolled
1,12,171,0,1,1,23,0,0,0,0,124.1,9.9,2.3,0.51,1,0,Dropout
1,14,9003,1,1,0,18,5,13.41,6,15.99,141.3,6.1,1.3,1.41,0,2,Graduate
1,6,171,1,0,0,19,5,10.87,5,15.8,178.8,11.3,3.1,-1.25,0,2,Graduate
1,12,9147,1,0,1,24,3,11.76,2,11.77,102.4,5.5,2,0.28,1,0,Dropout
1,18,9119,1,0,0,21,6,13.22,6,16.1,117.4,3.7,3.3,0.14,0,2,Graduate
1,15,9238,1,0,0,21,6,16.92,6,14.07,141.9,8.3,1.9,-1.64,0,2,Graduate
1,3,9853,0,0,1,25,2,12.76,1,10.38,179.8,5.7,2.3,0.37,1,0,Dropout
1,6,9500,1,0,0,19,4,15.45,5,16.46,141.3,6.1,0.8,0.21,0,2,Graduate
1,6,9147,1,1,0,18,4,13.69,6,14.25,133.3,7.4,3.4,0.28,0,2,Graduate
1,13,8014,1,0,0,21,6,15.67,6,16.95,166.2,9.6,3.2,1.42,0,2,Graduate
2,6,171,1,0,0,19,5,16.05,5,16.36,115.3,7,1.1,-0.53,0,1,Enrolled
1,3,9670,1,0,0,22,4,10.84,6,12.64,167.9,8.3,2.6,1.95,0,2,Graduate
1,12,9991,1,1,0,22,4,10.12,6,12.7,136.6,5.9,0.4,-1.02,0,1,Enrolled
1,12,9670,0,0,0,29,3,12.42,1,12.59,168.9,8,0.9,-0.54,1,0,Dropout
1,16,171,1,0,0,21,6,12.76,5,11.3,100.8,4.6,0.8,-1.07,0,2,Graduate
1,9,9500,1,0,0,18,5,16.73,4,11.17,152.9,6.9,1.1,0.09,0,2,Graduate
1,16,9238,1,1,0,23,6,12.81,5,11,101.8,7.4,3.1,1.2,0,2,Graduate
1,16,9254,1,0,0,18,5,12.12,4,10.17,150.6,11.6,2.6,-1.28,0,1,Enrolled
1,3,9556,0,0,1,26,2,12.11,2,10.31,146.3,6.2,0.7,0.56,1,0,Dropout
1,14,9070,1,1,0,21,5,11.92,4,10.43,167.3,6.6,1.8,0.98,0,2,Graduate
1,12,9085,1,0,0,18,1,10.17,1,10.11,144.4,6.2,3.3,-1.02,1,0,Dropout
1,1,8014,1,0,0,23,6,14.98,4,16.33,135.8,5.4,0.5,-0.62,0,1,Enrolled
1,2,9254,1,0,0,20,6,10.57,6,10.35,166.3,3.9,2.7,0.24,0,2,Graduate
1,2,9500,1,1,0,22,6,11.13,6,13.8,131.1,5.3,2.5,0.01,0,2,Graduate
1,17,9254,1,0,0,21,5,16.47,6,13.08,133,5.9,2.3,2.22,0,2,Graduate
2,4,9773,1,0,0,22,4,14.36,4,15.11,168.3,7.7,1.7,1.38,0,2,Graduate
1,17,9500,1,1,0,20,4,12.54,4,14.08,174.5,10.8,2.5,0.9,0,2,Graduate
1,14,9070,1,0,0,23,4,10.73,5,13.61,187.1,10.3,3.2,0.08,0,2,Graduate
1,11,9991,1,0,1,29,0,0,0,0,154.4,10.1,2.1,0.82,1,0,Dropout
1,1,9130,1,0,0,24,2,10.24,1,12.07,160.5,3.6,2.3,-0.45,1,0,Dropout
1,16,9500,1,0,0,22,3,10.93,1,12.34,173.2,3.9,2.2,-1.3,1,0,Dropout
1,14,9773,1,0,0,21,4,14.13,4,10.15,145.9,6.3,1.8,0.05,0,2,Graduate
1,2,9085,0,0,1,18,0,0,2,12.53,168.6,4.2,1.8,2.02,1,0,Dropout
2,14,9773,1,0,1,27,2,11.18,2,10.22,103.1,3.9,3.1,2.05,1,0,Dropout
1,14,171,0,0,0,25,1,10.04,0,0,107.1,4.9,0.6,1.91,1,0,Dropout
1,9,9147,1,0,0,23,5,11.7,5,11.74,159.6,10.7,1.3,-0.99,0,2,Graduate
1,6,9670,1,1,1,25,1,11.45,2,12.18,187.2,6.5,1,1.49,1,0,Dropout
1,2,171,1,1,0,28,0,0,2,11.87,179.7,10.1,1,0.31,1,0,Dropout
1,9,9119,1,1,1,27,0,0,0,0,130.7,4.8,1.3,-1.45,1,0,Dropout
1,12,8014,1,0,0,19,5,14.56,6,16.13,189.4,8.9,2.9,-1.7,0,2,Graduate
2,15,9773,1,1,0,18,6,13.56,4,12.68,147,11.4,0.4,-0.47,0,2,Graduate
1,13,9238,1,0,0,21,4,11.32,4,14.19,163.6,4.5,1.1,-0.87,0,1,Enrolled
1,3,9003,1,0,1,21,3,12.44,2,11.76,171.5,8.2,2.8,1.37,1,0,Dropout
1,18,9500,1,1,0,21,6,16.26,6,14.61,104.4,7.3,1.9,1.2,0,2,Graduate
1,18,9119,1,0,0,18,4,14.56,4,14.62,174.8,7.5,3.2,0.34,0,2,Graduate
1,10,9238,1,0,0,19,5,13.87,5,10.31,151.2,5.9,1.9,-0.03,0,2,Graduate
1,15,9773,1,0,0,18,5,12.49,6,14.62,112.4,10,3.4,-0.08,0,2,Graduate
1,13,9670,0,0,1,24,3,12.08,1,11.06,171.3,9.2,1.7,-0.73,1,0,Dropout
1,18,9070,1,1,0,18,5,12.43,6,10.06,124.9,11.5,2.4,-0.62,0,2,Graduate
1,7,9670,0,0,0,21,1,10.07,1,11.84,127.9,5.3,2.8,0.46,1,0,Dropout
1,15,9556,1,0,0,19,6,11.05,4,16.43,141.9,6.6,0.9,-0.84,0,2,Graduate
1,14,9500,0,0,1,19,2,12.21,0,0,159.5,8.4,2.5,-0.81,1,0,Dropout
1,5,9556,1,1,1,23,5,10.51,5,12.57,167.4,11,1.3,0.98,0,2,Graduate
1,6,33,0,1,1,26,0,0,0,0,122.1,9.6,1.8,1.8,1,0,Dropout
1,12,9003,1,0,0,27,3,10.97,1,11.16,179.9,10.7,1.5,0.72,1,0,Dropout
1,12,8014,0,0,1,19,1,11.78,1,10.78,119.7,6.7,2.3,1.03,1,0,Dropout
1,12,9130,1,0,1,25,3,12.84,2,10.42,130.5,3.7,1.8,1.61,1,0,Dropout
1,16,9238,0,0,0,19,0,0,0,0,162.8,3.8,1.3,-0.12,1,0,Dropout
1,7,9853,1,1,0,19,5,10.84,4,16.71,169.2,9.9,2.2,-0.35,0,2,Graduate
1,6,9773,1,0,0,19,4,16.76,4,16.71,116.7,11,3.2,-0.44,0,2,Graduate
1,13,9238,1,0,0,23,4,11.08,6,13.35,167.4,6,2,-1.68,0,2,Graduate
1,5,8014,1,1,0,21,5,11.29,5,14.95,127.9,3.8,1.7,-0.92,0,1,Enrolled
1,12,9003,0,0,1,23,1,12.96,1,11.21,111.7,8.4,3.4,1.55,1,0,Dropout
1,8,9130,1,0,0,28,1,12.23,2,11.97,130.9,5.4,3.2,-1.25,1,0,Dropout
1,18,9773,1,1,0,20,6,10.91,6,11.21,183,8.9,3,-0.73,0,2,Graduate
1,11,9556,1,0,0,19,5,14.95,5,16.72,110.3,8.2,0.7,1.89,0,2,Graduate
1,17,8014,0,0,1,18,1,11.23,2,11.56,183,5.9,1.7,2.25,1,0,Dropout
1,6,9147,1,0,1,21,3,10.25,0,0,187.8,9.9,0.6,1.06,1,0,Dropout
2,9,9773,1,0,0,21,5,12.41,5,14.84,181,7.5,0.5,-0.21,0,1,Enrolled
2,17,9238,1,0,0,18,6,15.75,4,15.36,122.1,6.2,3.3,2.02,0,2,Graduate
1,18,9500,0,0,0,24,2,12.03,1,12.36,107.4,11.1,1,0.05,1,0,Dropout
1,14,9147,1,0,0,18,4,16.06,5,10.31,179.7,6.3,1.9,0.52,0,2,Graduate
1,4,9130,1,0,0,20,2,10.33,0,0,174.9,5.4,3.3,-0.83,1,0,Dropout
1,18,9085,1,1,0,18,4,15.03,6,13.09,189.8,8.8,3.3,-1.36,0,1,Enrolled
1,9,9991,1,0,0,21,5,13.98,6,16.93,114,9.7,3.1,2.13,0,2,Graduate
1,4,171,1,0,0,22,5,10.52,5,10.69,184,10.9,1.4,-0.27,0,2,Graduate
1,8,9991,1,0,1,21,4,11.26,4,15.79,148,6,2.4,-0.02,0,2,Graduate
1,6,9853,1,1,0,18,5,10.23,6,11.71,130.6,6.1,2.2,1.2,0,2,Graduate
1,14,9670,1,0,0,22,5,12.79,4,13.7,152.2,6.1,0.8,2.11,0,2,Graduate
1,3,171,1,0,0,23,5,12.24,5,15.66,168.6,10.7,3.2,1.16,0,1,Enrolled
1,6,9853,1,1,1,22,4,16.42,6,11.21,111.8,4.3,3.1,-1.58,0,1,Enrolled
1,13,9773,1,0,0,18,5,13.3,6,13.09,184.1,5.4,2.6,1.41,0,2,Graduate
1,1,9991,1,0,0,18,6,15.12,6,14.15,161.2,11.6,2.1,1.04,0,2,Graduate
1,1,9500,1,0,0,21,2,12.66,1,10.58,121.1,6.9,0.7,0.07,1,0,Dropout
1,3,9853,1,0,0,23,6,11.95,6,13.48,122.5,10.6,0.8,1.46,0,2,Graduate
1,5,33,1,0,0,20,6,12.94,6,10.84,163.5,5.7,3.4,2.3,0,2,Graduate
1,13,9991,1,0,0,26,1,10.89,0,0,110.7,4.5,1,0.78,1,0,Dropout
1,11,9085,1,0,0,21,5,12.8,4,10.59,106.9,6.8,2.5,0.89,0,2,Graduate
1,16,9085,1,0,0,19,5,10.55,5,15.71,158.2,6.1,2.5,1.31,0,2,Graduate
1,7,9853,1,0,0,23,5,15.63,4,12.71,142,4.9,3,2.02,0,2,Graduate
1,6,8014,1,0,1,18,3,10.04,1,11.33,110,11.4,0.9,0.22,1,0,Dropout
2,10,9556,1,0,1,22,3,12.87,0,0,124.3,5.4,3.3,2.15,1,0,Dropout
1,6,9238,1,1,1,20,5,11.62,5,11.72,169.3,3.9,1.1,1.59,0,1,Enrolled
1,5,9147,1,0,0,23,4,12.75,4,10.25,182.8,9.5,1.2,0.08,0,2,Graduate
1,5,33,1,0,0,23,5,10.71,5,11.83,133.3,11.3,2.9,-1.21,0,2,Graduate
1,6,9991,1,0,0,20,6,16.37,6,16.26,127.7,3.7,2.1,1.61,0,2,Graduate
1,13,9147,1,1,0,19,2,11.03,2,11.35,184.1,6,1.3,1.9,1,0,Dropout
1,14,9254,1,0,1,28,1,12.57,1,10.61,103.7,4.5,1.9,2.27,1,0,Dropout
1,15,9070,1,0,0,21,5,11.74,4,16.92,111.8,7.2,0.5,0.55,0,1,Enrolled
1,4,9119,1,0,0,19,6,13.39,4,12.49,170.6,6,2.2,0.29,0,2,Graduate
1,13,9070,1,0,1,22,2,12.41,2,12.73,148,4.2,0.7,-1.04,1,0,Dropout
1,18,8014,1,0,0,20,5,11.14,6,12.94,150.9,6.6,3.1,1.05,0,2,Graduate
1,1,9254,1,0,1,19,3,11.46,1,11.34,128.8,8.1,1.3,0.39,1,0,Dropout
1,18,9130,1,0,0,21,4,11.07,5,15.08,145.7,5.1,1.9,-0.7,0,1,Enrolled
2,8,9853,1,0,0,21,6,16.64,5,15.29,110.1,11.4,0.5,1.85,0,2,Graduate
1,11,9773,1,0,0,20,4,10.14,5,16.53,147.9,7.6,1.8,0.56,0,2,Graduate
2,1,9130,1,0,0,23,5,13.69,6,13.21,110.5,7.4,0.4,1.3,0,2,Graduate
1,3,9003,1,1,0,18,4,11.56,6,16.61,182.7,10.7,2.5,1.92,0,2,Graduate
1,3,9003,1,0,0,19,5,13.06,5,16.94,123.1,4.1,2.2,0.58,0,2,Graduate
1,1,9119,0,0,1,21,2,11.76,1,11.98,113.6,11.2,2.4,-1.07,1,0,Dropout
1,4,9238,1,0,1,20,0,0,0,0,134.7,9.1,2.4,0.66,1,0,Dropout
1,9,9130,1,0,0,23,4,11.83,6,13.24,169,5.4,1.2,0.19,0,2,Graduate
1,2,171,0,0,0,25,3,11.05,1,11.08,146.4,6.7,2.9,0.64,1,0,Dropout
1,16,9070,1,0,1,21,2,11.77,2,11.99,125,10.4,2.2,-0.18,1,0,Dropout
1,4,9003,1,0,0,20,4,13.96,4,15.93,113.5,10.4,2.2,1.21,0,2,Graduate
1,6,9147,1,0,1,20,1,11.27,1,10.35,125.3,11.5,2.9,1.56,1,0,Dropout
1,14,9853,1,1,0,23,5,13.29,4,14.2,163.4,5.3,3.3,-1.52,0,1,Enrolled
2,16,9003,1,0,0,18,4,11.13,4,12.45,140.6,8.4,0.9,1.81,0,1,Enrolled
1,10,8014,1,1,0,23,6,13.9,4,14.24,174.2,4.3,2.4,-0.1,0,2,Graduate
1,4,33,1,0,0,19,4,12.57,4,15.38,112.1,7.5,2.4,-0.34,0,2,Graduate
1,16,9853,1,0,0,23,5,16.53,6,10.33,185.7,9,0.7,0.41,0,2,Graduate
1,16,8014,1,0,0,22,4,11.42,6,10.94,124.4,9.6,0.9,-1.57,0,1,Enrolled
1,13,9119,1,0,0,20,5,14.01,5,16.49,128.3,11.4,2.6,2.19,0,1,Enrolled
2,12,8014,0,0,1,20,3,10.32,2,12.36,160.4,8.5,0.7,1.89,1,0,Dropout
2,6,9085,1,1,0,23,1,11.53,2,10.88,126.5,10.7,3.2,-0.18,1,0,Dropout
1,1,9085,0,0,1,27,0,0,2,12.36,174.1,9.2,1.3,1.64,1,0,Dropout
1,1,9254,1,0,0,19,6,11.18,4,15.97,182.1,5.3,1.3,-0.59,0,2,Graduate
1,18,171,1,1,0,21,4,10.07,6,16.52,189.7,7,2.7,-1.48,0,2,Graduate
1,8,9003,1,0,1,21,3,12.35,2,12.84,121.2,7.8,0.4,1.42,1,0,Dropout
1,8,9070,1,0,1,20,6,15.27,4,10.38,168.7,7.7,1.8,1.25,0,1,Enrolled
1,16,171,1,0,0,22,6,13.5,5,11.57,148.6,10.8,0.6,1.79,0,1,Enrolled
1,11,9773,1,0,0,22,4,12.67,4,11.39,100.4,4.8,2.7,0.58,0,1,Enrolled
1,14,9670,1,1,0,21,4,13.65,5,10.43,121,10.7,3.3,0.96,0,1,Enrolled
1,6,9773,1,0,0,22,6,14.06,6,16.8,104.7,5.3,1.8,-0.49,0,2,Graduate
1,8,9238,1,1,0,18,5,15.06,4,12.99,132.2,7.5,0.5,-1.14,0,1,Enrolled
1,4,9070,1,0,1,22,0,0,0,0,187.6,6.1,1.8,-0.22,1,0,Dropout
1,7,9670,1,0,0,20,6,13.22,6,15.94,134.5,6,1.2,1.01,0,2,Graduate
1,17,9130,1,0,0,22,5,16.61,6,13.13,124.1,11.3,1.8,0.39,0,1,Enrolled
1,17,9119,1,1,0,20,4,13.98,6,15.06,133.6,6.1,0.6,-0.64,0,2,Graduate
1,10,9556,1,0,0,22,5,15.02,6,11.44,167.3,10.7,3.3,1.95,0,1,Enrolled
1,15,9085,1,0,0,20,4,15.28,4,12.45,141.1,9.2,3,-0.87,0,2,Graduate
1,2,9070,1,0,0,20,6,16.2,4,14.68,170.2,4,0.6,1.56,0,1,Enrolled
1,9,171,0,0,0,23,0,0,1,11.94,150.2,6.4,2.7,1.36,1,0,Dropout
1,6,9773,1,0,1,20,5,11.16,4,13.78,135.3,7.3,3.3,-0.49,0,1,Enrolled
1,7,9500,1,1,0,18,6,10.32,6,16.89,123.7,5.5,1.5,0.31,0,2,Graduate
1,11,9130,1,0,0,19,5,12.67,5,12.13,125,10.4,3,0.52,0,1,Enrolled
2,9,9853,1,0,0,21,6,14.01,4,12.86,181.3,10.4,3,0.36,0,2,Graduate
1,4,33,0,0,1,21,2,11.73,1,11.71,178.9,8.7,0.7,-0.78,1,0,Dropout
1,8,9119,1,0,0,23,5,14.63,4,16.76,155.7,8.5,3.4,-1.42,0,1,Enrolled
1,13,9003,1,0,0,18,6,16.21,5,15.48,105.8,6.9,2.9,-1.44,0,2,Graduate
1,6,9085,1,0,0,22,4,12.26,6,15.83,136.6,7.8,2.7,-0.96,0,1,Enrolled
1,12,8014,0,0,1,20,1,10.08,1,10.41,145.2,7,1.3,0.94,1,0,Dropout
2,18,9254,1,0,0,22,4,15.59,4,12.92,132.3,4.5,0.5,0.31,0,2,Graduate
1,5,9147,1,0,0,23,5,11.85,6,11.62,143.9,8.4,2.6,-1.45,0,1,Enrolled
1,7,9238,1,0,1,20,0,0,2,11.42,143,11.6,2.8,1.44,1,0,Dropout
1,15,9500,1,0,0,19,4,10.05,4,14.14,174.2,8.7,1.3,1.96,0,2,Graduate
1,2,9003,1,0,0,20,6,10.47,6,11.14,174.1,11.2,2.6,1.29,0,2,Graduate
1,9,9238,1,0,0,23,5,13.67,5,16.12,155.3,4.3,3,-1.59,0,1,Enrolled
1,15,9238,1,0,0,18,5,11.55,5,11.48,163.4,6.6,3.4,-1.51,0,1,Enrolled
1,3,9254,0,0,0,27,1,12.85,0,0,143.6,10.4,3.2,1.59,1,0,Dropout
1,8,9238,1,0,0,19,6,11.62,6,12.14,108.5,3.8,2.2,1.79,0,2,Graduate
1,8,9773,1,0,0,19,4,11.8,6,15.23,119.2,9.4,2.4,-0.22,0,1,Enrolled
1,9,9853,1,0,0,18,5,15.96,6,14.8,130.1,4.6,2.9,-0.61,0,2,Graduate
1,15,9991,0,0,1,18,0,0,1,12.69,128.9,10.5,1.9,1.79,1,0,Dropout
1,10,9003,1,1,0,20,6,14.83,4,16.55,122,6.6,1.4,0.04,0,1,Enrolled
1,8,9130,1,0,0,22,5,15.26,4,15.84,186.9,6.5,1,-0.1,0,2,Graduate
2,1,9500,1,0,1,25,0,0,2,11.9,127.9,10.9,1,0.85,1,0,Dropout
1,5,9085,1,0,0,18,4,10.8,6,15.56,146.3,7.7,3.3,-0.58,0,2,Graduate
1,10,9119,1,0,1,29,3,12.18,2,12.5,129.8,6.4,1.6,1.91,1,0,Dropout
1,17,9853,1,0,0,21,4,16.78,5,16.63,133.4,8.4,1.5,-0.18,0,2,Graduate
1,13,8014,1,1,1,27,1,12.31,0,0,119.3,3.7,1.3,0.93,1,0,Dropout
2,12,9556,1,0,0,19,6,12.71,6,16.8,146.1,4.3,2.4,-1.31,0,2,Graduate
1,1,9500,0,0,1,21,2,11.43,2,11.62,176.2,5.7,1.7,-1.28,1,0,Dropout
1,15,9991,1,0,1,24,0,0,0,0,134.4,8.5,0.7,-0.9,1,0,Dropout
1,16,9773,1,0,0,22,6,16.7,4,10.4,120.2,6.8,2.3,1.55,0,2,Graduate
1,6,9130,1,0,0,22,2,11.07,1,12.37,187.2,5.5,1,-0.44,1,0,Dropout
1,6,9773,1,0,0,23,6,16.3,5,11.45,131.9,6.9,1.9,0.51,0,2,Graduate
1,4,9238,1,1,0,18,4,10.57,6,12.75,125,4.4,3.1,1.49,0,2,Graduate
1,6,9238,1,0,0,22,6,13.14,6,15.83,189,8.1,1.2,-0.99,0,2,Graduate
1,12,9130,1,0,0,22,4,11.93,5,15.16,128.4,5.9,2.8,2.28,0,2,Graduate
1,18,9147,1,0,0,29,0,0,1,10.81,114.1,6.4,2.2,-1.49,1,0,Dropout
1,10,9773,0,0,1,25,3,12.77,1,12.27,180.3,7.5,1.4,-1,1,0,Dropout
1,3,9003,1,0,0,18,4,15.6,6,11.18,166.6,9.7,2.9,-1.4,0,2,Graduate
1,13,9119,1,1,0,22,4,11.16,6,11.6,148.6,6.4,1.1,-0.55,0,2,Graduate
1,1,9238,1,0,0,21,2,11.63,0,0,142.6,8.7,0.9,-1.52,1,0,Dropout
1,8,9147,1,0,0,20,5,14.79,6,10.68,190,9.6,1.5,-0.83,0,2,Graduate
1,13,9991,1,0,0,18,6,11.98,4,13.04,113.5,6.2,2.2,-0.1,0,2,Graduate
1,1,9500,1,0,1,27,0,0,1,10.46,138.6,10.2,1.4,-0.86,1,0,Dropout
1,2,9556,1,0,1,27,2,12.53,2,10.36,142.5,5.8,2.1,-1.09,1,0,Dropout
2,6,9500,1,0,0,20,5,15.32,5,14.28,128.4,7.5,1.6,1.24,0,2,Graduate
1,11,9853,1,0,0,23,3,12.36,2,10.95,172.3,4.1,1.4,1.27,1,0,Dropout
1,1,9003,1,0,0,21,4,13.51,6,16.52,173.2,6.9,3.1,-0.4,0,2,Graduate
1,13,9147,1,0,1,26,2,12.69,1,11.31,115.7,10.5,1.2,0.33,1,0,Dropout
1,10,9254,1,0,0,22,6,13.45,5,11,175.1,7.4,0.9,-1.27,0,2,Graduate
1,6,9003,1,0,1,27,2,11.75,2,10.9,104.4,8.9,3.2,1.43,1,0,Dropout
2,8,9238,1,1,0,21,4,14.55,4,16.28,103,5.9,0.8,1.83,0,2,Graduate
1,18,9254,1,0,1,18,3,10.89,2,12.27,150.2,7.5,0.5,1.53,1,0,Dropout
1,6,9119,1,0,1,21,5,15.51,4,11.99,134.8,10.6,2.1,-1.34,0,2,Graduate
2,5,9085,1,0,0,19,6,10.42,4,15.5,181.8,8.2,2.8,1.13,0,2,Graduate
1,14,9238,1,0,1,18,1,12.16,2,11.2,144.3,6.1,2.4,-0.54,1,0,Dropout
1,6,9853,0,0,1,29,0,0,2,12.56,117.3,10.9,1.1,1.3,1,0,Dropout
1,14,9773,0,0,0,25,1,11.75,2,11.43,112.6,9.9,0.7,-0.34,1,0,Dropout
1,13,9003,1,1,0,18,6,12.75,6,11.36,161.1,11.3,1.7,1.73,0,2,Graduate
2,8,9070,1,0,0,19,5,14.99,4,15.98,119.6,7.4,2.5,-1.46,0,2,Graduate
1,4,9670,1,0,0,19,5,12.19,4,15.3,106.7,5.2,2.6,-0.91,0,2,Graduate
1,16,9085,1,0,0,20,4,13.86,6,16.27,140.6,11.1,2,0.65,0,2,Graduate
1,17,8014,1,0,1,20,1,11.46,0,0,186.8,11.3,0.7,-0.2,1,0,Dropout
1,15,9254,1,0,0,21,6,12.88,6,10.2,179.9,8.2,2.5,1.84,0,2,Graduate
1,2,9238,1,0,0,22,6,13.06,4,14.46,183.9,8.4,1.3,-1.48,0,1,Enrolled
1,15,9003,1,1,0,23,6,12.81,6,12.51,164.2,8.5,3.2,1.56,0,2,Graduate
1,16,9130,1,1,0,21,4,16.49,4,13.43,178.9,8.9,1.1,2.17,0,2,Graduate
1,12,9670,1,0,0,20,5,15.5,6,13.92,108.8,4.1,3.3,0.33,0,2,Graduate
1,11,9130,0,0,0,22,0,0,0,0,146.4,6.7,1.1,0.27,1,0,Dropout
1,17,9070,1,0,0,21,4,13.78,6,12.84,184.3,9.1,2.3,-0.98,0,2,Graduate
1,7,9070,1,0,0,21,4,15.4,5,14.59,165,6.8,2.4,0.24,0,1,Enrolled
1,18,9556,1,0,0,26,3,12.43,0,0,104.5,4.6,1.7,1.4,1,0,Dropout
1,7,9130,1,0,0,20,1,12.75,2,12.85,141.2,6.9,1.5,1.37,1,0,Dropout
1,11,9085,1,0,0,22,5,13.5,4,10.91,165.1,3.7,2.9,-1.22,0,1,Enrolled
1,11,9085,1,1,0,21,6,13.69,4,16.24,160.4,5.4,1.2,0.38,0,1,Enrolled
1,6,9991,1,1,0,23,5,12.68,5,16.63,143.9,9.8,1.8,-0.41,0,2,Graduate
2,4,9085,1,0,0,18,4,15.25,5,12.89,113.4,10.7,1,-1.5,0,2,Graduate
1,3,9500,1,0,0,22,4,12.04,4,13.9,127.3,6.9,0.5,1.6,0,2,Graduate
2,6,8014,1,0,0,22,4,12.66,5,12.97,130.4,8.8,0.5,-1.27,0,2,Graduate
1,9,9773,1,0,0,19,6,11.07,4,14.14,164.5,3.7,2.6,0.09,0,2,Graduate
1,18,9500,1,0,0,20,4,16.21,6,11.63,162.4,8.9,3.1,1.99,0,2,Graduate
1,6,9147,1,1,1,27,3,10.55,2,11.12,134.8,7.3,2.9,2.2,1,0,Dropout
1,11,9500,1,1,0,20,6,12.98,5,11.87,106.5,5.4,2,-0.81,0,2,Graduate
1,9,9070,1,0,0,22,4,13.1,5,14.89,131.8,11.3,3.4,0.42,0,2,Graduate
1,18,9070,1,0,0,22,4,12.94,5,10.55,109.6,11.3,2,0.55,0,2,Graduate
1,3,9773,1,0,0,18,5,11.76,5,16.42,115.4,8.2,1.2,1.04,0,2,Graduate
1,16,9130,1,0,1,23,4,11.8,5,14.86,138.2,6.4,2.5,-0.05,0,1,Enrolled
1,12,9085,1,1,0,20,6,11.06,6,13.34,160.4,7.6,0.4,0.05,0,2,Graduate
1,1,9556,1,0,0,18,5,10.5,5,16.4,122,4.1,2.4,1.58,0,2,Graduate
1,3,9003,1,0,1,20,1,10.34,1,12.31,123.8,10.3,0.8,1.81,1,0,Dropout
1,16,9853,1,1,0,19,6,10.78,5,15.68,112.4,11.2,0.8,2.1,0,2,Graduate
1,2,9130,1,0,1,29,3,11.28,1,11.23,150.6,6.6,0.7,-1.47,1,0,Dropout
1,7,9991,0,0,0,21,0,0,1,12.24,150.5,9.5,1,-0.81,1,0,Dropout
1,11,9556,0,0,0,21,0,0,2,10.87,113.5,8.3,1.8,-0.31,1,0,Dropout
1,15,9853,1,0,0,22,5,13.82,5,14.74,137.3,5.1,2.9,2.26,0,2,Graduate
1,8,9773,1,1,0,23,6,11.88,4,13.11,135.5,4.2,0.8,-1.7,0,2,Graduate
2,12,9238,1,0,0,20,5,10.81,5,15.01,146.9,9.2,2.7,1.63,0,2,Graduate
1,15,33,1,0,0,22,0,0,0,0,110.3,9.1,2.3,-1.38,1,0,Dropout
2,7,9070,1,0,0,18,5,13.38,5,14.21,166.9,8,2.2,-0.4,0,2,Graduate
2,1,9147,1,0,0,21,6,11.59,4,14.55,121.3,7.1,3.2,0.7,0,1,Enrolled
1,11,9003,1,0,0,21,5,11.07,5,13.05,157.2,4.5,3.3,1.32,0,2,Graduate
1,5,9991,1,0,0,21,5,16.33,4,12.52,168.3,9.3,2.6,0.37,0,2,Graduate
1,17,33,1,1,0,21,4,13.5,4,10.15,147.3,8.7,1.2,1.12,0,2,Graduate
1,3,9003,1,0,1,24,1,10.57,0,0,166.1,5.5,1.2,1.2,1,0,Dropout
1,17,8014,1,0,0,18,4,10.24,6,16.2,177.4,9.3,1.7,-0.26,0,1,Enrolled
2,17,9147,0,0,1,21,2,11.02,2,12.8,130.2,8.1,2,0.37,1,0,Dropout
1,7,9119,1,0,0,20,5,15.12,6,16.47,131.8,8.4,2.6,0.92,0,1,Enrolled
1,6,9070,1,0,0,18,5,14.23,4,10.13,142.8,4.8,1.6,-1.18,0,2,Graduate
1,18,9147,1,0,0,19,6,12.38,5,16.05,164.5,8.6,2.3,1.56,0,2,Graduate
1,7,8014,1,0,0,29,3,11.62,2,10.93,122.9,10.4,1.2,1.01,1,0,Dropout
1,11,9670,1,0,1,20,0,0,0,0,185.5,6.7,1.7,1.09,1,0,Dropout
1,13,9500,1,0,1,18,5,15.37,6,13.77,167.8,11.3,1.1,1.12,0,2,Graduate
1,15,9556,1,1,0,22,6,13.44,6,11.22,178.9,10,1,0.65,0,2,Graduate
1,11,33,0,0,1,21,3,10.37,0,0,141.9,10,3.4,1.11,1,0,Dropout
2,7,9500,0,0,1,24,3,10.37,2,11.26,187.5,8.3,2,-1.45,1,0,Dropout
1,1,9085,0,0,1,18,2,10.91,2,10.11,167,4.5,2,-1.69,1,0,Dropout
1,13,171,1,0,0,23,4,10.06,5,15.68,170.8,8.2,2,-1.47,0,2,Graduate
1,4,9130,1,0,1,26,3,12.75,0,0,159.7,9.1,1.4,-1.07,1,0,Dropout
1,5,9991,1,0,1,22,3,11.62,0,0,167.8,4.8,1.5,-0.85,1,0,Dropout
1,3,33,1,0,0,23,4,15.57,5,16.94,173.8,7,3.3,0.67,0,2,Graduate
1,11,9119,1,0,0,21,1,12.5,0,0,101.8,6.2,3.4,1.79,1,0,Dropout
1,1,9070,1,0,1,18,1,10,1,12.83,171.6,6.2,2.6,1.12,1,0,Dropout
1,10,9853,1,0,1,24,3,10.88,0,0,164.7,4.4,2.7,0.63,1,0,Dropout
1,8,33,1,1,0,21,6,10.08,4,13.05,119,6.3,1.3,0.82,0,1,Enrolled
1,11,8014,0,0,1,26,1,12.03,0,0,126.3,5.7,2.6,0.96,1,0,Dropout
1,18,9119,0,0,1,26,3,10.44,1,11.12,140.9,9.7,1.2,1.02,1,0,Dropout
1,15,9991,1,0,0,19,5,11.61,4,16.13,135.9,4.4,3.4,-0.26,0,2,Graduate
1,16,9070,1,0,0,21,4,15.69,6,12.49,174.9,9.3,2.9,2.28,0,1,Enrolled
1,6,9070,0,0,0,26,2,11.72,2,11.38,128.3,5.3,2.6,1.34,1,0,Dropout
1,5,9070,1,0,1,18,2,11.92,1,12.29,159.7,7.9,2.4,-0.01,1,0,Dropout
1,10,9254,1,1,0,22,4,15.21,6,15.57,151.6,7.4,2.8,-0.38,0,1,Enrolled
1,14,9070,1,0,0,20,4,14.88,6,12.67,105.7,8.5,0.8,-0.12,0,2,Graduate
1,18,9670,1,0,0,29,3,11.06,1,12.73,187,4.2,1.9,-1.58,1,0,Dropout
1,6,9773,1,1,0,21,4,14.73,5,14.1,114.9,9.3,2.5,0.63,0,2,Graduate
1,9,9130,1,1,0,18,4,14.37,6,13.69,181.3,8.3,2.6,-1.44,0,1,Enrolled
1,3,9556,1,0,0,19,5,13.51,5,12.26,105.2,7.4,2,0.71,0,1,Enrolled
1,5,9991,1,0,1,28,2,11.33,2,10.89,132.9,9.6,3,-1.31,1,0,Dropout
1,18,9556,1,0,0,27,3,10.39,1,12.57,162.9,10.9,2.7,-0.85,1,0,Dropout
1,3,9070,1,0,0,22,5,13.81,6,10.08,118.2,5.6,1.2,1.16,0,1,Enrolled
1,4,9254,0,0,1,19,0,0,1,11.98,135.9,7.2,1.4,-1.39,1,0,Dropout
1,13,9003,1,1,0,23,5,13.27,5,14.89,158,7.1,3.2,-0.33,0,2,Graduate
2,8,9773,1,0,0,21,4,11.4,4,11.24,158.2,11.2,3.4,0.97,0,2,Graduate
1,6,9070,1,0,0,29,2,12.31,0,0,165.3,6.8,2.3,-0.21,1,0,Dropout
1,5,9556,1,1,1,22,4,14.29,6,11.57,184.5,3.8,0.9,-0.86,0,2,Graduate
1,17,9773,1,0,0,18,5,12.47,6,16.97,148.1,9.2,2.7,1.77,0,1,Enrolled
1,3,9991,1,0,0,20,6,16.53,4,13.09,109.8,4.8,1.9,0.71,0,2,Graduate
1,4,9670,1,0,1,21,3,10.47,2,11.97,149.1,5.9,1.6,2.02,1,0,Dropout
1,17,9670,1,0,0,22,4,15.81,5,10.1,121.2,4.7,3,-1.34,0,2,Graduate
2,4,9773,1,0,1,25,3,10.47,2,11.68,168.6,6.1,1.3,0.22,1,0,Dropout
1,8,9670,1,0,0,22,5,13.31,6,13.17,131.9,11.2,0.4,0.83,0,2,Graduate
1,11,9500,1,0,0,21,4,15.56,6,14.02,108.6,10.7,2.3,1.8,0,2,Graduate
1,1,9085,0,0,0,28,2,10.19,2,12.73,175.5,10.7,2,0.07,1,0,Dropout
1,10,9254,1,0,0,18,5,12.2,6,11.18,161.3,7.1,1.9,0.91,0,2,Graduate
1,9,9254,1,0,0,23,4,16.48,6,14.51,172.5,5.2,2.3,1.47,0,1,Enrolled
1,4,9670,1,1,0,20,6,11.85,6,16.43,125.5,5.6,1.3,-0.03,0,1,Enrolled
2,17,9500,1,0,1,21,2,12.7,1,12.93,103.7,9.7,2.2,1.44,1,0,Dropout
1,7,9991,1,0,0,22,5,16.35,5,16.88,148.7,5.3,1.3,2.26,0,2,Graduate
1,14,9238,1,1,0,21,5,15.95,6,12.53,144.6,6.6,1,1.88,0,2,Graduate
1,1,33,1,0,0,19,4,13.53,4,12.41,137.4,10.5,2.5,1.73,0,2,Graduate
1,4,9556,1,0,0,21,6,12.08,6,15.27,147.3,5.7,3.4,2.08,0,2,Graduate
1,9,9670,1,0,1,20,2,12.9,2,10.57,167.4,7.3,1.8,1.74,1,0,Dropout
2,1,9085,1,0,0,22,5,14.19,6,13.54,125.8,5.9,1.6,1.42,0,2,Graduate
1,10,9130,1,1,1,22,6,15.62,5,16.22,147.1,7.2,3.3,-0.07,0,1,Enrolled
1,4,33,1,0,0,21,6,15.43,6,10.63,136.9,10.6,1.1,0.74,0,2,Graduate
2,14,9119,1,0,0,20,5,10.22,4,10.87,160.6,4.6,3.3,1.39,0,2,Graduate
1,6,9119,1,0,0,24,1,12.24,2,12.72,177,10.3,3.4,1,1,0,Dropout
1,15,9119,1,1,0,23,5,16.56,6,15.13,172.6,4.2,1,0.52,0,2,Graduate
1,16,9238,0,0,0,24,1,10.76,1,12.89,153.6,10.5,2.5,-0.96,1,0,Dropout
1,17,9085,1,0,1,21,4,10.7,6,12.65,174,9.8,0.6,1.88,0,2,Graduate
1,12,9853,1,1,0,22,4,15.27,6,16.78,102.3,8.3,2,-1.34,0,1,Enrolled
1,16,9670,1,0,0,21,2,11.4,2,11.36,154.5,6.2,2.3,1.31,1,0,Dropout
1,5,9238,1,0,0,19,5,11.9,5,16.17,133.3,8.4,1.7,0.34,0,1,Enrolled
1,18,9238,1,0,0,22,6,15.41,6,10.79,121,4.9,0.6,0.5,0,2,Graduate
2,1,9119,1,0,0,22,4,11.37,4,16.3,140.2,10.1,2.2,-0.32,0,2,Graduate
1,11,171,1,1,0,23,6,16.81,5,14.88,132,5.7,0.7,0.63,0,2,Graduate
1,12,9500,1,0,0,19,4,14.88,6,10.66,140.6,9.7,1.2,-1.17,0,2,Graduate
1,12,9853,1,0,0,18,4,12.86,5,10.19,124.1,10.9,0.5,-1.03,0,2,Graduate
1,16,9070,1,0,0,18,4,12.47,5,10.49,159.3,9.1,2.2,0.57,0,1,Enrolled
1,1,9853,0,0,0,19,2,12.62,2,10.65,159.9,9.7,2.5,-0.57,1,0,Dropout
1,4,9085,1,1,1,22,3,12.99,2,10.13,124.6,4.8,2.7,-1.07,1,0,Dropout
1,16,9003,1,0,0,20,5,13.15,6,16.71,183,4.7,2.7,0.26,0,2,Graduate
1,3,9119,1,1,0,21,6,11.38,6,13.99,183.3,11.2,1.7,-1.18,0,2,Graduate
1,9,8014,1,0,1,22,4,13.23,6,11.59,171.1,9.2,2.4,2.11,0,2,Graduate
1,7,9773,1,0,0,23,6,10.07,5,13.46,139.8,10.9,1.1,0.21,0,2,Graduate
2,1,9119,0,0,1,18,1,11.18,2,10.08,176.1,11,1.3,0.82,1,0,Dropout
1,14,9085,0,0,0,29,0,0,0,0,117.8,10.3,2.7,-1.31,1,0,Dropout
1,13,9991,1,0,0,21,5,15.43,6,14.68,182.5,4.9,1.5,-1.68,0,2,Graduate
1,2,9119,0,0,1,22,3,12.19,0,0,170.1,8.9,3,-0.51,1,0,Dropout
1,2,9670,1,0,1,23,1,11.78,0,0,116.3,3.8,2.2,0.38,1,0,Dropout
1,12,9130,1,1,0,22,6,11.76,5,10.21,160.3,8.2,1.9,-1.22,0,2,Graduate
1,2,9147,1,0,0,21,0,0,1,10.24,181.3,11.2,0.4,0.49,1,0,Dropout
1,12,8014,1,1,0,23,4,10.56,6,12.53,153.9,7.2,3.3,-0.98,0,2,Graduate
1,16,9130,1,0,1,23,5,14.83,5,16.29,183.5,7.4,2.5,-0.99,0,2,Graduate
1,10,9238,1,1,0,23,6,12.74,4,15.69,142.7,4.2,0.7,0.72,0,2,Graduate
1,16,9119,1,0,0,23,5,14.46,6,16.75,165.6,10,3.1,-1.36,0,2,Graduate
1,3,9085,1,0,0,20,5,14.1,4,10.56,138.7,6.7,2.9,0.29,0,2,Graduate
1,7,9003,1,1,0,22,4,14.78,4,16.04,127.9,5,2.1,1.21,0,1,Enrolled
1,4,9070,1,0,0,18,6,12.08,6,10.84,187.2,9.3,1.4,1.31,0,2,Graduate
1,13,9238,1,0,0,21,6,11.8,4,14.07,185.2,10,2.8,-1.59,0,2,Graduate
1,6,9238,1,0,1,19,2,12.32,2,10.65,133.6,8.2,3,1.74,1,0,Dropout
1,2,9003,0,0,1,27,0,0,0,0,123,7.7,3.2,-0.9,1,0,Dropout
1,2,9670,1,0,1,22,5,11.56,6,15.35,135.9,10.7,2.9,0.69,0,2,Graduate
1,11,9130,1,0,0,22,5,11.11,4,11.67,189.3,11.6,2.3,0.1,0,2,Graduate
1,9,9556,1,0,0,22,6,15.55,6,16.73,145.9,10.9,0.7,0.17,0,2,Graduate
1,10,171,0,0,1,20,2,11.35,2,10.51,174.3,9.5,3,1.1,1,0,Dropout
1,6,9254,1,0,0,18,4,16.26,6,10.49,113,5.3,3.2,0.54,0,1,Enrolled
1,5,9130,1,0,0,21,6,11.5,4,11.8,153.7,10.6,1.7,0.08,0,1,Enrolled
1,16,9670,1,0,1,28,3,12.15,1,12.14,151.1,6.3,1.2,1.75,1,0,Dropout
1,18,171,1,0,0,19,1,12.51,2,11.92,120.6,7.5,3.3,-0.94,1,0,Dropout
1,10,9070,1,0,1,24,3,11.47,2,12.34,146.9,5.1,3.2,-0.55,1,0,Dropout
1,1,9853,1,0,0,19,5,10.77,5,12.27,188,9.4,1.4,-0.6,0,2,Graduate
2,15,9070,1,0,0,22,5,16.36,5,14.99,128.7,9.9,3.2,0.43,0,2,Graduate
1,8,9254,0,0,1,25,2,10.35,1,10.25,148.9,5.4,2.3,-1.32,1,0,Dropout
1,16,9119,1,0,0,20,5,13.24,6,16.93,136.4,6.7,2.7,-1.7,0,2,Graduate
1,16,9119,1,0,0,22,6,14.69,6,16.66,105.7,11.3,1.7,2.22,0,2,Graduate
1,4,9853,1,1,0,20,4,13.34,4,10.65,117.1,10.6,3,0.47,0,2,Graduate
1,13,9147,1,1,0,20,4,12.04,6,14.18,123.5,6.9,3.4,1.78,0,2,Graduate
1,17,9119,1,1,1,20,2,11.63,2,12.4,156.7,5.4,1.4,0.59,1,0,Dropout
1,17,9991,0,0,0,29,2,11.31,2,11.08,175.4,4.3,2.3,0.85,1,0,Dropout
1,10,171,1,1,0,21,4,11.38,5,11.52,187.2,8.2,1.3,-0.74,0,1,Enrolled
1,16,9130,1,0,0,21,6,16.1,4,11.58,172.9,9.8,2.5,1.73,0,2,Graduate
2,17,9130,1,1,0,23,0,0,0,0,183.3,11.6,2.1,-0.9,1,0,Dropout
2,4,9254,1,0,0,21,1,11.21,0,0,180.5,4,1,-0.21,1,0,Dropout
1,18,33,1,0,1,22,4,12.9,5,11.79,174,9.9,0.9,-1.32,0,2,Graduate
1,13,9119,1,0,0,22,5,12.92,6,12.22,171.4,9.8,2.7,0.17,0,1,Enrolled
1,9,8014,1,1,1,25,2,10.19,0,0,113.3,7.9,3.2,0.03,1,0,Dropout
1,9,9147,1,0,0,21,5,16.73,5,14.58,180,10,3.1,0.29,0,2,Graduate
2,5,9119,1,1,0,22,4,12.52,4,13.49,104.5,3.7,1,0.91,0,1,Enrolled
1,12,9853,1,0,0,18,4,12.57,6,16.71,125.7,8.2,3.3,-1.05,0,1,Enrolled
1,7,9773,1,1,1,22,3,12.05,0,0,176,8.5,2.3,-0.61,1,0,Dropout
1,11,9147,1,0,1,29,1,10.91,0,0,105.8,9,2,1.46,1,0,Dropout
1,1,8014,0,0,1,23,2,12.17,0,0,165.6,7.5,1.4,-1.11,1,0,Dropout
1,12,9085,1,1,1,18,6,11.97,6,15.5,103.3,7.1,3,2.3,0,2,Graduate
1,14,9147,1,0,0,21,1,12.58,1,11.6,150.1,7.4,0.5,0.02,1,0,Dropout
1,14,171,1,0,0,19,4,15.71,4,15.5,120.5,9.4,3.3,0.18,0,2,Graduate
1,1,33,1,1,1,18,6,14.63,6,15.92,141.3,5.9,0.5,1.85,0,2,Graduate
1,12,9070,1,0,0,22,5,11.3,6,11.39,174,7,1.6,0.07,0,2,Graduate
1,4,9500,0,0,0,22,2,11.33,0,0,141.2,5.8,0.9,-0.72,1,0,Dropout
1,16,9238,1,0,0,29,0,0,0,0,100.8,4.1,2.9,-1.67,1,0,Dropout
1,16,9147,0,0,0,26,1,12.42,2,11.1,149.7,7.9,2.2,1.43,1,0,Dropout
1,1,9003,1,0,0,20,4,11.43,4,14.41,136.7,7,2.8,-0.88,0,2,Graduate
1,16,9147,1,0,0,18,5,10.64,6,13.68,145.9,10.5,0.7,-0.28,0,1,Enrolled
1,10,9238,1,1,0,19,5,15.28,6,10.82,152.5,6,0.7,-0.41,0,2,Graduate
1,11,9500,0,0,1,18,3,11.82,0,0,136.1,4.1,0.5,0.7,1,0,Dropout
1,3,9853,1,0,0,21,4,16.03,6,11.27,182.7,5.4,2.7,-0.32,0,1,Enrolled
1,16,9238,1,0,0,18,4,10.64,6,13.67,120.3,10.8,0.7,0.45,0,2,Graduate
1,18,9773,1,1,0,23,4,13.2,6,12.86,120.1,11.1,3.3,0.44,0,1,Enrolled
1,5,9070,0,0,1,28,3,10.32,0,0,128.4,6.7,2.5,-1.32,1,0,Dropout
1,10,9670,1,0,0,23,6,16.13,4,13.75,175.1,7.2,0.8,2.27,0,2,Graduate
1,10,9119,1,0,0,20,5,15.5,5,12.89,119.6,9.2,2.1,-0.17,0,1,Enrolled
1,6,33,1,0,0,19,6,14.3,4,13.78,185.4,5.8,3.1,-1.56,0,2,Graduate
1,9,9130,1,0,0,19,5,14.83,5,13.6,131,6.9,0.4,-0.04,0,2,Graduate
1,5,9119,1,0,0,18,5,12.16,4,16.68,142.5,5.6,0.8,1.48,0,2,Graduate
1,14,8014,1,1,1,23,2,11.71,0,0,171.1,7.1,2,0.82,1,0,Dropout
1,15,9500,0,0,1,29,1,10.65,2,10.23,100.8,6.6,0.9,1.02,1,0,Dropout
1,15,8014,1,0,0,20,6,14.15,4,13.26,121.5,7.7,3.1,1.03,0,2,Graduate
1,11,9670,1,1,0,20,4,15.62,6,10.07,174.1,6.1,1,-1.4,0,2,Graduate
1,8,9991,1,1,0,19,5,15.89,6,14.14,162.3,9,1.1,0.46,0,2,Graduate
1,17,9085,1,0,0,23,4,12.4,4,10.19,138.9,9.1,0.5,-0.67,0,2,Graduate
1,1,33,0,0,0,25,3,12.49,0,0,107.5,7.4,3.1,1.68,1,0,Dropout
2,13,9556,1,1,0,21,5,10.97,6,15.99,104,5.5,2.6,-1.7,0,2,Graduate
1,13,171,0,0,1,24,3,11.61,2,11.81,188,8.5,1,-1.37,1,0,Dropout
1,3,9238,1,0,0,19,6,16.23,6,15.58,165.7,5,0.6,1.95,0,2,Graduate
1,7,9670,1,0,0,19,5,14.67,4,14.44,109.3,6.1,3.1,-0.29,0,2,Graduate
1,12,9991,0,0,1,23,0,0,0,0,178.8,4.2,1.2,0.81,1,0,Dropout
1,8,9773,0,0,1,21,3,11.05,2,10.62,135.5,9.7,1.8,-0.96,1,0,Dropout
1,14,9238,1,0,0,18,5,16.46,5,11.08,130.2,11.4,2.8,1.09,0,2,Graduate
1,12,9147,1,0,0,20,4,12.29,6,16.26,173.1,5.1,2,-1.51,0,1,Enrolled
1,7,9003,1,0,0,29,3,11.76,1,12.46,147.8,7.6,1.2,0.39,1,0,Dropout
1,7,9991,1,0,0,19,4,16.24,6,12.97,147.4,8,1.9,0.62,0,2,Graduate
1,9,8014,1,1,0,20,4,15.71,6,15.75,160.1,6.5,2.9,1.27,0,2,Graduate
1,1,171,0,0,1,28,0,0,0,0,100.2,3.9,1.7,2.27,1,0,Dropout
1,12,9003,1,0,0,22,4,11.71,6,14.05,139,7.9,3.1,0.43,0,2,Graduate
1,12,9670,1,1,1,19,3,12.51,2,10.15,142.6,8.7,3,-0.47,1,0,Dropout
1,11,9500,1,1,0,22,6,15.61,4,16.78,141,11,3.1,1.44,0,2,Graduate
1,9,9853,1,1,0,23,4,13.24,4,10.13,147.3,6,3.4,1.69,0,2,Graduate
2,7,9254,1,0,0,22,5,10.46,5,16.73,130.7,8.3,1.5,-0.27,0,2,Graduate
1,3,9119,1,0,0,23,4,10.38,6,16.35,182,5.6,2.9,-1.08,0,1,Enrolled
2,13,9991,1,0,1,27,3,11.82,2,12.45,187.3,4.2,2.2,0.16,1,0,Dropout
1,2,9500,1,0,0,23,4,13.33,4,16.97,165.9,5.6,2.9,1.99,0,2,Graduate
1,18,9254,1,0,0,21,6,11.27,5,14.75,170.1,9.4,1,-0.08,0,1,Enrolled
2,13,9500,1,0,1,27,2,11.22,2,11.87,181.8,5.1,1.4,0.3,1,0,Dropout
1,18,9119,1,0,0,27,1,10.79,2,11.07,163.8,4.7,3.2,2.2,1,0,Dropout
1,18,9003,1,0,1,19,2,10.02,0,0,124.2,6.5,2.7,0.44,1,0,Dropout
1,10,9773,1,0,0,23,5,12.67,5,16.78,111.5,7.2,0.7,-0.26,0,2,Graduate
1,6,33,1,0,0,20,6,13.7,4,14,169.9,10.1,1,0.54,0,2,Graduate
1,8,9070,1,0,0,21,5,14.35,6,14.65,172.1,7.7,1.3,0.31,0,2,Graduate
1,10,9003,1,0,0,22,4,12.74,4,16.32,178.1,6,2.1,2.02,0,2,Graduate
1,3,9670,1,0,0,21,5,16.81,6,14.41,164.9,4.1,0.6,1.86,0,2,Graduate
1,9,9070,0,0,1,18,1,10.7,1,11.51,179.5,11.3,2.3,0.7,1,0,Dropout
1,9,9119,1,1,1,21,4,13.59,6,15.98,183.6,4.8,1.6,1.22,0,2,Graduate
1,15,33,1,1,0,22,5,14.19,6,13.35,180.3,4.4,1,0.72,0,2,Graduate
1,4,9670,1,0,0,19,5,13.55,6,12.95,181.2,5.4,0.7,-1.05,0,2,Graduate
1,7,9130,1,0,0,19,6,16.87,4,10.17,189.2,8.9,2.2,0.59,0,1,Enrolled
1,9,9773,1,0,1,23,0,0,2,10.72,103.1,10.8,1.3,-0.2,1,0,Dropout
1,9,33,1,1,0,20,3,11.63,0,0,135.3,9.3,2.8,-0.79,1,0,Dropout
1,18,9773,0,0,1,24,3,10.97,2,12.17,165.2,5.1,2.8,1.27,1,0,Dropout
1,3,171,1,0,0,18,6,10.23,4,13.91,127.5,7.6,3.1,1.66,0,2,Graduate
1,15,9991,1,0,0,26,1,10.46,1,12.8,140.2,4.8,2.6,-0.68,1,0,Dropout
1,9,9070,1,0,0,19,4,16.72,5,14.8,161.6,6.5,2.4,1.32,0,2,Graduate
1,14,8014,1,0,0,21,5,10.79,4,10.24,141,7.9,1.5,0.7,0,2,Graduate
2,1,9556,1,0,1,27,3,11.08,2,12.38,158.6,9.2,1.9,0.32,1,0,Dropout
1,18,171,0,0,1,28,2,11.57,1,12.15,107.7,7.7,2,0.36,1,0,Dropout
2,10,9130,0,0,1,19,2,11.86,0,0,139,6.7,1.1,0.46,1,0,Dropout
1,16,8014,1,1,1,29,1,12.11,2,12.88,160.2,7.7,2.2,-1.05,1,0,Dropout
1,2,9254,0,0,1,29,0,0,1,12.42,135.6,9.6,1.4,-0.12,1,0,Dropout
1,17,9130,0,0,0,27,3,12.47,0,0,161.7,5.7,2.5,-1.25,1,0,Dropout
1,18,9670,1,0,0,18,5,10.57,4,11.98,130,5.6,1.4,-0.52,0,2,Graduate
1,12,9773,1,0,0,22,4,16.33,5,15.11,119.9,3.7,2.2,0.35,0,2,Graduate
1,17,9130,1,0,0,19,6,14.27,5,12.47,105.1,6.6,1.2,0.17,0,2,Graduate
1,15,9500,1,0,0,20,5,16,4,10.97,132.9,4.2,3.1,1.87,0,2,Graduate
1,5,9130,1,1,0,22,4,14.27,5,11.07,162.4,4.6,1.3,0.22,0,2,Graduate
1,16,9119,1,0,0,19,6,16.82,5,14.15,148.1,7.6,1.5,0.15,0,2,Graduate
1,2,9119,1,0,0,27,1,10.7,2,10.32,127.1,7.5,2,-0.14,1,0,Dropout
1,13,9670,1,1,0,18,5,11.94,4,12.53,124.4,8.9,0.8,1.35,0,2,Graduate
1,10,171,1,0,1,27,0,0,2,12.92,179.8,7.8,1.5,-1.1,1,0,Dropout
1,3,9130,0,1,0,21,0,0,1,10.28,132,4.9,2.4,-1.57,1,0,Dropout
1,2,9130,0,0,0,26,2,10.55,1,12.95,129.5,4.5,2.3,-0.31,1,0,Dropout
1,12,171,1,0,0,21,5,12.19,6,16.42,141.6,9.9,3,0.79,0,2,Graduate
1,17,9991,1,0,0,22,4,11.28,5,13.7,126.7,5.4,2.6,1.07,0,1,Enrolled
1,7,33,0,0,0,28,1,10.55,2,12.86,169.7,10.1,2,-0.2,1,0,Dropout
1,16,9003,1,0,0,23,4,15.81,4,15.73,189,9.2,0.9,0.12,0,2,Graduate
1,9,9991,1,1,0,19,5,13.06,4,11.09,133,5.2,1.9,-1.44,0,2,Graduate
1,10,9773,0,0,1,24,3,11.55,2,11.98,133.1,4.8,2.1,1.8,1,0,Dropout
1,5,9147,1,0,0,19,5,12.37,4,15.03,175.2,9.1,2.2,1.01,0,2,Graduate
1,16,9556,1,0,1,26,3,10.88,2,10.18,185,5.1,1.4,0.69,1,0,Dropout
1,6,171,1,0,1,21,4,13.61,4,16.96,117.9,9,2.5,2.05,0,2,Graduate
1,4,9670,1,0,0,21,4,15.45,6,16.06,130.8,6.6,2,-1.19,0,2,Graduate
1,12,33,1,0,0,26,3,10.89,2,12.98,142.4,3.6,2.1,-1.4,1,0,Dropout
1,13,9238,1,0,0,22,1,10.03,2,12.61,182.9,10.8,2.7,0.48,1,0,Dropout
1,13,9773,1,0,0,18,4,12.1,4,13.5,136.9,5.9,1.6,-0.33,0,1,Enrolled
1,13,9003,0,0,1,24,1,11.24,0,0,134.5,4.2,2.3,-1.69,1,0,Dropout
2,12,9085,0,1,1,22,0,0,1,10.57,176.2,4.9,0.5,0.62,1,0,Dropout
1,18,9254,1,0,1,22,1,10.5,0,0,126.9,4.2,2.8,-1.14,1,0,Dropout
1,10,9085,1,0,0,19,5,12.6,6,13.74,126.4,10.8,1.6,1.47,0,2,Graduate
1,17,9773,0,0,0,27,3,12.17,2,10.4,143.8,7.7,1.2,0.84,1,0,Dropout
1,8,9670,1,0,0,22,4,16.25,4,10.09,131.3,4.3,2.9,-1.05,0,2,Graduate
1,1,8014,1,0,0,19,4,12.25,4,15.96,146.1,4.1,3.3,-0.14,0,2,Graduate
1,1,9853,1,0,0,21,5,10.86,4,12.91,137.4,6.2,1.5,1.04,0,2,Graduate
1,9,9670,1,0,1,23,1,11.29,2,11.21,109.2,11.1,2.1,-1.09,1,0,Dropout
1,17,9070,1,0,0,22,6,13.87,4,16.38,182.7,4,3.1,1.75,0,2,Graduate
1,6,9147,1,0,1,27,0,0,2,11.89,165.1,9.6,3,0.21,1,0,Dropout
1,15,9773,1,0,0,18,6,16.41,4,14.01,122.2,4.1,2.3,-0.08,0,2,Graduate
1,4,9670,0,0,1,21,2,11.05,1,12.33,176.8,8.1,0.7,0.44,1,0,Dropout
2,9,9773,1,1,0,21,4,13.92,5,11.67,141.2,3.9,0.9,-0.31,0,1,Enrolled
1,9,9147,1,1,0,18,5,14.74,4,14.02,155.5,7.3,2.5,-0.97,0,1,Enrolled
1,14,9070,1,0,1,20,3,12.34,0,0,124.5,7.6,1.6,-0.8,1,0,Dropout
1,16,9500,0,0,1,23,1,10.67,0,0,164.5,10,3.1,0.17,1,0,Dropout
1,9,9991,1,1,0,22,5,11.3,4,15.97,101,10.6,2.7,0.56,0,2,Graduate
1,16,9853,1,0,0,21,5,15.18,6,16.94,107.8,10.1,2,-0.25,0,1,Enrolled
1,5,33,1,0,0,20,5,15.38,4,12.54,116.2,11,1.9,-1.14,0,2,Graduate
1,1,9773,0,0,0,26,2,10.78,0,0,155.1,6.6,0.7,1.43,1,0,Dropout
1,11,9070,1,0,0,19,5,15.76,5,16.2,153.1,4.7,3.1,1.34,0,2,Graduate
1,2,9130,1,0,1,25,3,11.76,0,0,146.1,6.5,0.4,-0.27,1,0,Dropout
1,4,9147,1,0,1,28,1,11.73,2,10.57,102.8,7.4,0.9,-0.29,1,0,Dropout
1,2,9500,1,1,0,19,5,10.66,4,16.78,150.1,5.1,3,1.26,0,2,Graduate
2,6,9991,1,0,0,19,5,11.76,5,10.09,119,6.5,1.6,1.83,0,2,Graduate
1,17,9773,1,0,0,23,5,15.77,4,12.8,183.3,8.6,1.1,1.44,0,2,Graduate
1,14,9070,1,0,1,22,6,14.18,5,11.17,178.2,10.9,1.7,0.67,0,2,Graduate
1,3,9070,1,0,0,21,4,14.16,6,14.96,131.2,5.4,1.8,-1.45,0,2,Graduate
1,13,9556,1,0,0,20,4,14.67,5,13.23,174.5,4.6,2,0.89,0,1,Enrolled
1,13,9085,1,1,0,20,6,12.59,6,14.64,178.6,8,0.5,-1.59,0,1,Enrolled
1,12,9130,1,0,0,22,4,11.9,6,15.92,113.6,9.4,0.5,-1.23,0,2,Graduate
1,13,9130,1,1,0,20,5,13.56,4,13.28,183.2,8.5,0.9,-0.1,0,2,Graduate
1,10,9670,1,0,1,19,3,11.13,0,0,119.2,4.4,2.7,0.72,1,0,Dropout
1,9,9853,1,1,0,20,4,15.67,4,11.29,158.2,7.1,3.4,0.93,0,2,Graduate
1,6,9853,0,0,1,26,0,0,1,10.56,113.2,8.4,0.5,0.18,1,0,Dropout
1,5,9003,1,0,1,19,2,12.82,0,0,161,6.9,2,-0.41,1,0,Dropout
1,17,9556,0,0,0,28,2,12.96,2,11.71,183.6,5.3,1.1,0.31,1,0,Dropout
1,3,9085,1,0,0,23,6,16.18,5,10.01,142.5,6.7,3.4,-0.19,0,2,Graduate
1,12,9085,1,1,0,23,4,15.81,5,15.38,121.6,10.2,2.3,1.1,0,2,Graduate
1,12,9085,0,0,1,22,2,11.1,0,0,163.9,3.6,1.2,0.41,1,0,Dropout
1,18,9147,1,0,0,19,5,13.81,4,14.74,114,6,2.8,-0.15,0,2,Graduate
1,5,9773,1,1,0,18,6,15.63,6,16.38,167.5,6.5,2.9,1.72,0,2,Graduate
1,4,9500,1,0,0,21,5,16.29,5,13.83,129.9,8.1,1.9,-1.55,0,2,Graduate
1,18,9556,1,0,1,21,1,10.13,0,0,136.2,5.5,3.4,2.18,1,0,Dropout
1,9,9130,1,1,0,23,6,16.16,6,12.05,124.9,8.2,2.1,0.43,0,2,Graduate
1,5,9670,1,0,0,22,5,10.39,6,16.92,141.7,4.4,3.2,1.28,0,1,Enrolled
1,9,9085,1,0,0,23,4,11.57,5,14.31,118.1,7,1.6,1.62,0,2,Graduate
1,15,9991,1,0,1,25,1,12.06,1,11.58,156.5,9.5,2.9,1.74,1,0,Dropout
1,17,9130,1,0,0,22,0,0,1,12.9,151.1,8.1,2,-0.48,1,0,Dropout
2,6,9670,1,0,0,20,6,10.62,6,13.08,174.6,6.9,2.6,1.52,0,2,Graduate
1,3,9119,0,0,0,26,2,10.97,0,0,162.3,7.1,0.7,0.3,1,0,Dropout
1,15,9085,1,0,0,19,4,10.75,4,16.08,166.4,7.6,1.5,0.98,0,2,Graduate
1,5,33,1,0,0,19,4,12.63,5,15.66,136,8.6,1.4,-1.51,0,1,Enrolled
1,15,9991,1,0,1,19,3,12.93,1,12.74,135.5,4.8,3.2,-0.99,1,0,Dropout
1,8,9773,1,1,0,21,5,15.43,4,13.61,163.3,8.6,1.3,0.68,0,2,Graduate
1,8,9254,1,1,1,19,0,0,0,0,162.5,9.6,3.1,1.2,1,0,Dropout
1,18,9773,0,0,1,24,3,11.58,0,0,118.1,7.7,2.4,1.88,1,0,Dropout
1,11,9085,1,0,0,23,6,11.81,6,14.7,168.8,4.2,1.1,1.48,0,2,Graduate
1,5,9147,1,0,0,20,6,14.7,6,15.4,159.9,6.1,2.5,-0.97,0,2,Graduate
2,11,8014,1,0,0,20,6,11.72,4,15.85,174.4,9,2.7,1.31,0,2,Graduate
1,1,9119,1,0,0,21,6,10.52,5,16.95,152.6,9.8,3.2,1.29,0,2,Graduate
1,6,9070,1,0,0,21,5,15.44,5,14.15,187.4,7.5,0.7,0.99,0,2,Graduate
1,17,9147,1,0,0,21,4,16.45,5,10.6,175.6,4.4,1.9,-1.51,0,2,Graduate
1,11,33,1,0,0,26,2,12.01,0,0,126,10.5,2.2,0.64,1,0,Dropout
1,17,9003,0,0,0,29,0,0,1,10.83,134.1,7.8,2.6,0.56,1,0,Dropout
2,3,9254,1,0,1,29,2,12.89,2,12.69,184.2,5,2.3,-1.32,1,0,Dropout
1,7,9003,1,0,0,19,5,15.88,6,15.52,127.6,5.4,3.4,2.07,0,2,Graduate
2,7,9500,1,0,1,21,6,14.33,4,15.18,152.8,7.8,3.1,-0.47,0,2,Graduate
1,10,8014,1,0,0,21,4,15.87,5,12.7,143.3,4.5,1.7,-1.17,0,2,Graduate
1,10,9003,1,0,0,18,4,14.27,6,12.82,106.1,10,1.8,0.71,0,2,Graduate
1,8,9254,1,0,1,22,0,0,2,11.21,104.1,3.9,3,-1.25,1,0,Dropout
1,10,9991,1,0,0,19,6,15.99,4,16.1,153.2,6.5,3.1,0.54,0,1,Enrolled
1,7,171,1,0,1,18,1,11.5,1,10.79,138.5,3.8,1.9,0.16,1,0,Dropout
1,18,9500,1,0,0,21,4,12.69,6,14.58,155.8,7.3,1.3,-0.48,0,2,Graduate
1,12,33,1,0,0,23,6,10.64,4,13.71,137.3,3.7,2.6,0.16,0,1,Enrolled
1,11,9085,1,0,0,19,6,11.15,4,12.62,177.6,8.9,1.2,-0.67,0,2,Graduate
1,6,9238,1,0,0,20,5,16.12,6,10.86,119.1,7,2.1,-0.47,0,2,Graduate
1,8,9119,1,1,0,29,2,11.39,1,12.55,140,7.3,3,-0.29,1,0,Dropout
1,2,9853,1,0,0,19,6,12.72,6,13.58,175.7,9.9,2.1,0.17,0,1,Enrolled
1,17,171,1,0,0,22,4,12.53,5,16.23,140.1,10.7,3.1,-0.41,0,2,Graduate
1,4,9147,1,0,0,20,1,11.1,0,0,119.2,6.8,1,1.77,1,0,Dropout
1,7,171,1,1,0,23,4,11.67,5,11.21,177.2,9.7,1.6,1,0,2,Graduate
1,16,9130,1,0,1,19,0,0,1,10.13,159.3,3.6,2.6,2.21,1,0,Dropout
1,16,9003,1,0,0,19,6,16.85,4,13.79,109.9,9.8,2.6,0.77,0,2,Graduate
1,11,9130,0,0,1,19,0,0,0,0,175,5.4,3.3,-1.03,1,0,Dropout
1,12,9238,1,0,1,24,3,12.16,0,0,182.3,9.1,0.9,1.79,1,0,Dropout
1,10,9773,0,0,0,18,0,0,0,0,103.2,6.9,2.5,-1.45,1,0,Dropout
1,14,9238,1,0,1,22,2,10.67,2,12.7,140.1,6.2,2.7,0.47,1,0,Dropout
1,2,9147,1,1,1,26,3,10.85,1,11,141.3,4.5,2.7,1.92,1,0,Dropout
1,5,9070,0,1,1,19,2,12.66,1,10.88,172.8,10.7,1.4,1.33,1,0,Dropout
1,6,9773,1,0,0,21,5,16.04,6,15.56,153.7,6,2.7,-0.77,0,2,Graduate
1,3,9773,1,0,0,20,6,16.14,6,11.88,120.4,8.5,2.8,0.16,0,2,Graduate
1,13,171,1,1,0,23,4,11.04,4,10.8,116.5,9.1,0.9,1.81,0,2,Graduate
1,5,9147,0,0,1,29,2,11.39,1,12.14,159.7,4.7,2.7,1.2,1,0,Dropout
1,14,9254,1,0,1,18,2,12.07,0,0,160,5.8,0.8,-0.03,1,0,Dropout
1,16,9085,1,0,0,20,4,10.31,4,10.69,161.7,7.3,1.5,-1.69,0,1,Enrolled
1,1,9556,1,0,0,21,6,16.35,4,12.07,126.8,4.5,2,1.22,0,1,Enrolled
1,9,171,1,1,0,18,5,13.54,6,10.75,154.6,4.4,1.9,-1.25,0,2,Graduate
1,9,9556,1,0,0,22,4,15.73,6,14.45,149.3,7.9,0.5,-0.8,0,1,Enrolled
1,14,9070,1,0,1,22,1,11.78,1,10.5,153,10.2,1.2,0.11,1,0,Dropout
1,3,9853,1,1,0,20,5,12.61,6,12.11,144.7,9.9,2,1.98,0,2,Graduate
1,2,9130,1,0,0,18,5,13.71,4,15.98,125.1,11,1.5,2.01,0,1,Enrolled
1,8,8014,1,0,0,21,6,13.96,4,15.2,153.5,9,2.2,1.26,0,2,Graduate
1,4,9085,1,0,0,19,5,10.88,4,16,115.9,9.5,2,-0.76,0,2,Graduate
2,5,171,1,0,1,28,0,0,1,11.97,162.1,6.8,1,-1.37,1,0,Dropout
2,18,33,0,0,1,29,2,10.2,0,0,107.8,10.8,1.1,-0.95,1,0,Dropout
1,1,33,0,0,0,26,0,0,0,0,145.8,10.2,3.1,-0.33,1,0,Dropout
1,16,9670,1,1,0,21,5,13.77,5,10.44,117.7,7.3,2.9,1.18,0,2,Graduate
1,14,8014,1,0,0,22,4,15.34,5,16.73,126.3,5.6,2.2,0.02,0,1,Enrolled
1,15,9003,0,0,1,22,1,10.79,0,0,168.2,8,1.7,1.08,1,0,Dropout
1,12,9147,1,0,0,27,0,0,1,10.83,104.6,4.7,1,0.18,1,0,Dropout
1,3,9254,1,0,0,19,4,11.42,5,11.91,124.1,11.2,3.2,-1.04,0,2,Graduate
2,6,8014,1,0,0,18,4,14.94,4,14.71,126.3,9.5,0.6,-1.17,0,1,Enrolled
1,11,9670,1,0,0,21,5,15.22,6,12.59,166.2,6.8,2.4,1.82,0,2,Graduate
2,14,171,1,0,0,19,4,14.84,5,12.29,171.4,11.1,3.3,2.13,0,1,Enrolled
1,10,9070,1,0,0,20,4,16.75,4,13.57,183.2,8.6,0.7,-1.2,0,2,Graduate
1,15,9853,1,1,0,19,5,16.26,4,10.86,125.9,9.8,0.8,1.93,0,2,Graduate
1,4,8014,1,0,0,23,5,13.6,6,10.13,148.9,4.3,1.6,-1.69,0,2,Graduate
1,2,9556,1,0,0,19,4,12.59,6,15.4,127.4,6.9,3.4,0.68,0,2,Graduate
1,18,9500,1,0,0,28,3,11.75,2,12.06,109,5,3,0.19,1,0,Dropout
1,9,33,1,0,0,23,0,0,1,12.43,189.6,10.6,1.2,-1.33,1,0,Dropout
1,9,9853,1,1,0,19,4,10.36,4,11.79,129.6,9.5,2,1.29,0,2,Graduate
1,4,9991,1,0,0,28,2,10.45,2,10.6,139.2,9.5,1.4,-0.45,1,0,Dropout
1,10,8014,1,1,0,19,5,10.65,4,12.92,144.9,10.4,1.9,0.15,0,2,Graduate
2,16,33,1,0,0,19,4,13.35,5,15.18,105.6,8.2,1,0.42,0,2,Graduate
1,4,9991,0,0,1,28,0,0,2,12.69,127.2,5.3,1.1,1.73,1,0,Dropout
1,5,9500,1,0,0,23,5,11.86,5,13.05,116.9,7.1,1.8,-1.65,0,2,Graduate
1,9,9070,1,0,1,19,5,10.84,5,13.93,186.8,5.6,3,-0.42,0,2,Graduate
1,15,9254,1,0,0,19,5,13.33,5,11.58,131.7,8.4,1.3,0.89,0,2,Graduate
1,4,9003,1,0,0,20,0,0,0,0,162.3,8,1.5,-1.67,1,0,Dropout
1,2,9147,1,0,0,18,4,16.52,6,13.27,137.7,6.1,2.7,0.46,0,2,Graduate
1,5,9500,0,1,1,24,0,0,2,11.03,133.9,6.3,3.2,0.62,1,0,Dropout
1,4,9003,1,0,0,21,6,14.61,5,11.65,120.2,11.1,3.1,1.6,0,1,Enrolled
1,2,9119,0,0,1,24,0,0,2,12.62,106.7,4.2,2.2,2.12,1,0,Dropout
1,11,9147,1,0,0,23,6,15.83,6,15.72,166.7,4.2,2.8,-1.39,0,2,Graduate
1,3,9556,1,0,0,20,4,13.91,6,14.04,138.7,3.7,2.1,-0.84,0,2,Graduate
1,7,8014,1,0,1,20,1,12.92,2,11.53,102.4,10.1,3.3,-0.23,1,0,Dropout
1,15,9003,1,1,0,21,6,16.85,4,13.28,142.5,6.2,1.4,-1.35,0,2,Graduate
1,1,9003,1,0,0,20,5,13.1,4,14.38,119.9,5.6,0.5,1.85,0,1,Enrolled
1,4,9500,1,0,1,19,1,10.08,0,0,160.4,7.7,2.9,0.9,1,0,Dropout
2,2,9130,1,0,0,22,6,14.7,6,10.23,180.8,5.3,3,2.23,0,2,Graduate
1,7,9147,1,0,0,23,6,12.3,5,16.99,153.7,9.6,1.2,-1.08,0,2,Graduate
1,7,9119,1,0,1,29,1,10.79,2,10.4,176.6,4.4,1.3,0.75,1,0,Dropout
1,7,9119,0,0,1,29,3,10.15,2,12.52,134.5,6.4,0.6,-0.02,1,0,Dropout
1,9,9773,1,0,0,21,4,14.67,6,16.05,144.4,8.7,2,1.85,0,2,Graduate
1,4,9556,1,1,0,18,5,10.4,5,11.19,120.2,6.6,1,1.32,0,2,Graduate
1,4,9003,1,0,1,27,2,10.89,2,10.06,116.9,9.5,3.3,-0.69,1,0,Dropout
1,8,9500,1,0,0,22,6,11.66,4,12.31,151.4,4,1.4,0.74,0,2,Graduate
1,9,9991,1,0,0,23,6,12.33,6,12.92,128.2,6.3,2.2,1.34,0,2,Graduate
1,5,9147,1,1,0,20,6,12.4,6,15.89,176.8,5,2.1,-0.52,0,2,Graduate
1,11,9147,1,1,0,23,4,15.05,6,16.24,136.3,9.2,1.6,0.67,0,1,Enrolled
1,10,9147,1,0,0,22,6,16.61,6,13.24,122.4,9.6,0.8,1.4,0,1,Enrolled
1,14,9147,1,1,1,22,3,12.39,0,0,136.2,6.4,1.2,2.13,1,0,Dropout
1,12,8014,1,1,0,20,4,14.18,5,10.83,117.4,6.4,2.2,-0.51,0,2,Graduate
1,14,9773,1,0,1,18,3,12.94,2,10.69,182.8,3.6,1.8,1.01,1,0,Dropout
1,11,33,1,0,0,23,5,13.27,5,10.25,186.2,6.7,2.8,1.36,0,1,Enrolled
1,1,9119,0,1,1,24,2,10.49,0,0,131.8,4.9,2.6,0.78,1,0,Dropout
1,9,9773,1,0,0,22,4,13.28,5,12.49,183.9,5.3,0.9,1.47,0,1,Enrolled
1,1,9238,0,0,1,26,1,10.13,2,12.21,146.2,10.8,2.1,-1.21,1,0,Dropout
1,9,9147,1,0,0,23,5,13.94,5,11.97,165.7,6.4,1.2,0.14,0,2,Graduate
1,13,171,1,0,0,22,4,16.86,6,14.52,138.9,6.2,3.1,0.86,0,2,Graduate
1,4,9500,0,0,1,25,0,0,1,10.65,166.5,9.8,1.4,1.42,1,0,Dropout
1,2,171,1,0,0,22,5,13.97,6,10.81,133.2,8.4,2,1.86,0,1,Enrolled
2,11,9119,1,0,0,21,5,16.69,6,13.79,181.2,4.7,1.4,1.14,0,2,Graduate
1,15,9119,1,0,1,27,2,12.91,2,10.8,135.3,8.1,3.1,-0.83,1,0,Dropout
1,11,9556,1,1,0,21,5,13.97,6,13.64,170.7,5.3,1.8,-0.22,0,2,Graduate
1,5,9991,1,0,0,19,4,14.86,5,12.77,135.3,8.3,0.6,1.24,0,1,Enrolled
1,5,9773,1,1,0,22,6,15.54,5,10.66,150.4,7.8,2,-0.08,0,2,Graduate
1,5,9853,1,0,0,19,5,16.18,5,12.7,114.5,4.6,1.5,-0.18,0,1,Enrolled
1,9,9773,1,0,0,19,4,15.64,6,12.34,147,4.7,2,1.83,0,1,Enrolled
1,14,9238,1,1,0,23,5,12.63,4,16.69,113.7,7.5,2.9,-0.28,0,2,Graduate
1,13,9070,1,1,0,22,6,11.9,5,16.45,100.2,7.5,2.2,0.14,0,2,Graduate
1,17,9254,1,0,0,23,5,12.45,4,14.75,133.2,8.5,2.1,1.03,0,2,Graduate
1,3,9991,0,0,1,23,3,12.48,1,10.77,157.2,8.9,3.3,-0.69,1,0,Dropout
1,13,9500,1,0,0,22,4,11.4,5,12.89,126.7,8.1,2.4,1.51,0,2,Graduate
1,15,9991,1,0,0,18,5,13.38,6,12.71,183.5,8.6,1.1,-0.7,0,1,Enrolled
1,1,9130,1,0,0,19,6,16.71,4,10.42,101.7,11.5,1.6,1.5,0,2,Graduate
2,5,9773,1,0,0,21,5,11.97,5,10.87,179.1,6.5,0.5,-0.25,0,2,Graduate
1,7,9003,1,0,0,22,6,14.55,5,14.12,133.9,4,1.3,-0.49,0,2,Graduate
1,1,9500,1,0,0,24,1,12.58,0,0,178.9,8.7,0.8,-0.17,1,0,Dropout
2,11,9070,1,1,0,21,6,12.1,6,12.12,123,5.7,2.3,2.26,0,2,Graduate
1,3,9254,1,1,0,23,4,16.96,4,15.59,102.7,10.2,2.1,-0.87,0,2,Graduate
1,15,9853,0,0,0,24,2,10.89,2,12.33,146.5,9.5,0.9,-0.07,1,0,Dropout
1,10,9853,1,0,0,23,6,13.96,4,10.02,187.2,4,1.7,-1.41,0,2,Graduate
1,18,33,1,0,0,28,2,12.2,1,11.17,174.9,4,2.6,-1.21,1,0,Dropout
1,16,9003,1,1,0,23,6,14.09,5,10.79,149.3,7.5,3.3,-1.38,0,1,Enrolled
2,15,9500,1,0,0,21,5,14.61,4,12.01,148.2,10.2,3,1.51,0,2,Graduate
1,5,9773,1,0,0,18,5,14.47,6,10.86,149.3,4,2.5,1.87,0,2,Graduate
1,12,9130,1,0,0,23,4,11.64,5,14.9,188.8,11.4,2,0.45,0,2,Graduate
1,8,9119,1,0,1,20,0,0,0,0,166.2,7.2,1.5,-0.46,1,0,Dropout
1,5,9670,1,0,0,21,5,12.45,6,11.79,110.5,4.6,0.5,2.13,0,2,Graduate
1,9,8014,1,0,0,23,4,16.22,4,15.14,156.6,6.9,1,1.74,0,2,Graduate
1,14,9003,1,0,0,21,5,15.34,5,12.59,170.7,6.1,1.6,-0.47,0,2,Graduate
1,14,9147,1,0,0,23,4,13.84,6,16.79,184.4,4.2,0.4,1.13,0,1,Enrolled
1,15,33,0,0,1,23,2,12.69,1,11.77,170.8,6,2.5,0.47,1,0,Dropout
1,7,9853,1,1,0,18,4,13.7,5,14.62,118,5.4,3.4,1.82,0,2,Graduate
1,14,9070,1,0,0,22,4,13.38,5,16.54,146.6,7.4,1,2.19,0,2,Graduate
1,13,9556,1,1,0,21,5,16.13,5,16.54,138.1,4.7,2.8,-1.03,0,1,Enrolled
1,3,171,0,0,0,26,1,11.15,2,12.1,134.9,9.5,1.5,0.52,1,0,Dropout
1,12,9853,0,1,1,18,0,0,1,11.33,150.4,9.2,1.5,-1.36,1,0,Dropout
1,12,33,1,0,0,23,4,15.22,5,11.6,178.8,11,1.7,1.76,0,1,Enrolled
1,17,9147,1,0,0,18,6,12.89,6,15.16,167.1,4.3,1.2,1.49,0,2,Graduate
1,7,9003,1,1,0,23,5,14.61,4,13.28,174.7,4.5,1.7,-1.27,0,2,Graduate
1,5,9147,0,0,1,21,3,11.34,2,11.14,177.2,4,2.4,1.47,1,0,Dropout
1,18,9119,1,1,0,19,5,14.69,6,15.28,133.4,4.1,1.7,0.5,0,2,Graduate
1,6,9119,1,0,0,19,4,16.3,5,15.93,164.4,3.8,0.5,-1.24,0,1,Enrolled
2,8,9853,0,0,0,22,3,11.4,0,0,172.3,8.1,2.8,1.7,1,0,Dropout
1,18,9991,1,1,0,20,4,12.1,6,13.51,105.9,10.7,0.8,-0.44,0,2,Graduate
1,7,171,1,0,1,19,0,0,1,11.53,184.6,4.9,2.8,-0.33,1,0,Dropout
1,13,9085,1,0,0,22,4,10.02,5,14.29,152,8.2,1.8,0.31,0,2,Graduate
1,13,8014,1,1,0,20,6,12.19,5,16.33,184.6,4.2,1.2,-0.69,0,2,Graduate
1,5,9853,1,1,0,20,5,12.46,4,11.29,142,5.1,1.8,1.4,0,2,Graduate
1,2,9773,1,0,1,22,3,11.83,2,11.45,110.4,8.8,1.2,-1.52,1,0,Dropout
1,11,9130,1,0,0,21,4,12.93,6,11.15,112.2,11.1,0.7,2.09,0,2,Graduate
1,4,8014,1,0,0,20,6,15.3,5,11.05,166.9,5.2,3.1,1.45,0,2,Graduate
1,1,9670,1,1,0,20,6,16.02,6,14.58,119.6,4.3,2.5,0.53,0,2,Graduate
1,11,9991,1,0,0,18,6,12.83,6,13.08,182.1,5.3,3.1,0.61,0,2,Graduate
1,5,9853,0,0,0,21,2,11.06,2,12.9,187.1,6.6,3.2,1.17,1,0,Dropout
1,10,9670,0,0,0,26,1,12.26,1,12.81,144.8,4.2,1.3,-0.93,1,0,Dropout
1,6,9853,1,0,0,26,0,0,2,11.01,162,4.1,2.6,0.26,1,0,Dropout
1,9,171,0,1,1,21,1,10.32,0,0,182.6,8.3,1.8,1.64,1,0,Dropout
1,7,9119,0,0,1,18,2,11.78,0,0,135.5,3.9,0.6,1.49,1,0,Dropout
1,15,9070,1,0,0,22,5,12.57,6,16.46,165,7.4,1.7,0.29,0,2,Graduate
1,5,9003,1,0,0,23,5,13.37,6,14.95,165.1,10.8,2,2.21,0,2,Graduate
1,9,33,1,0,1,21,3,11.75,1,10.3,154.1,5.5,2.6,1.81,1,0,Dropout
1,10,33,0,0,0,20,3,10.67,2,11.15,188.8,3.6,2.6,0.35,1,0,Dropout
1,6,9130,1,0,0,20,5,12.3,6,13.3,120,5.3,1.4,1.89,0,2,Graduate
1,5,33,0,0,1,19,3,12.99,2,11.86,172.6,8.7,1.9,1.56,1,0,Dropout
1,6,9070,1,0,0,22,6,16.99,4,10.32,156.9,6.8,0.5,-1.67,0,2,Graduate
1,12,9119,1,0,1,22,6,13.88,5,11.12,185.9,6.7,0.9,0.61,0,2,Graduate
1,14,9003,1,0,0,22,5,14.82,5,14.28,173.1,9.5,2.5,1.76,0,2,Graduate
1,5,171,1,0,0,21,6,10.68,6,13.41,117.5,10.9,1.3,-0.69,0,2,Graduate
1,1,9119,1,0,0,18,4,14.02,6,12.42,178.2,4.2,2.5,2.24,0,1,Enrolled
1,9,9130,1,0,0,18,2,10.62,1,10.13,107.3,6.1,2.6,1.56,1,0,Dropout
1,17,9085,1,1,1,22,5,11.72,6,13.87,107.9,11.5,0.9,0.9,0,2,Graduate
1,17,9003,1,0,0,18,6,14.05,4,15.74,182.7,9.5,1.5,-1.43,0,2,Graduate
2,4,9670,1,0,0,21,6,13.25,4,15.37,123.5,9.9,0.8,1.98,0,2,Graduate
1,14,9254,1,0,1,18,2,12.95,1,10.43,146.8,5.5,1.5,1.14,1,0,Dropout
1,18,9556,1,0,0,22,4,11.57,6,16.32,110.6,6.3,1.4,1.04,0,2,Graduate
1,4,8014,1,0,1,18,2,12.14,2,12.08,158.7,4.8,2.8,0.46,1,0,Dropout
1,18,9254,1,1,0,21,6,16.41,5,13.53,184.2,9,1.2,1.32,0,2,Graduate
1,8,9670,1,0,1,24,0,0,2,12.64,175.7,7.1,1.4,0.26,1,0,Dropout
1,14,9238,0,0,1,20,3,12.82,0,0,125.4,3.6,3,1.56,1,0,Dropout
1,8,9773,1,0,0,21,6,13.19,4,11.57,149.3,5.8,0.5,0.52,0,2,Graduate
2,9,171,1,0,0,23,5,10.73,5,15.18,101.8,6.7,3.3,-1.52,0,1,Enrolled
2,9,8014,1,0,0,21,6,10.63,4,15,174.1,11.1,1.7,0.51,0,1,Enrolled
1,8,9119,1,0,0,19,2,11.75,1,11.97,109.8,4.6,3.4,-0.92,1,0,Dropout
1,15,9130,1,0,0,22,3,12.76,0,0,115.4,9.7,2.7,0.45,1,0,Dropout
1,12,9556,1,0,0,23,5,14.69,4,12.66,151,8.4,2.7,0.85,0,2,Graduate
2,16,9556,1,0,0,22,6,16.41,4,12.77,129.5,5.9,1.6,-0.06,0,2,Graduate
1,15,9119,1,0,0,19,5,16.82,5,14.62,102.9,3.9,0.7,-0.39,0,2,Graduate
2,2,9130,1,0,0,21,1,10.59,0,0,133.6,9.9,3.4,-0.48,1,0,Dropout
1,5,9070,1,0,1,22,4,10.56,5,10.99,105.8,10.6,0.6,-1.23,0,1,Enrolled
1,18,9003,1,1,0,18,6,13.69,6,15.49,112.8,11.1,3.3,0.76,0,2,Graduate
1,1,9119,1,1,0,19,6,13.17,4,13.44,187.2,5.7,2,-0.73,0,2,Graduate
1,10,9119,1,0,0,19,6,13.32,5,16.67,163.4,5.5,3.2,-1.57,0,2,Graduate
1,9,9500,1,1,0,21,4,15.19,6,11.65,134.3,10.8,2.6,0.96,0,1,Enrolled
1,1,8014,1,0,0,20,6,14.72,6,12.6,142.2,6.6,1.6,1.7,0,1,Enrolled
1,8,9085,1,0,0,23,4,10.75,6,16.35,154.5,6.4,2.6,-0.11,0,2,Graduate
1,8,9500,1,0,0,23,4,16.49,5,10.52,166.9,5.9,3.3,-1.44,0,2,Graduate
1,5,9003,1,0,0,18,4,13.8,6,13.67,146.5,6.6,1.2,-0.06,0,2,Graduate
1,4,9119,1,0,0,21,5,13.12,6,16.76,136.5,8.2,2.5,-1.59,0,1,Enrolled
1,9,9119,1,0,0,22,1,10.53,0,0,173.3,9.6,2.7,1.56,1,0,Dropout
1,10,9773,1,0,1,23,3,10.43,1,12.2,119.6,10.5,2.6,1.49,1,0,Dropout
2,11,33,1,0,0,23,4,11.94,5,14.3,152.4,5.5,2.3,-0.98,0,2,Graduate
1,9,9500,1,0,0,21,5,14.86,5,16.24,176.1,8.5,3.3,-0.03,0,1,Enrolled
1,9,9773,0,0,1,26,3,12.67,1,12.14,175.7,7.2,1,-0.69,1,0,Dropout
1,12,8014,1,1,0,19,6,11.11,5,15.33,111.9,10.3,1.4,-1.52,0,2,Graduate
2,5,9085,1,0,0,21,6,16.2,6,16.78,107.5,9.2,2.7,-0.35,0,1,Enrolled
1,2,171,1,0,0,20,4,13.94,5,10.35,119.8,11.4,3.1,-0.32,0,1,Enrolled
1,2,9070,1,0,0,19,6,16.43,6,16.63,144.3,8.7,0.6,-0.27,0,2,Graduate
1,10,9254,1,0,0,23,4,15.23,4,13.61,115.4,8.4,2.2,1.26,0,2,Graduate
2,2,9119,1,0,0,20,6,13.82,4,10.18,101.1,3.9,3.1,0.34,0,2,Graduate
1,15,9238,1,0,0,18,4,15.94,5,10.51,141,9.7,0.6,-1.49,0,2,Graduate
1,8,9070,1,0,0,19,4,13.69,5,10.02,147.6,10.7,1.3,2.14,0,2,Graduate
1,17,9670,1,0,0,21,4,14.7,4,14.32,179.4,10.4,2.3,-0.53,0,1,Enrolled
1,13,9254,1,0,1,20,2,10.29,0,0,170.6,4.3,1.6,-0.15,1,0,Dropout
2,7,9991,1,1,0,19,4,16.76,6,13.89,107.9,7.4,0.4,-0.68,0,2,Graduate
1,4,9773,0,0,1,29,3,10.02,2,10.32,113.6,9.9,1.1,-0.52,1,0,Dropout
1,4,33,1,0,0,19,5,16.85,6,16.67,108.4,8.9,2.7,-0.63,0,2,Graduate
1,14,9670,1,0,0,18,4,11.81,6,11.24,169,9.9,3.4,-0.55,0,2,Graduate
1,8,9070,1,0,0,21,4,10.81,4,11.74,171.1,9.2,2.3,0.39,0,1,Enrolled
1,7,8014,1,0,0,19,6,14.17,4,16.56,128.8,8.5,0.4,-0.02,0,2,Graduate
1,4,9119,1,1,0,20,6,15.03,5,10.95,175.1,4.7,0.9,2.1,0,2,Graduate
2,12,9147,1,0,0,19,6,10.57,5,16.82,183.6,5.3,1.6,1.91,0,2,Graduate
1,12,9991,1,0,1,23,0,0,0,0,138.6,6,1.1,-0.03,1,0,Dropout
1,13,9119,1,0,0,22,4,11.68,6,14.37,159.2,4.6,1.2,2.04,0,2,Graduate
1,6,9991,1,0,1,24,1,11.1,0,0,100,6.7,2.9,0.48,1,0,Dropout
1,8,9119,0,0,0,22,2,12.4,0,0,109.8,7,1.9,1.16,1,0,Dropout
1,13,9147,1,0,0,20,6,13.57,4,11.52,164.5,7.4,2,-0.51,0,2,Graduate
1,7,33,1,0,1,23,6,11.56,4,10.53,184.8,4.5,2.6,-1.31,0,2,Graduate
1,4,9238,1,0,0,19,4,15.57,6,14.27,156.3,3.7,2.6,-0.43,0,2,Graduate
1,10,9991,1,0,0,23,5,12.52,6,13.34,135.1,6.1,0.4,2.11,0,2,Graduate
1,9,9238,1,0,0,19,2,11.88,0,0,154.9,8.1,3,0.56,1,0,Dropout
1,2,9238,1,0,0,23,5,12.99,5,11.29,182.2,11.2,3.4,0.41,0,2,Graduate
1,5,9556,1,0,0,20,4,13.52,4,15,117,3.7,0.9,-0.56,0,2,Graduate
1,17,9147,1,0,0,23,5,10.38,4,11.81,180.1,3.6,3.2,-1.6,0,2,Graduate
1,7,9130,1,0,0,23,5,12.84,4,11.88,183.2,6.4,0.4,2.05,0,2,Graduate
1,2,9085,0,0,0,27,1,12.61,1,11.41,171.6,6,1.3,0.02,1,0,Dropout
1,3,9147,1,0,0,21,6,13.32,4,15.63,185.2,4.8,1.5,1.96,0,2,Graduate
1,3,9991,1,0,0,20,4,14.94,6,10.49,170.7,6.2,2.2,1.67,0,2,Graduate
1,4,9991,1,0,0,22,4,12.52,5,15.12,117.2,10,2.3,2.06,0,2,Graduate
1,17,9991,1,0,1,19,3,10.77,1,10.29,169.8,3.6,3.2,1.6,1,0,Dropout
1,17,8014,1,0,0,18,6,13.7,4,16.78,171.2,6.7,3.2,1.39,0,1,Enrolled
1,9,171,1,0,0,20,6,10.81,4,12.39,161.3,6.1,3.3,-0.28,0,2,Graduate
1,18,9500,1,0,0,20,6,16.57,4,10.16,114.1,4.5,2,-0.68,0,2,Graduate
2,2,9773,1,0,1,21,1,10.96,1,10.05,156.4,11.3,2.6,-0.32,1,0,Dropout
1,1,9238,0,0,1,25,1,10.6,1,10.92,105.4,5.5,2.3,-1.38,1,0,Dropout
2,6,171,1,1,0,20,6,11.47,6,16.57,122.2,6.1,2.2,2.06,0,2,Graduate
1,6,8014,1,0,0,19,5,14.52,6,12.97,105.5,6.5,3.2,-1.31,0,1,Enrolled
1,5,9254,1,0,1,28,2,12.56,1,10.83,147.3,4.9,3.1,1.58,1,0,Dropout
2,6,8014,1,1,1,22,4,10.97,6,16.6,141.4,5.4,0.8,-1.18,0,2,Graduate
1,18,9991,1,1,0,20,6,14.24,4,13.45,189.1,10.7,3,1.82,0,2,Graduate
1,1,171,0,0,1,27,2,11.87,0,0,139.9,3.6,3.1,-1.09,1,0,Dropout
1,8,9773,1,0,1,20,5,10.83,4,14.74,175.2,8.6,0.6,2.25,0,2,Graduate
1,3,9556,1,0,0,22,6,16.79,6,16.96,105.8,9.8,1.8,-0.65,0,2,Graduate
1,5,9085,1,0,0,19,5,11.05,4,13.63,173.1,6.6,2.8,-1.49,0,2,Graduate
1,13,9773,1,0,0,26,1,11.02,2,10.13,159.2,7.6,2.7,0.9,1,0,Dropout
1,15,9238,1,0,0,29,3,11.9,2,12.12,161,11.6,1.9,2.01,1,0,Dropout
1,11,9070,1,0,0,23,6,12.42,6,12.33,170.8,8.4,0.6,0.58,0,2,Graduate
1,13,9070,1,0,0,23,4,12.05,6,13.59,138.7,10.3,2.7,1.87,0,2,Graduate
1,1,171,1,0,0,20,6,13.13,5,13.83,164.9,11,2.4,2.12,0,2,Graduate
1,14,9147,1,0,0,23,5,10.86,6,11.14,131.7,11.5,1.1,0.78,0,1,Enrolled
1,7,9085,1,1,0,20,1,11.48,0,0,118.8,10.4,2.2,0.42,1,0,Dropout
1,9,9254,1,1,0,23,6,11.81,4,11.34,158.3,9.6,1.8,1.55,0,2,Graduate
1,12,9991,1,0,0,18,5,12.46,6,15.23,165.8,11.3,3.2,0.61,0,2,Graduate
1,18,8014,1,0,0,18,6,15.7,4,15.96,183.4,7.6,2.1,1.93,0,1,Enrolled
1,8,9003,1,1,0,23,5,13.6,4,16.32,178.4,5.1,2.1,1.2,0,2,Graduate
2,8,9119,1,0,0,23,4,12.73,4,13.02,110.8,6.9,2.2,1.46,0,2,Graduate
1,10,9853,0,0,1,23,3,12.06,1,11.35,164.3,10.2,2.8,0.54,1,0,Dropout
2,16,9991,1,0,1,26,1,12.63,0,0,102.7,10.9,0.6,1.42,1,0,Dropout
1,8,33,1,0,0,20,6,12.59,4,15.75,175.6,10.7,1.8,2.24,0,2,Graduate
2,17,9556,1,0,0,18,6,12.47,5,16.27,107.1,11.1,0.7,-0.58,0,1,Enrolled
1,6,9773,1,0,0,20,5,12.62,5,11.35,104.5,6.8,1,-0.02,0,2,Graduate
1,9,9130,0,0,1,18,2,11.43,1,12.12,140.5,10.5,0.8,-1.63,1,0,Dropout
1,11,171,1,1,0,18,4,10.11,5,16.53,172.1,10.7,2.2,0.4,0,1,Enrolled
1,3,9003,1,0,0,20,4,11.39,4,12.62,140.3,8.7,1.9,0.07,0,1,Enrolled
1,5,33,0,0,1,19,1,11.89,1,11.43,125.5,9.3,0.5,1.95,1,0,Dropout
1,14,9853,1,0,0,22,4,16.04,6,13.09,184.4,6.9,2.1,-1.56,0,2,Graduate
1,5,9238,1,0,0,20,6,16.93,4,10.92,132.1,8.9,0.4,0.7,0,2,Graduate
1,2,9238,1,0,0,23,6,13.35,4,14.94,134.3,9.5,1,-0.62,0,2,Graduate
1,14,9556,1,0,0,22,4,14.33,4,16.6,121.6,3.7,1,-1.31,0,2,Graduate
1,4,9147,1,0,0,22,5,13.38,6,11.09,137.7,4.9,3.1,1.07,0,1,Enrolled
1,11,9254,1,0,0,19,4,16.3,4,15.54,170.4,8.4,1,-0.98,0,2,Graduate
1,6,9773,1,0,0,20,5,12.26,4,14.32,169.2,7.2,1.2,1.17,0,2,Graduate
1,16,9119,1,0,0,19,4,13.61,4,12.94,120.1,4.6,1,0.89,0,2,Graduate
1,5,33,1,0,0,22,5,16.26,6,10.01,138,6,3.1,-1.19,0,2,Graduate
1,18,171,1,0,0,20,4,10.13,5,14.61,104.8,7.8,2.1,0.63,0,2,Graduate
1,16,9070,1,0,1,20,2,12.51,2,10.99,104.6,8.2,0.7,0.79,1,0,Dropout
1,5,9500,1,0,0,19,6,12.96,6,15.79,183.7,8.4,0.5,1.41,0,2,Graduate
1,9,9556,1,0,0,21,6,11.31,4,15.91,135.1,3.8,2.2,0.26,0,2,Graduate
1,6,9119,1,0,0,19,6,14.35,4,15.29,136.9,8.3,1.7,0.47,0,2,Graduate
1,15,9500,1,1,0,23,6,13.25,6,12.47,133.1,7.4,2.7,1.05,0,1,Enrolled
1,3,9670,1,0,0,22,4,15.45,5,10.71,150.8,11.1,1,-0.08,0,2,Graduate
1,12,9670,1,1,0,22,6,15.02,4,15.19,177.5,4.3,2.9,0.04,0,1,Enrolled
1,3,9119,0,0,0,22,0,0,0,0,151.1,8.5,0.6,1.9,1,0,Dropout
1,17,9853,1,1,1,28,3,11.09,0,0,119.1,5,3.3,2.24,1,0,Dropout
1,5,9130,1,0,1,19,0,0,0,0,157.5,5.7,3.1,1.76,1,0,Dropout
1,3,9119,1,0,0,22,6,10.56,6,16.02,186.3,10.9,2,1.24,0,2,Graduate
1,8,9991,1,0,0,22,4,16.58,6,10.84,137.8,5.2,0.5,-0.78,0,1,Enrolled
1,4,9003,1,0,0,25,3,10.21,0,0,155,7.5,0.9,0.7,1,0,Dropout
1,6,9670,0,0,0,20,1,12.45,0,0,169.7,5.7,0.9,-1.03,1,0,Dropout
1,18,9238,1,0,0,18,5,12.8,6,10.17,132.9,3.7,2.2,1.45,0,2,Graduate
1,11,9254,0,0,0,29,0,0,2,12.66,189.4,11.1,2.3,0.6,1,0,Dropout
1,5,9085,0,0,1,24,3,11.51,2,12.75,180.5,6.3,1,0.34,1,0,Dropout
1,8,33,1,0,0,22,5,13.11,4,16.96,149.7,7.8,0.7,1.4,0,1,Enrolled
1,14,9085,1,0,0,19,6,10.82,4,13.41,189.2,8.8,0.6,1.82,0,2,Graduate
1,7,9238,1,0,0,19,4,11.92,6,12.67,138,9.8,1.3,-1.3,0,1,Enrolled
1,17,9254,1,0,1,22,1,10.69,1,11.65,103.3,8.5,2.7,0.36,1,0,Dropout
1,12,171,0,0,0,24,0,0,2,10.44,139.6,9.1,2.4,0.24,1,0,Dropout
1,1,9130,1,0,1,23,6,14.26,6,14.55,126.8,4.7,1.3,0.79,0,2,Graduate
1,4,9085,0,1,1,19,1,12.74,2,11.07,133.2,9.2,0.8,1.41,1,0,Dropout
1,8,9238,1,1,0,22,6,15.03,5,10.77,168.8,11.3,1.3,-1.43,0,1,Enrolled