Marital_status,Application_mode,Application_order,Course,Daytime_evening_attendance,Previous_qualification,Previous_qualification_grade,Nacionality,Mothers_qualification,Fathers_qualification,Mothers_occupation,Fathers_occupation,Admission_grade,Displaced,Educational_special_needs,Debtor,Tuition_fees_up_to_date,Gender,Scholarship_holder,Age_at_enrollment,International,Curricular_units_1st_sem_credited,Curricular_units_1st_sem_enrolled,Curricular_units_1st_sem_evaluations,Curricular_units_1st_sem_approved,Curricular_units_1st_sem_grade,Curricular_units_1st_sem_without_evaluations,Curricular_units_2nd_sem_credited,Curricular_units_2nd_sem_enrolled,Curricular_units_2nd_sem_evaluations,Curricular_units_2nd_sem_approved,Curricular_units_2nd_sem_grade,Curricular_units_2nd_sem_without_evaluations,Unemployment_rate,Inflation_rate,GDP,Target
1,1,5,9556,1,4,152.4,1,13,15,11,10,137.0,1,0,0,1,1,0,21,0,0,6,7,6,11.73,0,0,6,9,5,12.45,0,6.4,1.1,0.50,Graduate
1,13,6,9119,1,10,180.4,1,18,1,11,2,130.7,0,0,0,1,0,0,20,0,0,6,9,5,15.55,0,0,6,7,4,10.34,0,6.8,1.8,1.32,Graduate
1,13,3,9853,1,13,122.1,1,26,11,7,9,168.3,0,0,1,1,1,1,24,0,0,6,8,3,10.91,0,0,6,7,1,10.8,0,10.0,1.9,-1.07,Dropout
1,13,2,9119,0,13,143.1,1,8,28,1,8,111.9,1,0,0,1,0,0,19,0,0,6,6,4,11.69,0,0,6,8,4,15.48,0,7.4,2.2,-1.08,Graduate
1,14,2,9147,1,1,182.9,1,3,3,12,11,177.7,1,0,1,1,1,0,27,0,0,6,8,2,10.13,0,0,6,8,2,11.84,0,9.4,2.4,0.08,Dropout
1,12,4,171,1,15,143.4,1,20,1,2,1,175.4,0,0,0,1,0,1,23,0,0,6,8,4,10.79,0,0,6,7,4,16.85,0,8.7,0.5,-0.18,Graduate
1,13,6,9853,1,13,124.8,1,12,4,3,10,113.2,0,0,0,1,1,1,23,0,0,6,7,5,14.33,0,0,6,8,4,10.56,0,8.7,1.7,0.44,Graduate
2,10,4,33,1,12,157.2,1,25,9,7,3,117.2,0,0,1,1,0,0,25,0,0,6,8,0,0,0,0,6,7,0,0,0,8.7,0.8,-0.68,Dropout
1,13,6,9003,0,12,126.6,1,3,11,8,8,130.4,1,0,0,1,0,1,20,0,0,6,6,4,10.74,0,0,6,9,5,15.11,0,4.0,1.8,-0.65,Enrolled
1,11,6,9556,1,13,185.5,1,2,15,4,8,170.0,1,0,1,1,0,1,22,0,0,6,8,5,15.85,0,0,6,8,6,16.66,0,7.3,2.3,1.37,Graduate
1,11,1,33,1,7,154.1,1,26,18,8,2,162.0,0,0,0,1,0,0,20,0,0,6,9,4,11.43,0,0,6,8,6,16.44,0,6.1,2.2,1.16,Graduate
1,14,4,171,1,11,176.4,1,5,22,7,1,158.0,1,0,0,1,0,1,19,0,0,6,8,4,15.37,0,0,6,9,4,16.34,0,4.5,0.9,-1.39,Graduate
1,12,1,9070,1,14,140.9,1,4,1,7,12,139.1,1,0,1,0,1,0,19,0,0,6,9,2,11.17,0,0,6,9,1,11.43,0,7.8,3.1,0.64,Dropout
1,17,6,9500,1,10,163.8,1,8,18,3,8,101.3,1,0,0,1,0,1,18,0,0,6,9,6,12.51,0,0,6,6,6,14.01,0,9.3,2.0,0.86,Enrolled
1,9,4,9853,1,12,118.8,1,24,14,4,11,144.1,1,0,0,1,0,0,20,0,0,6,6,6,16.36,0,0,6,9,5,13.62,0,6.2,1.6,-0.27,Enrolled
1,14,1,9130,1,5,156.0,1,29,3,5,2,181.8,1,0,0,1,1,0,26,0,0,6,7,1,10.58,0,0,6,8,0,0,0,10.0,0.6,0.87,Dropout
1,6,1,9147,1,6,110.3,1,11,27,6,8,148.5,1,0,0,1,1,0,23,0,0,6,8,6,16.72,0,0,6,6,6,15.5,0,9.6,3.0,-0.58,Graduate
1,6,2,33,1,13,180.5,1,10,12,5,8,177.7,0,0,1,1,0,0,21,0,0,6,8,4,10.09,0,0,6,7,4,12.68,0,8.6,1.5,0.17,Enrolled
1,2,3,9147,1,15,180.6,1,4,16,3,5,122.1,0,0,0,1,0,1,20,0,0,6,6,4,14.54,0,0,6,9,4,10.72,0,6.1,2.3,0.72,Enrolled
1,12,4,9003,1,11,107.9,1,26,4,10,9,128.6,0,0,0,1,1,0,18,0,0,6,9,6,13.61,0,0,6,9,4,14.89,0,8.0,0.8,1.28,Graduate
1,5,1,171,0,15,150.0,1,24,9,1,10,141.9,1,0,0,1,1,0,19,0,0,6,8,5,15.55,0,0,6,7,4,14.22,0,10.9,1.6,0.97,Graduate
1,10,4,9853,1,8,124.4,1,20,22,10,1,124.9,1,0,0,1,1,1,23,0,0,6,9,6,15.18,0,0,6,7,6,12.37,0,11.1,1.6,-0.01,Graduate
1,8,1,9500,1,8,109.5,1,16,10,6,5,186.6,1,0,0,1,1,0,20,0,0,6,7,3,12.59,0,0,6,9,0,0,0,11.4,2.7,0.53,Dropout
1,17,6,9991,1,14,113.7,1,27,12,2,5,142.9,1,0,0,1,0,0,23,0,0,6,8,4,10.6,0,0,6,7,5,10.39,0,10.0,3.0,-0.47,Graduate
1,17,5,9238,1,1,116.3,1,6,25,11,4,148.1,1,0,0,1,1,0,23,0,0,6,9,4,14.27,0,0,6,9,4,11.94,0,3.9,2.3,-0.17,Enrolled
1,2,6,9254,1,3,129.8,1,4,26,10,9,145.0,0,1,0,1,0,0,18,0,0,6,9,6,11.59,0,0,6,6,5,15.53,0,11.1,2.1,-0.61,Graduate
1,2,3,9670,1,14,144.2,1,26,3,2,11,145.0,0,0,0,1,0,1,22,0,0,6,9,4,16.78,0,0,6,7,5,15.26,0,8.3,2.3,0.39,Enrolled
1,8,2,9085,1,3,173.8,1,25,13,3,6,181.1,1,0,1,0,0,1,27,0,0,6,9,3,10.89,0,0,6,9,1,10.04,0,6.1,1.8,2.16,Dropout
1,16,1,9238,1,4,122.3,1,9,13,11,3,175.1,1,0,0,0,0,0,23,0,0,6,6,2,12.28,0,0,6,9,0,0,0,6.0,1.3,-1.54,Dropout
1,3,5,9070,0,1,167.0,1,29,19,2,3,167.5,1,0,1,1,0,0,29,0,0,6,7,0,0,0,0,6,8,0,0,0,10.7,1.5,-0.42,Dropout
1,4,1,9003,1,6,155.8,1,19,9,4,10,107.6,0,0,0,1,0,0,20,0,0,6,6,6,15.14,0,0,6,6,5,10.5,0,10.2,2.4,-1.09,Graduate
1,18,2,9853,1,2,103.1,1,6,21,5,9,183.1,0,0,0,1,1,1,22,0,0,6,9,4,15.52,0,0,6,6,6,12.73,0,7.6,2.0,0.67,Graduate
1,2,5,9500,1,12,120.8,1,19,6,8,11,169.5,1,0,0,1,1,0,22,0,0,6,8,5,15.39,0,0,6,9,4,10.09,0,11.0,0.9,0.53,Graduate
1,1,3,9238,1,3,104.0,1,17,26,7,12,177.3,0,0,1,1,0,0,19,0,0,6,7,1,11.01,0,0,6,7,0,0,0,7.2,2.4,-0.47,Dropout
1,4,2,9500,1,13,158.3,1,11,15,4,10,133.9,1,0,1,1,1,0,25,0,0,6,7,1,11.65,0,0,6,9,0,0,0,3.6,3.1,-1.55,Dropout
1,11,5,9991,1,13,115.0,1,24,1,5,11,158.5,1,0,1,0,1,1,25,0,0,6,9,0,0,0,0,6,7,0,0,0,7.7,3.4,-0.16,Dropout
1,15,5,9130,1,13,128.3,1,11,22,6,12,119.8,0,0,1,1,0,0,21,0,0,6,9,2,11.77,0,0,6,8,2,10.6,0,10.6,0.7,1.15,Dropout
1,17,3,9147,0,12,142.5,1,23,1,9,12,166.9,1,0,1,1,0,1,21,0,0,6,7,4,15.75,0,0,6,7,6,10.31,0,8.5,2.7,0.10,Graduate
1,5,2,9119,1,1,172.6,1,2,28,10,11,147.9,0,0,0,1,0,1,20,0,0,6,7,4,16.85,0,0,6,8,6,11.17,0,8.3,2.9,0.27,Graduate
1,17,2,9147,1,1,137.8,1,29,27,9,3,156.7,0,0,0,1,1,0,22,0,0,6,6,4,12.72,0,0,6,9,5,14.31,0,10.8,2.2,1.92,Enrolled
1,15,6,9147,1,9,106.1,1,9,9,5,3,183.3,1,0,0,1,0,0,21,0,0,6,8,1,12.51,0,0,6,7,0,0,0,10.0,1.2,-1.57,Dropout
1,13,1,9991,1,15,132.7,1,9,20,5,2,145.7,0,0,0,1,1,0,20,0,0,6,8,4,13.35,0,0,6,9,5,13.74,0,10.0,3.2,0.26,Graduate
1,15,3,9130,1,12,146.8,1,13,23,3,8,123.6,1,0,1,1,1,0,20,0,0,6,9,5,10.64,0,0,6,8,4,13.36,0,8.9,2.5,0.43,Graduate
1,16,6,9670,1,10,109.3,1,19,11,5,12,186.7,0,0,0,1,0,0,20,0,0,6,6,4,12.5,0,0,6,6,4,12.57,0,5.0,2.6,0.11,Enrolled
1,12,6,9556,1,4,153.8,1,16,10,2,5,165.2,0,0,0,1,1,0,22,0,0,6,9,4,14.39,0,0,6,9,5,13.41,0,10.2,2.2,0.89,Enrolled
1,4,1,9254,1,10,183.9,1,29,9,5,10,178.7,1,0,1,0,1,0,28,0,0,6,9,1,12.58,0,0,6,6,2,12.63,0,9.3,1.8,0.86,Dropout
1,5,3,9991,1,13,155.9,1,11,1,5,10,121.1,0,0,0,1,0,0,23,0,0,6,7,4,15.6,0,0,6,8,6,11.26,0,4.8,0.5,-1.48,Graduate
1,4,4,9773,1,1,167.3,1,13,29,12,3,105.5,0,0,0,1,1,1,20,0,0,6,6,4,11.52,0,0,6,7,4,15.97,0,4.1,2.4,0.85,Enrolled
1,7,4,171,1,15,124.0,1,14,21,4,8,183.3,0,0,0,1,1,0,22,0,0,6,9,6,11.18,0,0,6,8,4,14.9,0,5.8,0.8,-0.78,Graduate
1,16,5,9147,1,9,174.3,1,29,26,5,12,173.1,1,0,0,1,0,1,23,0,0,6,7,6,14.47,0,0,6,6,4,10.83,0,6.4,2.7,-0.30,Graduate
1,8,4,8014,1,5,149.8,1,27,9,12,5,155.8,0,0,0,1,1,0,23,0,0,6,9,4,16.91,0,0,6,8,6,15.1,0,9.7,2.5,1.04,Enrolled
1,10,1,9773,1,1,174.5,1,20,27,3,2,130.2,1,0,0,1,0,0,27,0,0,6,6,3,11.97,0,0,6,9,2,12.85,0,9.7,0.7,-0.17,Dropout
1,8,5,9500,1,14,188.8,1,4,5,5,3,162.0,1,0,0,1,0,0,18,0,0,6,8,5,13.53,0,0,6,8,6,11.11,0,5.3,3.2,1.65,Graduate
1,14,2,9500,1,1,115.8,1,23,10,12,7,167.8,1,0,0,1,0,0,23,0,0,6,8,4,16.22,0,0,6,8,6,12.17,0,11.3,2.2,1.44,Enrolled
1,1,3,9119,1,8,110.7,1,3,23,7,5,155.8,0,0,1,1,0,0,28,0,0,6,8,1,12.9,0,0,6,8,0,0,0,4.2,1.7,0.65,Dropout
1,14,5,33,1,15,150.5,1,17,4,4,12,114.4,1,0,0,1,1,0,23,0,0,6,9,5,13.32,0,0,6,6,5,12.68,0,7.1,2.6,0.58,Graduate
1,10,3,171,0,15,105.7,1,12,17,5,4,165.3,1,0,0,1,0,0,20,0,0,6,7,6,16.82,0,0,6,7,5,16.7,0,11.2,2.9,2.11,Graduate
1,3,4,9773,1,11,101.0,1,8,5,3,5,104.5,1,1,0,1,0,1,21,0,0,6,8,5,13.61,0,0,6,8,5,15.12,0,7.9,2.9,1.40,Enrolled
1,7,4,8014,1,3,175.9,1,27,5,5,11,124.7,0,0,0,1,1,1,18,0,0,6,6,6,11.28,0,0,6,8,4,10.44,0,7.3,1.1,1.33,Graduate
1,7,1,9991,1,7,132.8,1,27,28,2,5,146.5,0,0,0,1,1,0,18,0,0,6,9,5,14.81,0,0,6,7,4,15.43,0,7.5,2.5,0.82,Enrolled
1,14,4,9500,1,1,155.4,1,20,15,10,4,130.9,1,0,0,1,1,0,20,0,0,6,8,6,10.79,0,0,6,9,4,13.61,0,5.1,1.4,2.27,Graduate
1,6,6,9070,1,14,174.3,1,10,16,10,12,186.1,1,0,0,1,1,0,22,0,0,6,6,4,13.02,0,0,6,9,6,13.39,0,9.4,2.7,1.67,Graduate
1,16,6,9147,1,11,166.2,1,13,12,7,5,141.7,1,0,0,1,1,0,20,0,0,6,8,4,11.46,0,0,6,9,4,11.96,0,5.8,1.2,0.31,Enrolled
1,7,2,9130,1,11,115.0,1,14,7,3,12,177.6,1,0,0,1,0,0,19,0,0,6,7,4,10.52,0,0,6,8,5,12.8,0,5.3,1.9,-1.03,Enrolled
1,12,4,9085,1,14,171.8,1,19,26,8,3,187.4,1,0,1,1,0,0,29,0,0,6,7,0,0,0,0,6,7,1,10.19,0,10.1,0.7,-0.71,Dropout
1,8,6,9254,1,6,181.0,1,2,20,8,8,109.3,1,0,0,1,0,0,18,0,0,6,6,2,11.12,0,0,6,8,1,10.68,0,8.4,0.7,0.50,Dropout
1,13,3,9130,0,7,167.4,1,20,18,11,11,128.9,0,0,1,1,1,0,28,0,0,6,8,1,12.67,0,0,6,6,2,10.92,0,6.7,0.9,1.75,Dropout
1,9,1,9070,1,10,176.3,1,6,26,8,7,122.3,0,0,1,1,0,0,20,0,0,6,8,0,0,0,0,6,6,1,12.75,0,9.5,1.0,-0.92,Dropout
1,10,3,9130,1,1,180.3,1,7,26,12,8,156.8,0,0,1,1,1,0,25,0,0,6,9,0,0,0,0,6,9,0,0,0,11.2,1.4,0.89,Dropout
1,17,5,9670,0,7,180.9,1,27,12,7,4,124.8,0,0,0,1,0,0,22,0,0,6,6,5,14.92,0,0,6,9,4,12.49,0,5.2,1.2,0.21,Graduate
2,9,4,9130,1,12,135.2,1,25,24,1,4,120.7,0,0,1,1,0,0,25,0,0,6,8,0,0,0,0,6,9,1,12.6,0,11.5,2.1,1.69,Dropout
2,5,2,9119,1,10,170.1,1,14,28,7,12,134.1,1,0,0,1,0,0,18,0,0,6,6,5,12.59,0,0,6,7,4,14.13,0,10.5,3.1,0.23,Graduate
1,11,6,9556,1,3,127.7,1,16,7,10,1,147.6,1,0,0,1,0,1,23,0,0,6,7,5,14.49,0,0,6,8,6,11.43,0,7.0,0.7,2.06,Enrolled
1,4,6,9070,1,8,114.9,1,2,14,7,11,139.2,0,0,1,1,0,1,28,0,0,6,6,3,10.29,0,0,6,8,2,11.66,0,6.3,0.8,-0.23,Dropout
1,1,1,9147,1,4,116.4,1,4,23,8,11,174.2,1,0,1,0,1,0,26,0,0,6,9,3,11.44,0,0,6,6,2,10.6,0,6.3,1.1,-0.27,Dropout
1,3,1,33,1,5,164.3,1,18,11,6,7,138.5,1,0,1,1,0,0,28,0,0,6,8,2,12.72,0,0,6,6,1,11.63,0,9.1,1.8,1.41,Dropout
1,13,1,9556,1,6,147.2,1,13,23,9,3,120.6,0,0,0,1,0,0,28,0,0,6,9,1,10.82,0,0,6,8,1,11.89,0,8.2,1.3,-1.47,Dropout
1,7,3,9003,0,3,137.0,1,6,13,7,12,144.1,0,0,1,0,1,0,23,0,0,6,7,0,0,0,0,6,9,2,12.65,0,11.1,1.5,0.70,Dropout
2,1,1,9670,0,9,130.6,1,24,2,11,12,106.2,1,0,0,1,0,0,23,0,0,6,8,4,12.65,0,0,6,6,5,13.59,0,10.7,1.4,-0.05,Graduate
1,4,5,33,1,3,152.2,1,22,28,4,9,148.7,0,0,0,1,0,0,22,0,0,6,6,5,14.53,0,0,6,6,6,10.56,0,8.0,1.2,-1.33,Graduate
1,9,2,9556,1,13,143.8,1,27,28,8,7,109.2,0,0,1,1,0,0,27,0,0,6,6,1,12.79,0,0,6,9,1,12.38,0,9.4,2.2,0.76,Dropout
1,14,2,9147,1,6,170.3,1,22,18,11,2,169.2,0,0,0,1,0,1,19,0,0,6,6,4,10.84,0,0,6,7,4,10.77,0,9.6,1.4,-1.44,Graduate
1,11,6,8014,0,7,163.0,1,12,1,7,1,185.5,1,0,0,1,0,1,23,0,0,6,9,5,11.67,0,0,6,7,5,15.81,0,11.0,2.4,-1.50,Graduate
1,8,6,9003,1,11,113.8,1,6,13,11,11,120.4,0,0,0,1,0,0,22,0,0,6,8,4,10.7,0,0,6,8,4,10.6,0,4.4,2.2,0.16,Graduate
1,14,4,9147,1,2,158.6,1,28,14,4,3,164.4,0,0,1,1,0,0,21,0,0,6,8,5,12.02,0,0,6,9,5,15.81,0,9.3,2.1,0.29,Graduate
1,3,2,9238,1,13,116.2,1,13,12,8,2,110.0,0,0,0,1,1,1,22,0,0,6,7,5,15.36,0,0,6,8,5,12.95,0,4.4,2.9,0.94,Enrolled
1,16,3,9147,1,6,110.3,1,14,21,9,6,123.7,1,0,0,1,0,0,20,0,0,6,9,6,11.44,0,0,6,9,4,15.75,0,11.3,2.1,2.29,Graduate
1,10,3,9070,1,11,151.0,1,26,15,6,5,133.5,1,0,0,1,0,0,23,0,0,6,7,4,10.81,0,0,6,8,6,11.69,0,5.8,1.5,0.92,Graduate
1,9,6,9773,1,3,111.4,1,21,8,8,6,135.6,0,0,0,1,0,0,18,0,0,6,7,5,13.58,0,0,6,7,4,11.46,0,5.8,1.5,-0.04,Enrolled
1,4,6,9070,1,6,110.7,1,14,24,1,8,182.9,1,0,0,1,0,1,18,0,0,6,6,6,15.2,0,0,6,9,4,14.17,0,11.5,2.5,-0.01,Graduate
1,4,4,9991,1,12,123.8,1,4,2,3,7,136.5,1,0,0,0,1,0,26,0,0,6,8,1,10.6,0,0,6,8,1,10.26,0,6.2,0.6,1.95,Dropout
1,18,4,9085,1,9,135.3,1,20,24,4,2,112.1,1,0,0,1,0,1,21,0,0,6,7,5,14.22,0,0,6,7,4,16.14,0,8.5,1.7,-0.28,Graduate
1,18,4,9238,1,9,107.2,1,10,7,4,9,164.3,1,0,1,1,0,0,19,0,0,6,8,0,0,0,0,6,6,1,10.36,0,11.4,2.5,1.07,Dropout
1,9,4,9254,0,10,142.7,1,4,12,8,7,162.0,0,0,1,0,0,0,29,0,0,6,6,3,10.89,0,0,6,8,1,10.26,0,9.5,0.5,0.20,Dropout
1,1,2,8014,1,6,182.6,1,1,27,4,10,174.7,0,0,0,1,0,0,20,0,0,6,7,4,12.42,0,0,6,7,6,10.85,0,4.3,1.6,-0.10,Enrolled
1,10,6,9853,1,2,147.5,1,3,11,7,12,149.8,1,0,1,1,1,1,19,0,0,6,6,3,10.2,0,0,6,9,1,11.4,0,6.1,0.8,1.54,Dropout
1,7,3,9003,1,13,123.4,1,16,20,10,4,103.9,0,0,0,1,1,0,20,0,0,6,7,6,13.46,0,0,6,8,5,12.89,0,5.9,3.1,-0.01,Graduate
1,7,1,9085,1,1,108.4,1,1,27,12,2,158.3,1,0,1,0,0,0,18,0,0,6,8,3,12.24,0,0,6,9,2,11.43,0,5.4,2.0,0.28,Dropout
1,15,1,9085,1,9,130.5,1,26,19,7,7,177.0,1,0,0,1,0,0,18,0,0,6,9,4,11.95,0,0,6,8,4,16.11,0,8.1,1.6,0.59,Enrolled
1,14,6,33,1,12,112.9,1,10,14,10,4,123.8,1,0,1,1,0,0,29,0,0,6,9,1,10.06,0,0,6,7,2,12.67,0,7.9,2.1,-1.41,Dropout
1,7,1,9991,1,2,163.3,1,25,17,5,2,162.0,1,0,0,1,1,0,27,0,0,6,6,0,0,0,0,6,9,2,10.86,0,3.9,3.2,2.08,Dropout
1,15,3,9853,1,10,181.1,1,24,17,2,11,102.7,1,0,1,1,0,0,19,0,0,6,7,6,11.23,0,0,6,7,4,14.97,0,6.5,2.7,-0.37,Graduate
1,3,2,9556,0,4,104.2,1,18,23,4,1,105.1,1,0,0,1,1,0,21,0,0,6,9,6,14.31,0,0,6,7,6,10.84,0,4.4,2.7,-0.68,Graduate
1,11,5,9085,1,4,114.0,1,13,20,10,4,167.7,0,0,0,1,0,1,18,0,0,6,6,4,16.48,0,0,6,8,4,12.83,0,6.5,2.8,1.33,Graduate
1,3,1,171,0,6,182.0,1,9,14,5,1,138.2,1,0,0,1,0,0,23,0,0,6,6,5,16.15,0,0,6,9,6,15.19,0,8.4,1.9,-0.77,Graduate
1,2,2,9991,1,5,167.4,1,12,22,1,7,165.6,1,0,0,0,0,1,19,0,0,6,8,3,11.86,0,0,6,6,2,11.63,0,5.6,1.1,1.15,Dropout
1,7,2,9130,1,13,145.9,1,7,15,1,11,113.3,0,0,0,1,1,1,23,0,0,6,9,4,13.91,0,0,6,9,6,15.03,0,4.6,1.7,-1.24,Graduate
1,9,3,171,1,13,170.2,1,26,23,5,12,122.2,1,0,0,1,0,0,20,0,0,6,8,4,13.9,0,0,6,9,6,15.57,0,5.8,0.5,0.90,Graduate
1,8,4,9085,0,6,142.2,1,10,29,2,8,169.0,1,0,1,0,0,0,19,0,0,6,7,1,12.61,0,0,6,8,0,0,0,4.0,1.4,1.68,Dropout
1,12,6,9853,1,12,134.1,1,10,1,9,3,117.8,0,0,1,0,0,0,24,0,0,6,6,3,11.29,0,0,6,7,2,10.79,0,7.9,1.8,-0.19,Dropout
2,2,6,9500,1,15,116.0,1,22,18,10,11,187.1,1,0,0,1,1,0,21,0,0,6,7,4,11.78,0,0,6,7,6,14.91,0,6.1,2.3,1.24,Graduate
1,4,5,9773,1,9,115.4,1,17,28,4,8,119.1,1,0,0,1,1,1,21,0,0,6,7,5,14.04,0,0,6,9,4,12.43,0,8.4,1.4,2.30,Graduate
1,13,6,9773,1,5,125.4,1,23,15,12,9,132.3,1,0,1,1,1,1,19,0,0,6,9,6,14.27,0,0,6,9,4,10.63,0,4.9,0.6,0.37,Graduate
1,11,5,9003,1,3,139.5,1,20,29,6,2,109.2,0,0,0,0,0,0,29,0,0,6,8,3,10.59,0,0,6,9,2,12.6,0,9.3,2.0,-0.34,Dropout
1,11,1,9254,1,3,140.4,1,19,4,10,8,158.3,0,0,0,1,1,0,19,0,0,6,9,4,16.74,0,0,6,9,4,16.56,0,9.8,3.3,0.35,Graduate
1,8,3,9147,0,12,105.0,1,15,13,8,10,121.4,1,0,1,1,0,1,21,0,0,6,6,5,15.24,0,0,6,6,4,11.02,0,8.1,0.8,1.74,Enrolled
1,6,4,9500,1,4,141.5,1,9,26,6,10,102.9,0,0,0,1,1,0,23,0,0,6,6,2,10.19,0,0,6,8,0,0,0,8.8,2.8,-1.58,Dropout
1,4,3,171,1,7,107.4,1,21,20,11,8,144.5,1,0,0,1,0,1,18,0,0,6,9,4,12.73,0,0,6,7,5,14.49,0,3.7,2.5,1.38,Graduate
1,17,2,171,1,13,154.6,1,12,21,2,2,160.7,1,0,0,1,1,0,21,0,0,6,7,6,16.59,0,0,6,9,5,12.15,0,8.8,3.0,1.24,Graduate
2,13,1,8014,1,15,121.5,1,24,12,12,8,140.8,1,0,0,1,1,1,21,0,0,6,9,5,11.9,0,0,6,6,6,13.08,0,7.6,1.2,-0.49,Graduate
1,6,5,9500,0,1,176.1,1,2,11,8,6,113.1,1,0,1,1,1,0,26,0,0,6,6,3,12.11,0,0,6,9,1,12.49,0,4.9,1.5,0.88,Dropout
1,2,6,9991,1,8,175.1,1,29,15,11,3,157.1,1,0,0,1,0,0,18,0,0,6,6,5,10.33,0,0,6,8,5,15.61,0,7.5,1.0,0.82,Graduate
1,4,5,9254,1,3,180.5,1,14,23,9,9,169.4,0,0,0,1,1,0,20,0,0,6,7,4,13.49,0,0,6,8,5,13.5,0,3.9,1.4,-0.43,Graduate
2,11,2,9500,1,5,168.7,1,6,3,7,6,115.9,0,0,0,0,1,0,24,0,0,6,9,0,0,0,0,6,9,1,10.88,0,3.7,1.0,-1.22,Dropout
1,5,5,8014,1,11,173.6,1,8,23,6,8,165.1,1,0,0,1,0,1,22,0,0,6,6,5,14.58,0,0,6,8,6,12.61,0,6.2,0.6,2.08,Graduate
1,11,2,9119,1,4,133.7,1,25,24,5,10,169.9,0,0,0,1,1,0,20,0,0,6,8,4,13.87,0,0,6,7,4,15.74,0,6.9,0.6,0.76,Graduate
1,10,5,9147,1,4,149.6,1,19,13,9,2,139.5,1,0,0,1,0,1,22,0,0,6,8,6,15.48,0,0,6,7,4,10.65,0,11.5,1.4,-1.45,Graduate
1,15,5,9254,1,15,146.2,1,10,21,11,5,126.1,1,0,0,1,1,0,22,0,0,6,7,5,16.36,0,0,6,9,5,13.14,0,4.2,3.1,0.12,Enrolled
1,6,5,9238,1,4,109.1,1,2,9,8,8,179.8,1,0,1,0,1,0,27,0,0,6,9,2,11.69,0,0,6,9,0,0,0,4.5,1.6,1.59,Dropout
2,17,6,9670,1,15,174.4,1,1,19,5,4,145.1,0,0,0,1,1,0,20,0,0,6,8,4,12.53,0,0,6,8,6,12.61,0,3.9,0.5,0.30,Graduate
1,8,5,9500,0,10,185.0,1,24,23,4,10,118.5,0,0,0,0,0,0,27,0,0,6,6,1,10.3,0,0,6,7,1,11.06,0,8.3,3.0,-1.51,Dropout
1,16,3,9070,1,1,149.0,1,6,13,12,12,127.3,0,0,0,1,1,0,22,0,0,6,6,5,13.57,0,0,6,7,5,10.81,0,7.7,1.6,0.89,Graduate
1,17,3,9147,1,2,119.8,1,10,5,4,2,115.9,1,0,0,1,0,1,18,0,0,6,7,5,14.85,0,0,6,6,4,15.42,0,8.0,1.8,-0.64,Graduate
1,18,4,9500,1,14,145.4,1,25,1,2,8,186.6,0,0,0,1,0,1,21,0,0,6,8,5,15.52,0,0,6,9,5,10.6,0,11.1,1.5,-0.50,Enrolled
1,4,3,9853,1,10,144.7,1,28,6,10,6,120.4,1,0,0,1,0,1,21,0,0,6,7,6,14.48,0,0,6,6,5,12.07,0,8.6,1.9,-1.12,Graduate
2,13,5,9003,1,3,166.0,1,11,17,4,9,130.8,1,0,0,1,0,0,23,0,0,6,6,6,12.27,0,0,6,9,5,12.54,0,6.2,1.1,1.77,Enrolled
1,7,2,171,0,12,112.5,1,28,6,3,10,133.3,1,0,0,1,0,1,22,0,0,6,7,5,15.88,0,0,6,8,4,14.88,0,7.2,2.5,1.27,Graduate
1,2,4,9070,1,4,150.0,1,7,24,2,3,164.9,1,0,1,0,0,0,28,0,0,6,9,3,12.19,0,0,6,9,0,0,0,8.2,3.2,1.88,Dropout
1,5,1,9070,1,1,102.1,1,8,24,9,4,175.9,1,0,0,1,1,0,23,0,0,6,8,4,13.36,0,0,6,6,6,16.52,0,10.5,3.0,0.12,Enrolled
1,4,6,9853,1,11,130.1,1,19,13,12,7,173.5,0,0,1,0,1,0,21,0,0,6,7,1,12.56,0,0,6,6,1,11.79,0,8.0,0.7,-1.66,Dropout
1,12,1,8014,0,12,110.4,1,3,12,12,9,172.5,1,0,0,1,1,0,20,0,0,6,6,1,12.84,0,0,6,8,2,11.49,0,6.2,2.9,2.02,Dropout
1,16,2,9119,1,15,112.2,1,4,10,7,4,154.2,1,0,0,1,0,0,22,0,0,6,8,6,13.59,0,0,6,8,4,13.36,0,9.4,2.9,0.39,Enrolled
1,3,1,9147,1,5,164.6,1,29,27,1,7,128.2,0,0,1,0,0,0,18,0,0,6,6,0,0,0,0,6,7,0,0,0,3.8,2.0,-0.22,Dropout
1,12,5,9670,0,14,127.7,1,12,20,2,4,180.2,1,0,0,1,1,0,22,0,0,6,7,1,12.01,0,0,6,8,1,11.56,0,3.9,1.7,0.73,Dropout
2,10,3,9003,1,3,135.6,1,16,10,9,4,143.4,1,0,0,1,0,1,22,0,0,6,6,6,11.92,0,0,6,6,4,10.28,0,10.2,2.4,-0.22,Graduate
1,11,5,8014,1,9,147.4,1,24,13,8,9,149.0,1,0,0,1,1,0,22,0,0,6,9,4,13.19,0,0,6,6,5,15.48,0,4.6,1.8,1.43,Graduate
1,8,4,9119,1,9,180.8,1,15,20,7,8,173.2,1,0,0,1,0,0,21,0,0,6,6,5,10.04,0,0,6,9,4,10.45,0,10.9,1.0,-0.54,Enrolled
1,2,2,171,1,5,151.5,1,22,26,1,10,126.4,0,0,0,1,1,0,22,0,0,6,7,6,15.52,0,0,6,7,4,16.35,0,7.6,2.8,1.35,Enrolled
2,3,6,9853,1,11,112.3,1,25,2,3,7,122.1,1,0,0,1,1,1,22,0,0,6,8,6,13.67,0,0,6,9,4,11.1,0,10.0,2.7,0.42,Graduate
1,16,4,33,1,3,154.3,1,16,20,2,4,144.2,0,0,0,0,0,0,25,0,0,6,7,3,10.86,0,0,6,9,2,12.76,0,3.9,3.2,1.99,Dropout
1,3,6,9556,1,10,178.6,1,2,3,5,12,174.1,1,0,0,1,0,0,23,0,0,6,7,4,16.26,0,0,6,6,6,12.17,0,8.1,0.9,-1.60,Graduate
1,17,3,9556,0,4,173.8,1,10,14,2,6,128.7,1,0,1,1,0,0,24,0,0,6,6,1,12.22,0,0,6,9,1,12.2,0,6.5,1.8,-0.04,Dropout
1,2,4,9085,1,8,189.6,1,16,29,12,8,140.6,1,0,1,0,0,0,20,0,0,6,6,1,12.71,0,0,6,8,2,12.5,0,4.8,1.9,-1.12,Dropout
1,13,6,9556,1,3,123.2,1,13,4,6,12,100.3,1,0,1,1,0,0,22,0,0,6,7,6,16.93,0,0,6,8,6,10.68,0,9.7,0.8,-1.02,Graduate
1,6,5,9500,1,11,149.6,1,23,16,7,10,161.7,0,0,1,0,1,0,20,0,0,6,8,1,12.46,0,0,6,8,0,0,0,6.3,3.3,-0.29,Dropout
1,2,2,9003,1,14,187.6,1,1,22,1,7,175.3,0,0,0,1,0,0,22,0,0,6,8,4,14.25,0,0,6,6,6,12.38,0,5.6,2.8,2.14,Enrolled
1,8,4,9070,1,7,186.7,1,6,16,5,11,152.2,0,0,0,1,0,0,22,0,0,6,6,2,10.69,0,0,6,7,2,11.68,0,5.6,2.0,-1.28,Dropout
1,11,4,9773,1,14,110.5,1,20,11,7,7,187.7,1,0,0,1,0,0,20,0,0,6,7,6,12.68,0,0,6,9,6,11.4,0,6.7,1.8,0.80,Graduate
2,2,4,8014,1,12,134.7,1,22,15,8,8,141.9,1,0,1,0,1,0,29,0,0,6,9,3,12.99,0,0,6,9,1,12.99,0,4.9,1.7,-0.55,Dropout
1,6,6,9119,0,6,137.1,1,11,25,2,3,150.3,0,0,1,1,0,0,24,0,0,6,8,3,12.02,0,0,6,6,0,0,0,10.2,2.0,0.28,Dropout
1,1,3,9670,1,14,105.0,1,8,14,1,3,101.9,1,0,1,1,1,1,28,0,0,6,9,3,11.89,0,0,6,6,2,10.26,0,4.1,0.5,1.53,Dropout
1,11,6,9238,1,1,121.5,1,27,9,4,5,124.8,0,0,0,1,1,0,29,0,0,6,7,2,11.58,0,0,6,9,1,12.38,0,6.3,0.5,-1.67,Dropout
1,17,4,9773,1,7,111.6,1,18,24,12,9,126.9,0,0,0,1,0,0,22,0,0,6,8,6,14.5,0,0,6,6,4,15.86,0,11.0,1.5,1.28,Graduate
1,14,1,33,1,15,158.4,1,22,19,5,8,146.9,1,0,0,1,0,1,20,0,0,6,6,6,13.81,0,0,6,7,4,13.49,0,4.3,3.1,0.47,Graduate
1,17,6,9147,1,4,146.6,1,12,2,9,5,137.7,1,0,0,1,0,0,22,0,0,6,7,4,13.78,0,0,6,9,6,15.73,0,7.0,0.9,1.94,Graduate
1,4,2,9119,1,12,177.3,1,11,10,3,8,151.7,1,0,0,1,0,1,21,0,0,6,7,4,14.67,0,0,6,8,4,15.66,0,8.1,2.7,-0.73,Enrolled
1,4,6,9130,1,6,169.8,1,22,24,1,3,144.8,1,0,0,1,1,0,20,0,0,6,9,5,12.34,0,0,6,7,5,13.13,0,8.2,1.2,0.60,Graduate
2,12,3,9085,1,3,126.9,1,26,5,5,3,107.5,0,0,0,1,1,0,23,0,0,6,6,5,13.21,0,0,6,6,4,16.2,0,5.2,1.1,0.21,Enrolled
1,14,6,9119,1,13,153.2,1,5,10,12,3,154.9,1,0,1,0,0,0,22,0,0,6,9,1,12.48,0,0,6,8,1,10.43,0,4.0,2.6,-0.88,Dropout
1,15,5,9119,1,9,128.4,1,19,23,10,10,179.9,1,0,1,1,0,0,18,0,0,6,7,3,11.36,0,0,6,8,1,10.84,0,7.0,1.5,-1.10,Dropout
1,5,5,9556,1,5,105.8,1,22,23,5,3,172.2,1,0,1,0,0,0,19,0,0,6,9,0,0,0,0,6,8,1,11.42,0,3.7,1.1,0.29,Dropout
1,5,6,9003,1,13,163.8,1,5,20,7,2,114.4,1,0,0,1,1,0,22,0,0,6,6,6,13.29,0,0,6,8,4,16.91,0,6.0,2.9,-0.37,Graduate
1,3,4,9003,1,12,183.7,1,6,20,10,1,188.6,1,0,0,1,0,1,21,0,0,6,6,4,15.05,0,0,6,7,6,15.73,0,9.2,0.9,0.54,Enrolled
1,5,6,9556,1,2,134.2,1,8,13,7,9,158.9,1,0,1,1,0,0,22,0,0,6,9,1,10.72,0,0,6,6,0,0,0,7.6,2.6,-1.01,Dropout
1,5,1,9130,1,15,161.7,1,22,29,3,2,140.1,1,0,0,1,1,0,20,0,0,6,6,6,16.96,0,0,6,7,5,14.59,0,9.3,2.4,-0.31,Graduate
2,6,6,8014,1,15,109.0,1,2,29,12,3,102.1,1,0,0,1,0,0,20,0,0,6,9,6,16.75,0,0,6,9,5,10.46,0,6.4,1.2,-1.60,Enrolled
1,8,1,9147,1,7,185.3,1,20,24,11,12,154.4,1,0,0,1,0,0,21,0,0,6,6,6,11.31,0,0,6,8,4,13.42,0,11.0,1.5,-0.71,Enrolled
1,12,5,33,1,7,139.1,1,23,3,11,4,127.4,1,0,0,1,0,0,21,0,0,6,9,4,15.28,0,0,6,8,5,16.25,0,9.7,2.9,1.95,Graduate
1,13,1,9670,1,11,173.9,1,28,10,4,6,164.7,0,0,0,1,1,0,19,0,0,6,8,5,13.35,0,0,6,8,4,14.9,0,8.1,1.1,0.33,Enrolled
1,12,6,9130,1,12,135.2,1,7,13,3,11,125.5,0,0,1,1,0,0,23,0,0,6,6,1,12.15,0,0,6,8,1,11.93,0,8.1,2.7,-1.18,Dropout
1,18,2,9238,1,3,115.0,1,4,1,3,12,162.8,0,0,1,0,1,0,25,0,0,6,9,3,12.84,0,0,6,8,0,0,0,10.7,1.1,-0.07,Dropout
1,15,1,9147,1,10,128.7,1,24,16,5,2,186.0,0,0,0,1,0,0,22,0,0,6,7,6,16.85,0,0,6,7,6,12.69,0,9.0,2.4,-0.25,Graduate
1,14,3,9130,1,11,160.0,1,13,26,8,6,166.0,1,0,1,0,0,0,20,0,0,6,8,0,0,0,0,6,7,2,10.32,0,4.1,2.1,-1.17,Dropout
1,8,4,9085,1,1,182.9,1,29,14,4,5,114.7,0,0,1,1,0,1,29,0,0,6,9,3,12.14,0,0,6,7,2,11.88,0,10.9,1.4,-0.19,Dropout
1,10,2,9991,1,1,189.9,1,4,1,7,11,122.7,0,0,1,1,1,0,22,0,0,6,7,1,12.94,0,0,6,7,1,11.41,0,8.2,1.1,-0.04,Dropout
1,13,6,9254,1,5,155.7,1,22,4,12,5,173.5,1,0,0,1,1,0,23,0,0,6,9,6,10.3,0,0,6,8,4,10.32,0,7.2,2.9,0.35,Graduate
1,11,3,9773,1,14,166.8,1,12,27,11,10,126.3,0,0,0,0,1,0,22,0,0,6,6,0,0,0,0,6,6,1,12.63,0,5.5,1.0,-0.81,Dropout
1,14,1,9130,1,2,124.0,1,29,11,3,9,154.6,1,1,0,1,1,0,19,0,0,6,8,5,12.76,0,0,6,9,6,11.78,0,8.1,2.0,-0.85,Enrolled
1,9,6,9130,0,5,169.7,1,21,6,10,4,157.2,1,0,0,1,0,0,19,0,0,6,8,5,15.85,0,0,6,9,5,10.81,0,5.6,1.3,2.29,Graduate
1,1,1,9238,1,1,107.6,1,13,15,8,4,127.9,0,0,0,1,1,1,23,0,0,6,7,6,15.92,0,0,6,9,5,11.13,0,8.6,1.2,-0.16,Graduate
1,4,6,9556,1,12,182.3,1,20,16,7,4,183.9,0,0,0,1,1,1,19,0,0,6,9,6,12.99,0,0,6,6,6,11.27,0,9.4,3.1,0.79,Graduate
1,7,6,8014,0,12,160.3,1,15,6,4,7,105.2,1,0,0,1,0,1,20,0,0,6,8,5,11.45,0,0,6,8,5,11.85,0,4.3,2.1,0.63,Graduate
1,14,6,9130,1,14,174.1,1,8,15,8,1,109.0,0,0,0,1,0,0,23,0,0,6,8,6,13.45,0,0,6,9,4,13.24,0,7.8,2.0,0.53,Enrolled
1,18,1,9147,1,5,164.0,1,6,24,1,12,130.6,0,0,0,1,0,1,22,0,0,6,6,5,13.97,0,0,6,8,5,15.22,0,11.0,1.1,-1.03,Graduate
1,16,3,9147,0,13,124.7,1,9,2,1,9,151.1,1,0,0,1,1,1,22,0,0,6,8,4,10.55,0,0,6,8,5,14.02,0,5.8,2.4,-0.75,Graduate
1,18,2,9853,1,8,187.2,1,25,17,4,1,125.6,1,0,0,1,0,0,23,0,0,6,9,4,16.82,0,0,6,6,4,15.31,0,7.9,2.2,0.59,Enrolled
1,12,5,9853,1,2,128.6,1,7,3,5,5,106.7,1,0,0,1,0,0,19,0,0,6,6,4,15.72,0,0,6,9,4,15.97,0,5.5,2.4,1.06,Graduate
2,12,1,9254,1,5,173.8,1,10,23,1,1,176.0,0,0,0,1,0,0,19,0,0,6,6,6,13.54,0,0,6,8,4,16.53,0,9.2,1.7,1.13,Graduate
1,13,5,33,1,12,108.8,1,11,25,10,7,102.6,0,0,0,1,0,0,18,0,0,6,7,4,15.35,0,0,6,6,4,16.06,0,5.4,3.0,0.69,Graduate
1,2,6,9853,1,7,168.6,1,4,26,9,8,159.7,1,0,1,1,1,0,21,0,0,6,8,4,14.88,0,0,6,7,6,11.44,0,11.1,3.1,2.04,Graduate
1,7,6,9991,1,11,120.7,1,20,19,9,1,151.6,0,0,0,1,1,1,21,0,0,6,7,4,13.95,0,0,6,8,5,15.43,0,4.0,3.4,1.98,Graduate
1,6,5,8014,1,8,137.4,1,11,28,3,3,102.5,1,0,0,1,1,0,18,0,0,6,6,5,16.31,0,0,6,8,4,11.72,0,10.3,3.3,-0.70,Graduate
1,3,3,9853,1,12,163.2,1,8,14,8,2,138.2,0,0,0,1,0,0,20,0,0,6,6,0,0,0,0,6,6,0,0,0,11.4,0.8,-1.48,Dropout
1,15,5,9147,1,8,139.5,1,5,12,11,7,117.6,0,1,1,0,1,0,26,0,0,6,6,2,10.03,0,0,6,6,2,11.37,0,10.0,0.9,-0.11,Dropout
1,13,4,9556,1,11,177.3,1,9,24,10,12,137.0,1,0,0,1,0,0,21,0,0,6,6,4,16.18,0,0,6,9,6,13.96,0,10.8,2.4,-0.54,Graduate
1,3,3,33,1,8,176.6,1,1,13,11,10,141.4,1,0,0,1,0,0,18,0,0,6,9,6,15.52,0,0,6,9,6,16.1,0,7.4,0.6,0.24,Graduate
1,5,2,33,0,1,135.3,1,16,23,7,9,131.2,0,0,0,1,0,0,18,0,0,6,8,5,14.52,0,0,6,6,6,13.35,0,5.3,3.2,1.38,Graduate
1,13,4,9254,1,15,154.7,1,6,16,2,5,129.4,1,0,0,1,0,1,18,0,0,6,7,5,14.24,0,0,6,7,4,10.21,0,6.4,1.4,-0.92,Enrolled
1,10,3,9670,1,15,142.2,1,26,13,7,6,117.6,0,0,1,0,0,0,21,0,0,6,9,2,12.37,0,0,6,7,0,0,0,9.1,0.4,0.03,Dropout
1,17,5,9853,1,7,145.2,1,16,24,9,11,184.5,1,0,0,1,0,1,19,0,0,6,8,6,12.24,0,0,6,8,5,12.73,0,3.8,3.0,-0.33,Graduate
2,9,3,9500,1,2,125.3,1,3,9,2,12,130.5,1,0,0,1,0,0,18,0,0,6,7,5,13.78,0,0,6,7,5,10.09,0,4.5,2.2,2.16,Graduate
2,15,2,8014,1,4,133.9,1,10,7,11,11,139.2,0,0,0,1,1,0,23,0,0,6,7,5,14.9,0,0,6,6,4,11.03,0,6.5,1.9,1.99,Graduate
1,16,3,9147,1,12,128.4,1,9,22,11,6,120.7,0,0,1,1,0,0,20,0,0,6,7,6,12.13,0,0,6,7,6,14.35,0,5.6,0.7,0.09,Enrolled
1,15,1,33,1,6,163.8,1,29,25,2,1,106.2,1,0,1,0,0,0,23,0,0,6,6,3,12.45,0,0,6,9,2,10.33,0,10.4,2.4,1.14,Dropout
1,5,2,9238,1,15,104.3,1,20,12,2,7,171.3,1,0,0,1,0,0,24,0,0,6,7,2,10.48,0,0,6,9,2,11.19,0,5.9,2.8,1.88,Dropout
1,11,3,9003,1,1,135.5,1,9,5,10,8,185.5,1,0,0,1,0,1,21,0,0,6,7,6,12.85,0,0,6,7,6,10.34,0,4.6,1.2,0.98,Graduate
1,6,3,8014,1,1,146.1,1,12,29,10,6,119.0,0,0,1,1,0,0,22,0,0,6,9,2,12.08,0,0,6,7,1,12.03,0,6.9,1.2,1.51,Dropout
1,1,6,171,0,3,173.6,1,3,21,6,9,170.2,1,0,0,1,0,0,19,0,0,6,9,4,14.17,0,0,6,7,4,16.97,0,4.4,2.2,1.25,Graduate
1,2,6,9070,1,5,129.4,1,29,12,6,11,110.2,1,0,0,1,1,0,20,0,0,6,6,4,14.2,0,0,6,9,4,12.37,0,8.6,3.3,-1.19,Graduate
1,12,1,9853,1,7,149.8,1,1,14,9,9,164.5,0,0,1,0,1,1,29,0,0,6,9,3,12.49,0,0,6,7,2,12.77,0,11.2,1.6,-1.36,Dropout
1,11,1,9238,1,6,123.3,1,9,16,4,4,136.6,0,0,1,1,1,1,28,0,0,6,8,2,10.77,0,0,6,9,2,10.72,0,5.3,0.7,0.47,Dropout
1,13,1,9853,1,15,114.9,1,14,20,10,5,172.6,0,0,0,1,1,0,26,0,0,6,7,3,10.11,0,0,6,6,2,11.92,0,9.5,2.0,0.37,Dropout
1,8,4,9254,1,11,162.7,1,6,20,4,11,124.7,1,0,1,1,1,0,25,0,0,6,6,2,11.95,0,0,6,9,1,12.77,0,11.2,2.1,0.44,Dropout
2,15,2,9853,1,12,127.3,1,4,9,12,5,139.4,1,0,0,1,0,0,23,0,0,6,7,6,16.4,0,0,6,6,5,11.27,0,6.2,1.9,-1.27,Graduate
1,4,1,9003,1,13,106.4,1,4,3,10,8,178.0,1,0,0,1,1,0,21,0,0,6,6,6,14.46,0,0,6,7,5,10.61,0,9.1,3.0,2.15,Graduate
1,14,2,9085,1,5,147.1,1,27,22,2,7,149.9,1,0,0,1,1,0,18,0,0,6,9,5,15.62,0,0,6,7,4,14.54,0,8.8,3.1,0.51,Graduate
1,5,2,9085,1,14,161.3,1,4,29,5,4,111.2,1,0,1,0,0,0,21,0,0,6,7,2,12.93,0,0,6,8,0,0,0,6.1,2.7,1.06,Dropout
2,5,2,9003,1,3,115.8,1,15,25,7,12,162.1,1,0,1,1,1,0,21,0,0,6,6,5,11.56,0,0,6,8,4,11.81,0,11.3,1.8,1.64,Enrolled
1,5,2,9119,0,9,180.3,1,22,12,3,10,104.4,1,0,0,1,0,0,23,0,0,6,8,4,15.31,0,0,6,8,6,16.95,0,5.3,2.7,-0.37,Enrolled
1,15,1,9556,1,4,109.8,1,20,13,8,8,157.3,0,0,1,1,0,1,21,0,0,6,7,0,0,0,0,6,6,0,0,0,9.5,2.5,1.02,Dropout
1,3,1,9254,1,6,127.2,1,27,29,1,5,177.1,0,0,0,1,0,1,23,0,0,6,8,4,13.59,0,0,6,6,6,13.14,0,7.6,1.4,-0.65,Graduate
1,15,2,9119,1,7,185.9,1,18,13,10,5,125.1,1,0,0,1,1,1,23,0,0,6,9,4,10.37,0,0,6,6,6,13.91,0,4.2,1.3,-1.33,Graduate
1,8,6,9119,1,15,163.9,1,11,25,12,2,116.6,1,1,0,1,0,0,20,0,0,6,7,5,10.62,0,0,6,9,6,14.69,0,8.5,0.6,1.67,Graduate
1,2,3,9773,1,15,117.3,1,1,8,4,9,174.8,1,0,0,1,0,0,22,0,0,6,9,6,12.95,0,0,6,6,4,11.18,0,7.9,1.1,1.73,Graduate
1,15,4,9991,1,10,176.9,1,16,29,1,10,187.3,1,0,0,1,1,1,19,0,0,6,7,4,10.07,0,0,6,7,4,11.56,0,3.6,3.1,-0.20,Graduate
1,9,6,9238,1,13,164.5,1,3,1,7,11,172.1,0,0,1,0,1,0,19,0,0,6,9,2,12.24,0,0,6,6,0,0,0,8.9,2.8,-0.12,Dropout
1,5,4,9147,1,9,158.4,1,13,18,8,5,147.1,0,0,1,1,0,1,20,0,0,6,9,2,12.33,0,0,6,7,2,11.47,0,10.8,1.7,-1.16,Dropout
1,2,6,9853,1,14,156.3,1,18,14,8,9,119.8,1,0,1,1,0,0,28,0,0,6,8,3,10.21,0,0,6,8,1,11.1,0,11.0,1.8,-0.40,Dropout
1,11,4,171,1,7,136.5,1,5,16,3,1,109.7,1,0,0,1,0,1,26,0,0,6,7,1,11.23,0,0,6,7,0,0,0,4.5,3.0,-0.97,Dropout
1,16,4,9147,1,2,104.1,1,21,12,5,11,120.0,1,0,0,1,0,0,21,0,0,6,9,5,14.34,0,0,6,9,5,11.67,0,4.3,2.2,-1.63,Graduate
1,17,5,9130,1,6,140.3,1,7,8,3,9,114.1,1,0,0,1,0,0,25,0,0,6,7,1,10.54,0,0,6,9,0,0,0,3.9,0.8,0.73,Dropout
1,8,3,9003,1,11,106.8,1,15,10,9,9,147.8,1,0,0,1,1,0,18,0,0,6,8,5,16.47,0,0,6,7,6,10.95,0,5.4,2.3,1.53,Graduate
1,7,1,9070,1,6,159.1,1,2,18,5,11,140.9,0,0,0,1,0,0,19,0,0,6,7,6,16.06,0,0,6,6,6,14.67,0,4.6,1.8,2.09,Enrolled
2,7,3,9085,0,12,186.1,1,29,20,7,7,118.2,1,0,0,1,1,0,19,0,0,6,8,6,14.21,0,0,6,6,5,11.49,0,9.4,2.1,0.05,Enrolled
1,13,4,9773,1,5,106.9,1,20,12,1,5,168.5,1,0,0,1,1,0,21,0,0,6,9,4,15.42,0,0,6,6,4,13.1,0,4.4,1.3,0.91,Graduate
1,4,1,9119,1,1,112.6,1,20,10,5,3,162.3,0,0,0,1,0,1,18,0,0,6,8,6,13.62,0,0,6,6,4,16.12,0,7.0,1.4,0.23,Enrolled
1,13,6,9070,1,13,142.9,1,20,28,8,1,180.9,1,0,0,1,0,1,18,0,0,6,8,1,12.75,0,0,6,6,0,0,0,4.0,3.2,0.64,Dropout
1,18,3,9670,1,15,117.4,1,15,4,12,1,156.0,1,0,0,1,0,0,19,0,0,6,9,6,10.57,0,0,6,7,5,11.46,0,3.8,0.7,1.02,Graduate
1,4,2,9500,1,12,110.2,1,19,1,3,5,187.7,0,0,0,1,0,1,22,0,0,6,9,5,11.57,0,0,6,7,6,14.85,0,8.2,2.5,1.28,Graduate
1,7,5,9119,1,12,149.7,1,28,12,11,3,168.7,0,0,0,1,0,0,19,0,0,6,9,5,14.26,0,0,6,7,4,12.05,0,10.3,3.3,0.45,Enrolled
1,17,2,9556,1,8,143.1,1,2,25,10,8,133.0,0,0,1,1,1,0,29,0,0,6,9,1,12.81,0,0,6,7,1,12.8,0,7.6,1.3,1.09,Dropout
1,17,4,9119,1,10,154.6,1,8,20,3,4,176.3,1,0,0,1,1,0,22,0,0,6,9,4,13.48,0,0,6,8,6,11.57,0,8.2,3.3,2.05,Graduate
1,6,2,9853,1,2,117.0,1,13,2,11,1,189.6,0,0,1,1,0,0,25,0,0,6,9,1,11.7,0,0,6,6,0,0,0,5.1,2.0,-1.46,Dropout
1,18,6,9773,1,14,156.7,1,27,12,6,2,173.2,1,0,0,1,1,1,21,0,0,6,9,6,14.27,0,0,6,6,5,10.6,0,4.2,3.2,0.12,Enrolled
1,3,1,33,1,9,159.7,1,22,4,3,10,180.4,1,0,0,1,0,0,19,0,0,6,9,4,10.97,0,0,6,8,6,16.31,0,10.2,1.3,1.98,Graduate
1,6,3,9085,1,8,186.7,1,22,8,9,8,167.3,0,0,1,1,0,0,21,0,0,6,6,2,11,0,0,6,9,0,0,0,9.6,2.7,-1.34,Dropout
1,9,2,171,1,11,185.9,1,28,19,7,4,122.2,1,0,0,1,1,0,19,0,0,6,7,6,11.19,0,0,6,8,5,16.03,0,11.2,0.9,-0.42,Graduate
1,7,5,9119,1,1,141.7,1,9,25,4,4,109.1,1,0,0,1,1,0,23,0,0,6,6,4,14.02,0,0,6,7,6,10.93,0,5.7,2.3,1.01,Enrolled
2,3,4,9500,1,13,140.2,1,6,23,4,1,187.6,0,0,1,0,0,1,23,0,0,6,9,0,0,0,0,6,8,2,11.69,0,9.6,2.7,1.08,Dropout
1,6,4,9238,1,2,135.3,1,2,26,6,3,150.5,0,0,0,1,0,1,20,0,0,6,7,6,15,0,0,6,9,5,15.31,0,4.4,2.3,-0.50,Enrolled
2,10,5,9254,1,15,186.6,1,18,23,1,3,151.3,1,0,1,1,0,0,21,0,0,6,9,3,12.87,0,0,6,7,0,0,0,9.8,3.3,1.87,Dropout
2,8,2,9070,1,12,147.8,1,10,7,1,12,160.5,1,0,0,1,1,0,20,0,0,6,8,6,12.75,0,0,6,7,6,15.52,0,8.8,1.2,-1.63,Graduate
1,4,5,9773,1,9,162.8,1,12,16,3,1,160.2,1,0,0,1,1,0,19,0,0,6,7,5,10.61,0,0,6,9,6,13.41,0,7.0,1.4,-1.58,Enrolled
1,10,1,9670,0,2,171.8,1,20,2,6,2,138.2,0,0,0,1,0,0,22,0,0,6,8,5,11.29,0,0,6,8,6,15.73,0,6.6,2.5,0.19,Graduate
1,9,3,9500,0,3,152.2,1,2,7,2,12,131.8,1,0,0,1,1,1,22,0,0,6,8,6,15.53,0,0,6,9,6,14.81,0,9.2,2.0,1.38,Enrolled
1,6,5,9119,0,7,173.7,1,9,25,3,3,170.9,0,0,1,1,0,0,18,0,0,6,8,5,13.53,0,0,6,6,6,14.74,0,3.7,0.9,-0.10,Enrolled
2,4,4,9254,1,13,180.6,1,14,16,4,8,137.5,1,0,1,1,0,0,20,0,0,6,7,2,12.8,0,0,6,6,1,11.66,0,6.9,0.8,-0.28,Dropout
2,12,4,9003,1,2,181.8,1,13,6,9,6,176.0,1,0,0,1,0,0,26,0,0,6,8,3,11.77,0,0,6,8,1,12.14,0,9.1,2.5,1.90,Dropout
1,10,5,9991,1,12,135.4,1,14,9,12,5,150.8,1,0,0,1,0,0,21,0,0,6,7,5,15.75,0,0,6,9,5,15.18,0,5.2,2.9,0.67,Enrolled
1,18,5,9147,1,3,138.3,1,27,15,4,2,100.2,0,0,0,1,0,1,23,0,0,6,8,4,15.03,0,0,6,9,6,14.92,0,11.6,1.1,2.04,Graduate
1,14,4,171,1,10,113.7,1,7,11,3,10,111.1,0,0,0,1,1,1,22,0,0,6,9,4,12.65,0,0,6,6,4,15.05,0,11.5,2.8,0.99,Graduate
1,5,5,9500,1,12,143.7,1,20,27,5,2,163.6,0,0,0,1,0,0,23,0,0,6,6,5,14.49,0,0,6,6,5,13.94,0,9.9,0.8,-0.88,Enrolled
1,10,5,9991,1,8,106.3,1,8,5,6,10,135.8,0,0,0,1,0,0,21,0,0,6,7,4,16.34,0,0,6,9,5,12.64,0,9.5,2.4,0.47,Enrolled
1,5,3,9254,1,7,168.4,1,25,21,12,9,149.1,0,0,0,1,1,1,18,0,0,6,7,6,10.08,0,0,6,7,4,16.33,0,9.7,0.5,0.71,Graduate
1,15,3,171,0,7,187.1,1,28,11,11,6,148.3,0,0,1,0,1,0,18,0,0,6,7,1,10.55,0,0,6,8,1,12.18,0,9.7,2.3,1.98,Dropout
1,18,4,9003,1,6,149.3,1,20,3,8,1,104.8,1,0,0,1,0,0,19,0,0,6,9,6,11.06,0,0,6,6,6,15.02,0,6.8,1.4,-0.25,Enrolled
1,17,1,9085,1,12,107.6,1,12,12,8,11,104.5,0,0,0,1,1,0,18,0,0,6,9,4,13.32,0,0,6,9,5,12.13,0,11.0,2.3,-0.32,Graduate
1,10,1,9500,1,10,188.0,1,4,11,2,7,141.2,0,0,0,1,0,1,19,0,0,6,6,5,15.87,0,0,6,9,6,15.71,0,5.4,1.6,1.80,Graduate
1,14,2,9991,1,13,108.5,1,26,13,5,6,178.8,0,0,1,0,0,0,26,0,0,6,6,0,0,0,0,6,6,0,0,0,4.6,1.8,-1.25,Dropout
1,16,1,9085,1,14,184.1,1,28,20,8,5,183.4,1,0,0,1,1,0,19,0,0,6,8,2,11.07,0,0,6,8,1,11.95,0,4.0,1.1,2.18,Dropout
2,8,3,9853,1,10,129.7,1,28,4,2,8,120.8,0,0,0,1,0,0,18,0,0,6,8,3,11.13,0,0,6,9,0,0,0,9.5,3.2,-0.76,Dropout
1,13,5,9500,1,15,151.7,1,19,21,8,2,117.7,1,0,1,0,0,0,23,0,0,6,7,1,12.04,0,0,6,7,1,11.96,0,5.6,1.3,1.05,Dropout
1,14,2,9670,1,1,179.3,1,2,9,6,12,155.3,1,0,0,1,1,0,21,0,0,6,9,4,15.35,0,0,6,8,4,11.12,0,5.9,1.2,-0.85,Graduate
2,13,1,171,1,10,138.6,1,13,9,3,12,106.2,0,0,0,1,1,0,21,0,0,6,6,5,16.79,0,0,6,6,6,13.15,0,10.5,0.7,1.21,Graduate
1,12,1,9147,1,3,108.5,1,10,13,8,3,156.7,0,0,0,1,0,1,21,0,0,6,7,4,12.25,0,0,6,6,6,16.72,0,7.7,2.4,2.19,Graduate
2,15,5,9238,1,6,125.1,1,5,8,1,1,159.9,0,0,0,1,0,0,22,0,0,6,7,4,16.48,0,0,6,6,4,15.38,0,10.3,1.9,-1.37,Graduate
1,13,2,9991,0,2,103.5,1,12,7,7,6,132.0,1,0,1,0,1,0,23,0,0,6,6,1,12.94,0,0,6,9,0,0,0,6.6,1.9,-1.40,Dropout
1,13,2,8014,1,10,142.0,1,29,4,12,12,151.9,0,0,0,1,1,0,18,0,0,6,9,6,13.39,0,0,6,7,4,14.63,0,8.1,2.1,-0.61,Graduate
1,16,2,9085,1,5,161.9,1,24,20,9,10,171.9,0,0,0,1,0,0,24,0,0,6,8,3,10.4,0,0,6,7,0,0,0,10.3,2.6,1.01,Dropout
1,11,4,9556,0,14,160.2,1,14,19,8,12,179.2,1,0,0,1,0,0,20,0,0,6,9,6,14.83,0,0,6,8,6,14.7,0,11.5,1.5,0.60,Graduate
1,1,2,9556,1,3,171.2,1,24,6,2,6,175.5,1,0,0,1,0,0,19,0,0,6,8,6,12.63,0,0,6,8,4,13.06,0,7.3,3.2,0.00,Graduate
1,5,5,171,1,3,139.8,1,8,22,7,8,158.3,0,0,0,1,0,0,18,0,0,6,7,6,13.71,0,0,6,6,6,11.96,0,4.9,2.7,1.60,Graduate
1,10,3,9556,1,11,180.3,1,29,7,8,1,183.9,1,0,0,1,0,0,20,0,0,6,6,4,14.7,0,0,6,6,6,10.8,0,3.8,0.4,1.87,Enrolled
1,17,6,9070,0,6,146.5,1,6,21,8,4,148.6,1,0,1,0,0,1,22,0,0,6,9,2,11.16,0,0,6,9,1,11.39,0,7.4,1.2,-0.48,Dropout
2,2,3,9070,1,15,129.6,1,7,8,10,8,161.6,0,0,0,1,1,0,18,0,0,6,6,6,12.26,0,0,6,7,6,10.05,0,3.9,0.5,-0.12,Enrolled
1,18,3,33,1,8,180.0,1,15,3,7,5,137.6,0,0,0,1,0,0,23,0,0,6,7,4,15.57,0,0,6,6,4,12.93,0,5.4,1.1,-1.18,Enrolled
1,2,3,9130,1,14,118.5,1,12,12,12,9,151.7,0,0,0,1,0,1,21,0,0,6,7,6,15.54,0,0,6,6,6,15.15,0,11.0,2.3,-0.52,Graduate
1,6,3,171,1,5,121.1,1,19,8,2,6,158.5,1,0,0,1,0,0,22,0,0,6,8,6,16.29,0,0,6,9,6,12.34,0,8.2,1.8,0.74,Enrolled
1,14,3,9254,0,5,117.8,1,5,9,11,6,143.6,0,0,0,1,1,0,22,0,0,6,8,6,15.02,0,0,6,9,6,16.84,0,8.8,1.1,0.22,Graduate
1,14,2,9070,1,4,187.2,1,20,24,5,5,180.5,1,0,0,1,1,0,19,0,0,6,6,6,12.93,0,0,6,7,4,12.61,0,11.6,3.1,1.85,Enrolled
1,1,2,8014,1,3,177.5,1,21,23,7,1,166.1,1,0,0,1,0,0,19,0,0,6,7,6,15.4,0,0,6,9,4,13.25,0,6.8,1.6,-1.45,Graduate
1,4,4,9119,1,6,152.4,1,13,14,9,2,114.9,1,0,1,1,0,1,23,0,0,6,6,5,10.26,0,0,6,6,4,13.08,0,4.9,3.3,-1.14,Graduate
1,17,3,9147,1,1,186.6,1,6,28,1,3,117.5,1,0,1,0,0,0,19,0,0,6,6,3,11.11,0,0,6,9,2,11.15,0,9.6,0.9,-0.98,Dropout
1,9,6,9254,0,9,136.3,1,29,14,10,7,175.4,0,0,0,1,0,1,23,0,0,6,9,5,14.09,0,0,6,8,4,13.46,0,5.2,1.8,-0.47,Graduate
2,8,1,9773,1,6,166.4,1,2,10,11,8,146.3,1,0,0,1,0,1,21,0,0,6,6,4,10.85,0,0,6,8,5,16.31,0,6.3,1.6,1.46,Graduate
1,7,6,9070,1,3,112.8,1,7,2,12,6,169.2,1,0,1,0,0,0,19,0,0,6,6,0,0,0,0,6,7,1,10.19,0,4.5,1.3,1.60,Dropout
1,5,6,9670,1,5,181.8,1,28,11,3,10,143.8,0,0,0,1,0,0,23,0,0,6,8,5,14.43,0,0,6,8,5,11.57,0,4.3,1.6,2.19,Enrolled
1,6,3,8014,1,1,140.7,1,16,7,1,11,136.2,1,0,0,1,1,0,21,0,0,6,7,0,0,0,0,6,9,1,12.72,0,7.6,1.0,1.75,Dropout
1,7,6,171,1,4,123.6,1,18,15,12,11,165.9,0,0,0,1,1,1,18,0,0,6,7,4,10.8,0,0,6,9,5,12.98,0,9.1,0.7,0.23,Graduate
1,6,2,9070,1,14,118.1,1,29,6,11,2,139.2,0,0,0,1,0,0,18,0,0,6,7,6,14.18,0,0,6,8,6,13.94,0,3.7,2.4,0.40,Graduate
1,5,1,9238,1,2,188.5,1,4,28,5,2,174.5,0,0,0,0,0,0,27,0,0,6,7,3,10.56,0,0,6,9,2,12.34,0,11.2,1.2,0.84,Dropout
2,6,4,9130,1,14,178.9,1,7,27,3,1,131.8,0,0,0,1,1,0,18,0,0,6,8,4,12.77,0,0,6,6,5,12.46,0,11.1,1.5,1.65,Graduate
2,16,2,9670,1,4,130.3,1,3,20,12,4,170.3,1,0,0,1,0,1,23,0,0,6,6,6,11.83,0,0,6,7,5,16.59,0,6.9,2.7,1.71,Graduate
1,10,1,9003,1,11,145.8,1,28,13,8,5,112.5,0,0,0,1,0,1,23,0,0,6,7,5,14.15,0,0,6,6,6,15.97,0,7.9,0.7,0.72,Graduate
1,5,1,9130,0,11,189.1,1,14,22,7,4,111.2,1,0,0,1,1,0,22,0,0,6,9,5,11.13,0,0,6,8,5,12.53,0,7.0,1.8,1.62,Graduate
2,11,1,9130,1,8,116.1,1,3,1,5,3,164.3,1,0,0,1,0,0,22,0,0,6,9,6,13.32,0,0,6,9,5,14.35,0,9.4,2.4,0.16,Graduate
1,9,1,9119,1,2,100.9,1,12,24,10,11,130.1,1,0,0,1,0,0,21,0,0,6,6,5,12.84,0,0,6,7,5,13.43,0,7.6,0.7,1.26,Graduate
1,3,1,9119,1,13,131.4,1,28,13,8,4,183.1,1,0,0,1,1,1,21,0,0,6,8,4,12.85,0,0,6,8,5,15.32,0,6.3,2.8,0.35,Enrolled
1,4,2,9119,0,3,166.5,1,20,2,5,1,128.3,1,0,0,1,0,0,19,0,0,6,7,5,11.94,0,0,6,8,5,13.19,0,9.5,1.1,-1.10,Graduate
1,14,6,8014,1,10,132.2,1,21,23,8,6,102.8,1,0,0,1,0,0,19,0,0,6,8,5,16.89,0,0,6,8,4,11.61,0,6.9,1.1,1.19,Graduate
1,17,2,9991,1,14,113.2,1,1,26,12,6,109.3,1,0,0,1,1,0,18,0,0,6,6,4,13.57,0,0,6,9,6,11.57,0,7.6,3.2,-0.79,Graduate
1,10,4,9500,1,12,131.0,1,5,19,10,5,120.5,0,0,1,1,1,0,22,0,0,6,9,6,16.46,0,0,6,7,4,13.7,0,4.5,1.0,0.97,Graduate
1,3,1,9070,1,3,140.5,1,25,7,8,6,116.7,1,0,1,0,1,0,24,0,0,6,7,1,10.2,0,0,6,8,2,10.73,0,6.3,1.0,-1.09,Dropout
2,9,3,9991,0,12,118.3,1,11,10,12,5,100.1,1,0,0,1,1,1,24,0,0,6,9,3,12.16,0,0,6,8,2,10.84,0,11.5,1.9,-0.82,Dropout
1,17,4,9991,1,11,113.1,1,5,13,11,5,147.8,1,0,0,1,0,0,20,0,0,6,9,6,10.41,0,0,6,8,4,15.89,0,4.5,0.7,-1.09,Graduate
1,13,1,9991,1,2,175.3,1,27,1,9,11,140.7,1,0,0,1,1,0,21,0,0,6,9,3,11.69,0,0,6,6,0,0,0,8.6,0.4,0.40,Dropout
1,7,4,171,1,12,162.7,1,17,6,9,8,118.0,1,0,0,1,1,0,19,0,0,6,7,5,10.82,0,0,6,9,5,16.36,0,6.5,1.0,-0.13,Graduate
1,10,3,9500,1,3,134.1,1,29,16,2,5,152.2,1,0,0,1,0,0,22,0,0,6,6,4,13.35,0,0,6,7,6,13.52,0,10.6,1.5,-0.90,Graduate
1,6,4,9238,1,6,118.6,1,3,14,11,10,150.9,1,0,0,1,1,0,20,0,0,6,9,5,15.73,0,0,6,8,4,10.39,0,5.6,3.0,2.06,Enrolled
1,4,6,9070,0,13,177.3,1,4,15,10,1,128.4,1,0,0,1,0,0,20,0,0,6,8,3,11.1,0,0,6,7,2,10.16,0,9.5,2.6,-1.33,Dropout
1,13,1,9500,1,9,186.6,1,28,28,3,11,186.5,1,0,0,1,0,0,20,0,0,6,6,5,11.01,0,0,6,8,5,12.1,0,8.3,0.9,-0.94,Graduate
1,11,1,33,1,14,157.8,1,5,18,8,11,172.8,0,0,0,1,0,0,23,0,0,6,8,4,14.37,0,0,6,6,4,14.77,0,8.3,1.0,0.11,Graduate
1,7,1,9238,1,11,160.3,1,7,19,5,7,158.8,1,0,0,1,0,1,21,0,0,6,6,6,15.33,0,0,6,7,6,14.83,0,9.5,2.2,1.02,Graduate
1,2,6,9085,1,12,161.0,1,27,6,3,1,107.3,0,0,0,1,1,0,21,0,0,6,8,5,11.27,0,0,6,8,5,11.73,0,6.3,0.5,-0.32,Graduate
1,5,3,9085,1,5,104.4,1,29,15,11,11,121.1,1,0,0,1,0,0,20,0,0,6,9,4,11.29,0,0,6,8,4,13.82,0,10.9,2.1,0.20,Graduate
1,5,6,9119,0,14,164.5,1,1,22,10,4,168.3,0,0,0,1,0,0,21,0,0,6,8,4,13.62,0,0,6,7,4,10.66,0,4.8,0.6,-1.45,Graduate
1,5,2,9119,1,10,106.7,1,2,13,11,8,188.4,0,0,0,1,0,0,21,0,0,6,8,4,16.76,0,0,6,8,5,16.83,0,4.6,1.1,-0.62,Enrolled
1,1,3,9853,1,13,118.6,1,18,8,7,11,110.1,0,0,0,1,1,0,22,0,0,6,8,5,16.71,0,0,6,9,4,15.82,0,5.9,2.4,-0.78,Graduate
1,10,6,9500,1,6,182.5,1,24,27,1,10,144.5,1,0,0,0,0,0,29,0,0,6,8,2,12.23,0,0,6,9,1,10.92,0,5.9,2.8,-0.02,Dropout
1,11,3,9119,1,14,114.1,1,3,18,6,10,142.1,1,0,0,1,0,1,19,0,0,6,7,5,13.49,0,0,6,9,4,10.77,0,9.7,1.9,-0.61,Graduate
2,1,6,9853,1,14,173.5,1,18,22,5,4,176.7,1,0,0,1,0,0,22,0,0,6,6,6,13.56,0,0,6,9,4,11.11,0,5.6,1.1,-1.56,Graduate
1,3,5,9670,1,3,126.9,1,14,1,2,9,102.3,1,0,0,1,1,0,20,0,0,6,6,6,11.94,0,0,6,6,5,11.22,0,8.5,3.2,0.04,Graduate
1,18,4,9070,1,12,153.0,1,17,14,7,10,154.2,1,0,0,1,0,0,22,0,0,6,6,6,10.2,0,0,6,7,4,14.53,0,4.9,0.6,0.64,Graduate
1,2,2,33,1,2,128.3,1,20,13,11,6,174.2,0,0,0,1,1,1,18,0,0,6,6,6,13.31,0,0,6,8,5,10.61,0,5.8,2.3,-1.65,Graduate
2,17,6,9500,1,11,146.3,1,12,20,12,1,136.1,1,0,0,1,0,0,21,0,0,6,6,5,13.94,0,0,6,8,4,16.13,0,4.0,2.2,1.62,Graduate
1,8,1,9556,1,2,174.2,1,27,13,7,5,122.8,0,0,0,1,1,0,22,0,0,6,9,5,10.08,0,0,6,7,6,10.04,0,7.3,0.6,-0.17,Graduate
2,7,6,9238,1,7,103.4,1,25,7,3,5,159.7,0,0,0,1,1,0,18,0,0,6,9,0,0,0,0,6,8,2,12.45,0,5.0,0.6,-0.77,Dropout
1,17,4,9085,1,3,115.8,1,8,20,7,1,138.3,1,0,1,1,0,0,28,0,0,6,7,2,12.72,0,0,6,8,0,0,0,10.2,2.0,0.69,Dropout
1,14,2,9119,1,10,153.5,1,14,2,5,4,132.5,1,0,0,1,0,0,23,0,0,6,9,4,12.29,0,0,6,9,4,10.21,0,5.3,2.1,-0.82,Enrolled
1,18,3,9085,1,4,105.7,1,23,26,9,4,100.3,1,0,0,1,1,0,23,0,0,6,9,6,16.56,0,0,6,6,5,14.2,0,9.1,1.3,1.25,Graduate
1,14,6,9773,1,11,131.7,1,23,8,7,4,173.3,1,0,1,1,0,0,23,0,0,6,7,1,12.72,0,0,6,9,2,12.18,0,5.0,1.4,2.08,Dropout
1,17,5,9070,1,10,120.3,1,5,19,12,8,146.7,1,0,0,1,0,0,23,0,0,6,6,5,13.73,0,0,6,6,6,16.76,0,8.7,1.4,2.24,Graduate
1,11,2,33,1,10,165.6,1,9,7,4,9,164.7,1,0,0,1,0,0,25,0,0,6,9,0,0,0,0,6,9,1,11.95,0,4.0,2.2,1.51,Dropout
1,1,5,9119,1,8,124.8,1,15,4,5,8,151.8,1,0,0,1,0,1,21,0,0,6,7,6,16.87,0,0,6,6,6,14.9,0,10.5,2.2,0.01,Graduate
1,5,4,9147,1,9,111.1,1,7,24,7,8,151.2,1,0,1,1,0,0,22,0,0,6,7,4,15.59,0,0,6,7,4,14.89,0,7.2,1.4,2.26,Graduate
1,1,6,9070,0,14,115.0,1,10,23,3,3,159.5,1,0,0,1,0,0,19,0,0,6,9,5,11.16,0,0,6,9,6,13.25,0,8.4,1.2,0.42,Graduate
1,16,2,9085,1,6,146.2,1,7,5,3,2,115.1,0,0,0,1,0,1,20,0,0,6,8,6,15.88,0,0,6,9,6,13.56,0,7.7,0.6,0.48,Graduate
1,4,6,9238,1,3,186.6,1,19,3,1,10,141.4,1,0,0,1,1,0,21,0,0,6,8,4,12.37,0,0,6,9,4,14.7,0,7.1,3.3,-1.62,Graduate
1,5,5,8014,1,10,171.4,1,20,25,7,5,156.2,0,1,0,1,0,0,20,0,0,6,6,6,10.81,0,0,6,6,5,16.39,0,9.0,1.7,-0.09,Graduate
1,7,4,9147,1,11,184.2,1,12,2,3,9,168.1,0,0,0,0,0,0,24,0,0,6,6,0,0,0,0,6,9,2,12.64,0,4.9,2.6,0.60,Dropout
1,6,3,9254,1,10,127.7,1,20,9,8,12,101.4,1,0,0,1,0,0,23,0,0,6,7,5,11.03,0,0,6,6,6,11.88,0,9.5,2.8,2.13,Graduate
1,10,4,9670,1,4,128.4,1,22,1,3,10,172.4,0,0,0,1,0,1,22,0,0,6,8,4,10.55,0,0,6,7,5,15.37,0,6.4,2.3,1.64,Enrolled
1,12,5,33,0,9,186.8,1,6,19,2,6,128.7,0,0,0,1,0,1,20,0,0,6,8,4,10.89,0,0,6,9,5,16.37,0,8.0,0.8,0.62,Graduate
1,11,1,171,0,2,140.9,1,18,3,4,8,129.1,0,0,1,0,1,0,29,0,0,6,7,3,12.57,0,0,6,7,0,0,0,11.4,3.0,1.59,Dropout
1,2,4,9130,1,6,102.8,1,24,23,1,3,166.8,1,0,1,1,1,1,27,0,0,6,8,1,10.83,0,0,6,6,1,11.67,0,10.7,2.6,1.93,Dropout
1,15,2,33,0,15,178.5,1,9,11,9,5,159.6,1,0,0,1,1,0,18,0,0,6,8,4,14.99,0,0,6,7,6,15.92,0,3.7,1.4,1.53,Enrolled
1,18,5,9130,0,14,137.0,1,19,8,8,1,173.8,0,0,0,1,0,0,18,0,0,6,9,5,14.24,0,0,6,8,5,15.07,0,4.8,1.6,-1.51,Graduate
1,18,6,9853,1,9,172.5,1,4,4,2,3,137.6,0,0,1,0,1,0,20,0,0,6,8,2,12.72,0,0,6,6,0,0,0,3.9,2.9,1.05,Dropout
1,11,4,9500,1,9,119.3,1,27,17,9,6,147.9,0,0,0,1,0,0,21,0,0,6,6,6,15.81,0,0,6,9,4,10.43,0,4.9,1.1,2.26,Graduate
1,3,4,9773,1,7,184.7,1,15,27,10,7,175.9,0,0,0,1,0,0,18,0,0,6,8,1,10.55,0,0,6,6,2,11.83,0,11.1,2.3,0.12,Dropout
1,12,5,8014,1,1,164.1,1,29,22,1,9,169.0,1,0,1,1,0,0,19,0,0,6,6,6,15.06,0,0,6,6,5,13.1,0,10.9,1.1,1.18,Graduate
1,11,2,9556,1,9,164.9,1,11,28,11,5,139.8,0,0,0,1,1,0,18,0,0,6,7,4,12.62,0,0,6,7,5,16.08,0,6.7,3.4,0.67,Graduate
1,12,6,171,1,14,150.7,1,20,23,1,3,124.0,0,0,0,1,1,0,19,0,0,6,9,6,10.99,0,0,6,8,4,15.46,0,8.6,0.5,1.64,Enrolled
1,16,2,171,1,8,118.0,1,26,18,9,3,131.5,0,0,0,1,1,0,21,0,0,6,6,4,14.33,0,0,6,7,5,13.4,0,8.0,0.8,2.10,Enrolled
1,6,5,9254,1,13,127.1,1,10,28,1,7,121.2,0,0,0,1,1,0,18,0,0,6,6,4,10.36,0,0,6,7,4,10.26,0,10.8,1.6,-1.67,Graduate
1,15,3,8014,1,9,121.3,1,28,13,1,11,147.7,0,0,0,1,0,0,23,0,0,6,6,6,13.37,0,0,6,9,5,10.1,0,10.3,1.2,0.41,Graduate
1,3,2,9003,1,2,137.0,1,17,24,3,10,180.0,0,0,1,1,0,0,27,0,0,6,9,1,10.61,0,0,6,6,1,12.99,0,11.1,3.0,1.41,Dropout
1,12,3,9130,0,10,161.4,1,16,23,8,12,146.7,1,0,0,1,0,0,23,0,0,6,7,5,10.52,0,0,6,6,5,16.39,0,7.1,3.2,-0.24,Graduate
1,6,3,9238,0,13,102.9,1,19,1,10,10,172.2,0,0,0,1,1,0,19,0,0,6,6,4,10.04,0,0,6,8,5,13.61,0,3.7,1.9,1.35,Graduate
1,14,6,9147,1,2,166.5,1,11,22,3,12,144.6,0,0,1,1,0,1,22,0,0,6,9,5,16.57,0,0,6,8,4,11.31,0,9.4,3.3,-1.52,Graduate
1,10,4,8014,0,12,141.1,1,15,5,8,11,116.1,0,0,0,1,1,0,19,0,0,6,7,6,10.53,0,0,6,8,5,10.63,0,4.3,0.5,0.25,Enrolled
1,13,4,33,1,2,182.8,1,20,11,10,3,174.1,1,0,1,1,1,0,24,0,0,6,6,2,10.48,0,0,6,9,0,0,0,4.9,1.8,0.33,Dropout
1,17,2,9670,1,12,152.2,1,8,9,4,1,106.5,0,0,1,0,1,0,23,0,0,6,6,0,0,0,0,6,9,0,0,0,5.2,0.5,-0.41,Dropout
1,16,3,9147,1,13,160.3,1,29,6,12,10,179.1,1,0,1,1,1,0,27,0,0,6,8,1,12.6,0,0,6,7,2,12.32,0,9.0,3.2,0.93,Dropout
1,15,4,9085,1,15,187.4,1,22,9,12,10,165.2,0,0,0,1,0,0,19,0,0,6,7,4,11.99,0,0,6,9,5,13.62,0,10.2,2.7,0.83,Enrolled
1,1,3,9991,1,6,186.8,1,25,11,7,3,103.5,1,0,1,0,0,0,19,0,0,6,7,2,10.88,0,0,6,8,2,12.6,0,5.5,3.3,1.36,Dropout
2,11,4,9085,1,15,110.0,1,20,1,5,12,188.2,0,0,0,1,1,0,19,0,0,6,9,4,15.76,0,0,6,9,4,14.64,0,8.6,2.9,-0.69,Graduate
1,4,4,9147,0,15,106.0,1,20,28,8,3,132.4,1,0,0,1,0,0,23,0,0,6,9,6,13.97,0,0,6,7,4,16.75,0,7.0,3.3,-0.22,Graduate
1,6,3,9130,1,8,136.9,1,22,22,3,6,168.0,1,0,0,1,1,1,18,0,0,6,9,5,16.89,0,0,6,8,6,12.95,0,7.5,0.8,-1.46,Enrolled
2,4,3,9773,1,10,169.8,1,11,15,9,9,150.9,0,0,1,1,0,0,20,0,0,6,9,0,0,0,0,6,6,2,11.42,0,10.3,1.7,-0.69,Dropout
2,11,1,9773,0,6,149.0,1,20,28,9,12,165.1,0,0,0,1,1,1,23,0,0,6,7,6,11.06,0,0,6,9,4,15.27,0,4.9,0.6,2.01,Enrolled
1,16,1,171,1,11,178.7,1,3,20,4,5,104.1,1,0,0,1,1,1,23,0,0,6,6,4,16.83,0,0,6,9,5,16.07,0,3.7,2.9,0.73,Graduate
1,5,2,33,1,5,105.1,1,28,15,8,6,179.5,1,0,0,1,0,0,20,0,0,6,9,5,15.52,0,0,6,6,5,15.61,0,8.8,2.6,1.63,Graduate
1,4,2,33,0,4,176.7,1,2,13,12,5,169.0,0,0,0,1,0,0,19,0,0,6,7,5,14.49,0,0,6,9,4,11.81,0,4.2,1.2,0.92,Graduate
1,8,6,9670,1,8,108.4,1,2,2,11,10,117.5,1,0,0,1,0,0,19,0,0,6,9,5,13.69,0,0,6,8,5,16.19,0,5.9,0.5,-1.19,Graduate
1,18,6,9147,1,15,169.8,1,6,27,11,4,150.2,1,0,0,1,0,0,23,0,0,6,6,5,13.89,0,0,6,6,5,15.61,0,11.3,2.1,0.57,Graduate
1,16,6,9991,1,11,129.4,1,17,29,12,2,141.0,0,0,0,1,1,0,18,0,0,6,8,5,10.21,0,0,6,6,4,15.4,0,9.0,2.4,0.12,Enrolled
1,16,6,9853,1,13,175.4,1,4,12,12,7,115.5,0,0,0,1,1,0,21,0,0,6,7,4,15.75,0,0,6,6,6,14.48,0,7.4,2.3,0.03,Graduate
1,2,2,9070,1,13,112.9,1,3,6,1,12,126.0,1,0,0,1,0,0,22,0,0,6,6,5,12.33,0,0,6,8,4,15.46,0,4.5,1.2,1.48,Graduate
1,5,5,9147,1,2,189.3,1,5,14,6,2,120.1,1,0,0,1,0,0,22,0,0,6,8,0,0,0,0,6,7,1,11.57,0,10.3,2.1,-0.23,Dropout
1,14,6,9991,1,4,138.4,1,17,14,6,9,106.6,0,0,1,0,0,0,29,0,0,6,9,0,0,0,0,6,9,0,0,0,6.5,0.7,0.57,Dropout
1,13,1,9991,1,3,156.5,1,18,10,4,11,148.9,0,0,0,1,0,1,23,0,0,6,9,5,16.95,0,0,6,6,4,16.5,0,11.3,2.0,0.41,Enrolled
1,8,2,9556,1,15,143.4,1,27,8,9,4,182.2,0,0,0,1,0,0,20,0,0,6,8,6,10.46,0,0,6,7,5,13.16,0,8.7,2.2,1.62,Graduate
1,8,5,9853,1,7,188.7,1,7,8,10,2,176.3,1,0,1,1,0,0,18,0,0,6,8,2,12.32,0,0,6,6,0,0,0,6.4,1.5,2.13,Dropout
1,7,1,9853,1,9,176.9,1,26,26,9,6,152.0,1,0,1,0,0,0,25,0,0,6,7,2,11.66,0,0,6,9,0,0,0,5.5,1.1,1.45,Dropout
1,1,2,9119,1,13,130.1,1,5,1,1,11,147.8,0,0,0,1,1,0,22,0,0,6,8,4,16.58,0,0,6,7,5,16.07,0,10.4,3.1,1.92,Graduate
2,10,3,9991,1,9,128.3,1,12,3,1,11,104.0,1,0,0,1,1,0,22,0,0,6,6,3,12.74,0,0,6,7,0,0,0,10.1,2.2,-0.87,Dropout
1,16,2,9003,1,3,141.5,1,25,27,4,3,139.8,1,0,0,1,0,0,18,0,0,6,8,5,11.22,0,0,6,9,4,14.59,0,4.1,3.2,1.97,Graduate
1,17,2,9085,1,2,188.0,1,15,20,9,3,122.7,0,0,0,1,0,1,21,0,0,6,8,4,15.43,0,0,6,7,6,14.55,0,4.9,0.5,-1.02,Enrolled
1,2,1,9670,1,6,113.1,1,9,8,3,9,103.3,1,1,0,1,1,0,19,0,0,6,9,5,11.42,0,0,6,6,6,12.73,0,9.0,1.2,2.17,Enrolled
1,13,1,33,1,4,146.2,1,4,9,1,1,134.8,0,0,0,1,1,0,19,0,0,6,7,6,13.07,0,0,6,8,4,13.72,0,9.2,0.4,0.60,Graduate
1,11,2,33,1,3,153.5,1,4,28,10,2,157.3,1,0,0,1,0,0,20,0,0,6,7,4,11.97,0,0,6,9,6,12.96,0,4.2,2.1,-0.28,Graduate
1,12,2,8014,0,9,166.4,1,10,29,2,2,135.1,1,0,1,1,0,0,19,0,0,6,6,1,10.85,0,0,6,6,1,10.94,0,5.5,2.5,-1.14,Dropout
1,17,6,9070,1,15,129.8,1,23,23,2,5,125.7,0,0,1,0,0,0,24,0,0,6,9,2,12.58,0,0,6,6,2,12.09,0,8.8,2.2,-1.57,Dropout
1,8,2,9085,1,5,175.3,1,22,8,7,12,149.3,1,0,0,1,0,0,21,0,0,6,8,4,11.5,0,0,6,9,6,12.95,0,9.3,1.6,-1.11,Graduate
1,6,6,9070,1,14,108.2,1,27,14,12,7,160.9,1,0,1,1,0,0,22,0,0,6,8,4,12.58,0,0,6,7,4,16.83,0,11.6,3.3,-0.20,Graduate
2,8,6,9147,1,13,101.9,1,8,19,1,2,101.0,1,0,0,1,0,1,22,0,0,6,6,6,12.48,0,0,6,7,6,10.42,0,9.9,1.6,-0.13,Graduate
1,17,4,9773,1,6,184.3,1,27,29,11,4,169.6,0,0,0,1,0,0,20,0,0,6,6,5,16.61,0,0,6,7,5,16.36,0,10.7,0.7,0.79,Graduate
1,18,2,9238,1,3,179.2,1,29,8,1,11,113.5,1,0,1,1,1,0,28,0,0,6,7,0,0,0,0,6,7,1,12.98,0,4.3,0.9,2.06,Dropout
2,4,4,171,1,13,117.4,1,23,2,8,12,145.0,0,0,1,1,0,0,18,0,0,6,8,5,12.22,0,0,6,6,4,14.34,0,4.6,2.9,1.69,Graduate
1,8,5,9130,1,3,135.6,1,15,7,12,3,173.7,0,0,0,1,0,1,19,0,0,6,8,4,14.78,0,0,6,8,5,16.64,0,6.4,2.4,-0.73,Graduate
1,17,6,33,1,6,147.8,1,21,12,4,10,117.4,0,0,0,1,0,0,21,0,0,6,9,5,11.84,0,0,6,6,4,13.9,0,5.3,1.5,0.83,Graduate
1,13,3,9147,0,9,153.5,1,22,15,7,3,189.6,0,0,0,1,0,1,22,0,0,6,9,4,13.16,0,0,6,7,4,12.43,0,9.0,2.5,-1.43,Graduate
1,13,3,33,0,13,116.5,1,26,27,7,1,172.3,1,0,0,1,0,0,21,0,0,6,7,5,13.28,0,0,6,8,5,15.11,0,8.0,2.4,0.62,Enrolled
1,16,2,9773,1,13,103.5,1,27,20,10,4,125.3,1,0,0,1,1,0,20,0,0,6,7,5,12.98,0,0,6,8,5,13.53,0,6.6,0.6,1.81,Graduate
2,17,6,9003,1,9,180.3,1,10,20,2,6,111.0,1,0,1,1,0,0,20,0,0,6,6,0,0,0,0,6,7,2,10.9,0,10.5,1.9,1.90,Dropout
1,6,6,9238,1,2,165.9,1,22,17,12,2,171.3,0,0,0,1,1,0,20,0,0,6,6,4,11.81,0,0,6,6,6,12.5,0,10.2,2.3,-1.01,Graduate
1,14,6,9003,1,8,151.5,1,27,25,7,7,186.1,1,0,0,1,0,1,20,0,0,6,6,4,11.71,0,0,6,9,4,16.06,0,6.9,1.4,1.18,Graduate
1,10,6,9670,1,15,181.0,1,20,1,3,6,108.3,1,0,1,1,0,0,24,0,0,6,8,3,12.36,0,0,6,9,1,12.33,0,4.1,3.0,0.75,Dropout
1,2,5,8014,1,13,134.8,1,19,19,5,9,134.0,0,0,1,0,0,1,28,0,0,6,9,0,0,0,0,6,8,2,12.65,0,6.3,2.6,1.11,Dropout
1,4,6,9085,1,3,182.0,1,23,24,4,7,172.7,0,0,0,1,1,0,20,0,0,6,6,5,10.25,0,0,6,6,6,15.51,0,11.5,2.7,1.12,Enrolled
1,7,3,9085,1,3,108.0,1,26,7,12,6,183.6,1,0,0,1,0,0,19,0,0,6,7,3,11.04,0,0,6,6,1,10.56,0,8.8,0.9,-1.45,Dropout
1,2,3,9085,1,14,110.8,1,16,9,6,9,148.2,1,0,0,1,0,0,21,0,0,6,6,6,12.82,0,0,6,6,4,12.93,0,6.4,2.0,-0.99,Graduate
1,9,6,171,0,10,144.6,1,15,24,12,7,189.7,1,1,0,0,1,0,23,0,0,6,7,0,0,0,0,6,7,1,10.45,0,4.9,0.9,-0.08,Dropout
1,1,3,171,0,15,159.8,1,13,26,12,3,119.3,1,0,0,1,1,0,23,0,0,6,6,6,10.35,0,0,6,8,6,14.24,0,6.5,1.7,-1.04,Graduate
1,2,6,171,1,11,106.2,1,14,7,11,4,177.2,1,0,1,1,0,0,22,0,0,6,7,6,16.13,0,0,6,6,5,14.97,0,7.0,1.3,-1.56,Graduate
1,14,1,9147,1,12,185.7,1,26,4,12,12,186.8,1,0,0,1,0,0,21,0,0,6,8,4,15.18,0,0,6,8,5,12.34,0,6.3,2.8,-1.62,Graduate
1,13,4,9670,1,11,162.8,1,8,25,2,2,111.4,1,0,0,1,1,0,22,0,0,6,7,5,12.33,0,0,6,6,6,14.5,0,6.2,1.2,-1.23,Graduate
1,5,4,9085,1,8,164.2,1,9,1,9,3,189.2,1,1,1,1,0,0,24,0,0,6,6,3,10.08,0,0,6,7,2,10.62,0,10.9,3.3,-0.44,Dropout
1,5,2,9556,1,10,112.3,1,21,25,4,5,133.5,1,0,0,1,1,0,19,0,0,6,6,4,14.56,0,0,6,9,5,15.16,0,5.8,3.0,-1.29,Graduate
1,18,4,9853,1,9,119.3,1,8,14,6,8,126.3,0,0,0,1,1,0,25,0,0,6,9,0,0,0,0,6,9,1,11.18,0,6.9,2.6,0.74,Dropout
2,13,5,9003,1,15,182.6,1,18,2,3,5,179.0,1,0,1,1,0,0,20,0,0,6,6,3,11.43,0,0,6,8,2,10.15,0,9.0,2.0,-0.16,Dropout
1,10,6,9130,0,14,125.2,1,6,28,2,9,186.9,0,0,0,1,0,0,21,0,0,6,6,4,11.51,0,0,6,7,4,10.16,0,9.0,1.0,-0.44,Enrolled
2,15,3,9130,1,1,111.9,1,13,9,9,7,165.8,0,0,0,1,0,0,21,0,0,6,6,6,11.8,0,0,6,9,5,10.85,0,7.7,1.7,-0.30,Enrolled
1,6,3,9003,0,14,143.6,1,15,7,12,11,153.6,1,1,0,1,1,0,22,0,0,6,8,6,12.69,0,0,6,7,4,11.65,0,10.8,2.1,1.35,Graduate
1,5,5,33,1,15,169.8,1,17,13,1,11,139.6,0,0,0,1,1,0,29,0,0,6,7,0,0,0,0,6,8,1,11.83,0,4.0,1.4,0.13,Dropout
1,13,3,9003,1,9,167.7,1,19,4,7,10,168.0,1,0,1,1,0,0,23,0,0,6,8,2,10.17,0,0,6,6,1,10.73,0,10.3,0.5,-0.40,Dropout
1,12,4,9130,0,14,120.2,1,4,22,10,10,116.4,0,0,0,1,0,0,20,0,0,6,6,6,15.02,0,0,6,9,4,13.68,0,9.2,0.9,0.97,Graduate
1,1,5,9003,1,9,157.9,1,13,1,1,12,155.9,0,0,0,1,0,0,21,0,0,6,8,6,13.91,0,0,6,9,6,11.06,0,7.6,1.6,0.70,Graduate
1,17,2,9773,1,1,102.3,1,29,5,8,1,173.2,0,0,0,1,1,1,20,0,0,6,9,5,11.48,0,0,6,7,4,16.17,0,11.3,0.7,-0.39,Graduate
1,14,4,9254,1,3,165.6,1,10,17,12,8,147.9,0,0,0,1,0,0,23,0,0,6,6,6,11.94,0,0,6,7,6,11.43,0,4.3,1.0,-0.61,Graduate
1,12,5,9238,1,4,128.5,1,17,3,3,2,129.3,0,0,0,1,0,0,20,0,0,6,8,6,12.57,0,0,6,7,6,14.89,0,7.0,0.9,2.25,Graduate
1,7,3,9991,1,11,181.3,1,24,25,4,11,157.7,1,0,0,1,0,1,20,0,0,6,8,5,14.98,0,0,6,7,4,13.92,0,4.5,1.8,-1.23,Graduate
1,17,4,9254,1,9,144.5,1,1,4,4,5,182.4,1,0,0,1,1,0,23,0,0,6,6,4,11.53,0,0,6,6,4,13.13,0,4.6,1.4,-1.25,Enrolled
1,17,5,9254,1,12,159.1,1,7,10,8,6,142.6,0,0,0,0,1,0,18,0,0,6,6,2,11.53,0,0,6,7,0,0,0,6.1,2.1,2.19,Dropout
1,4,6,9119,1,7,175.2,1,1,10,7,10,130.0,1,0,0,1,1,0,20,0,0,6,9,6,16.18,0,0,6,7,6,11.68,0,7.8,2.6,1.60,Graduate
1,1,4,171,1,7,172.8,1,8,3,11,2,155.4,1,0,1,1,1,0,23,0,0,6,6,3,10.26,0,0,6,9,2,11.9,0,9.3,2.6,1.88,Dropout
1,14,1,8014,1,8,132.9,1,19,18,1,7,148.7,1,0,1,1,1,0,28,0,0,6,7,0,0,0,0,6,8,0,0,0,4.5,0.6,2.24,Dropout
2,12,5,9254,0,3,157.9,1,6,15,6,8,163.5,1,0,0,1,0,0,22,0,0,6,9,5,15.71,0,0,6,9,5,13.03,0,4.4,2.8,0.27,Graduate
1,15,5,9003,1,7,167.9,1,18,21,12,2,148.4,1,0,1,1,1,0,21,0,0,6,8,0,0,0,0,6,6,0,0,0,4.2,1.8,0.06,Dropout
1,17,1,9254,1,14,115.6,1,28,29,9,7,175.4,0,0,1,0,0,1,25,0,0,6,7,2,10.02,0,0,6,8,2,10.65,0,5.1,1.1,-0.13,Dropout
1,6,4,9853,1,15,101.8,1,20,20,5,6,177.6,1,0,0,1,0,1,20,0,0,6,7,6,11.67,0,0,6,9,4,12.24,0,7.6,3.1,0.59,Graduate
2,3,5,9500,0,12,127.8,1,19,28,10,6,120.5,0,0,0,0,0,0,19,0,0,6,6,0,0,0,0,6,7,2,11.43,0,10.9,3.1,-0.50,Dropout
1,8,4,9991,0,9,122.8,1,22,8,1,7,122.2,1,0,0,1,0,0,21,0,0,6,9,4,15.99,0,0,6,8,4,13.4,0,5.0,2.9,-1.38,Enrolled
1,13,4,9670,1,6,134.7,1,10,10,11,3,106.0,0,0,0,1,1,0,19,0,0,6,9,6,13.72,0,0,6,8,4,16.93,0,10.7,1.7,0.18,Graduate
1,7,4,9238,1,8,170.9,1,26,23,8,4,158.0,0,0,1,1,0,1,22,0,0,6,8,1,10.21,0,0,6,9,2,11.96,0,9.6,0.7,-0.91,Dropout
1,11,5,9238,1,9,128.0,1,19,9,8,10,105.8,1,1,0,0,1,0,19,0,0,6,6,2,10.47,0,0,6,8,0,0,0,6.5,2.5,-0.52,Dropout
1,5,5,9556,1,12,138.9,1,15,8,8,9,156.6,1,0,0,1,0,0,20,0,0,6,7,5,13.69,0,0,6,8,6,16.72,0,11.2,2.1,1.42,Graduate
1,13,6,9773,1,4,170.1,1,11,16,6,5,187.6,0,0,0,1,0,0,23,0,0,6,6,5,12.84,0,0,6,8,4,12.95,0,7.4,1.6,1.97,Graduate
1,6,6,9070,1,1,170.2,1,24,17,9,9,119.9,1,0,0,1,0,0,23,0,0,6,6,6,10.5,0,0,6,8,4,14.54,0,8.2,2.8,-0.86,Graduate
1,14,2,9853,1,13,131.6,1,15,15,10,10,127.2,1,0,0,1,1,0,21,0,0,6,8,6,13.39,0,0,6,9,6,13.25,0,10.4,2.4,2.19,Graduate
1,3,2,9119,1,12,154.9,1,16,14,3,7,175.3,0,0,0,1,1,1,21,0,0,6,9,4,15.02,0,0,6,8,5,14.91,0,9.7,1.2,-1.17,Graduate
1,6,1,9670,1,13,125.0,1,8,27,7,1,120.7,1,0,0,1,0,1,22,0,0,6,7,4,15.94,0,0,6,8,6,12.19,0,4.9,0.9,2.10,Enrolled
1,13,1,9147,1,3,108.5,1,12,9,5,2,132.5,1,0,0,1,0,0,23,0,0,6,8,5,14.08,0,0,6,6,4,13.62,0,7.6,3.1,-0.19,Graduate
1,10,2,9556,1,13,169.7,1,21,10,3,10,124.3,0,0,1,0,0,1,25,0,0,6,9,2,10.1,0,0,6,8,1,12.02,0,6.4,1.8,0.63,Dropout
1,10,6,9070,0,9,124.4,1,13,20,7,1,122.1,1,0,0,1,0,0,20,0,0,6,9,6,12.06,0,0,6,8,4,14.67,0,7.3,1.0,1.34,Graduate
1,17,4,8014,1,11,168.9,1,12,18,11,12,129.0,1,0,0,1,0,0,18,0,0,6,7,4,16.05,0,0,6,6,4,15.35,0,5.7,3.4,2.28,Enrolled
2,9,5,9991,1,1,115.0,1,15,17,10,9,120.9,1,0,1,1,0,0,21,0,0,6,7,2,11.45,0,0,6,8,0,0,0,6.2,2.9,0.95,Dropout
1,11,1,9003,1,1,188.3,1,27,13,1,12,119.7,1,0,0,1,0,1,21,0,0,6,6,6,13.85,0,0,6,6,5,10.9,0,9.6,2.0,-0.62,Enrolled
1,12,1,9130,1,10,156.7,1,14,27,5,11,142.0,0,0,0,1,1,0,21,0,0,6,6,4,13.32,0,0,6,9,6,15.04,0,7.1,0.6,0.74,Graduate
1,2,1,9130,1,7,124.4,1,14,9,12,5,129.5,1,0,0,1,1,0,22,0,0,6,7,5,16.9,0,0,6,6,5,10.31,0,11.5,2.9,-0.72,Graduate
1,15,1,9254,1,14,166.3,1,6,19,5,6,155.7,1,0,1,0,0,0,24,0,0,6,6,1,11.9,0,0,6,9,1,12.57,0,10.8,1.2,-1.66,Dropout
1,18,3,8014,1,3,106.8,1,6,29,5,10,101.2,0,0,0,0,1,1,29,0,0,6,9,2,10.56,0,0,6,9,0,0,0,10.8,2.8,1.19,Dropout
1,8,1,171,0,15,178.6,1,22,12,11,8,116.2,1,0,0,0,0,0,23,0,0,6,9,2,10.58,0,0,6,8,0,0,0,9.5,3.4,-1.31,Dropout
1,4,2,9070,1,13,107.4,1,21,10,1,12,184.8,1,0,1,1,0,0,18,0,0,6,8,5,13.68,0,0,6,6,6,13.11,0,7.5,2.9,1.89,Enrolled
2,13,1,9853,0,7,126.5,1,12,11,7,9,173.1,1,0,0,1,0,0,22,0,0,6,8,5,11.26,0,0,6,6,5,16.22,0,6.8,1.5,-0.36,Graduate
2,15,3,9853,1,13,129.6,1,5,25,11,8,159.3,0,0,0,1,1,0,20,0,0,6,9,2,10.07,0,0,6,6,2,12.53,0,4.1,2.3,1.34,Dropout
1,1,4,9556,1,12,112.3,1,27,14,2,9,110.4,0,0,0,1,0,0,21,0,0,6,9,6,14.59,0,0,6,9,5,14.43,0,9.4,1.0,-0.42,Enrolled
1,11,3,9130,1,1,184.8,1,25,28,11,1,157.5,1,0,0,1,0,0,23,0,0,6,7,0,0,0,0,6,6,2,11.48,0,8.7,3.1,0.84,Dropout
1,4,4,9254,0,15,156.9,1,24,25,10,6,184.8,0,0,0,1,0,0,22,0,0,6,8,5,15.14,0,0,6,9,6,14.87,0,11.5,2.1,1.37,Graduate
1,3,6,9119,1,3,148.4,1,13,18,12,11,144.4,0,0,0,1,1,1,20,0,0,6,6,6,10.84,0,0,6,7,5,10.21,0,4.6,3.3,-0.62,Graduate
1,1,6,9853,1,5,155.4,1,15,7,10,5,188.1,1,0,0,1,0,0,20,0,0,6,7,4,12.7,0,0,6,9,4,14.88,0,4.7,1.0,-1.45,Graduate
1,15,3,9003,0,13,129.2,1,22,19,10,9,149.9,0,0,1,1,0,1,29,0,0,6,6,2,11.31,0,0,6,6,2,12.21,0,6.9,1.8,1.46,Dropout
1,15,3,9853,1,10,181.8,1,16,15,7,6,127.2,1,0,1,1,0,1,20,0,0,6,9,4,15.65,0,0,6,9,4,11.19,0,8.8,1.7,-0.56,Graduate
1,2,1,9991,0,12,159.2,1,15,16,8,6,183.0,1,0,1,1,0,0,21,0,0,6,7,0,0,0,0,6,8,1,11.38,0,9.5,2.4,2.10,Dropout
1,13,3,9991,0,4,170.5,1,5,12,10,9,150.0,1,0,0,1,0,0,21,0,0,6,8,6,16.77,0,0,6,6,5,11.5,0,10.1,2.2,-0.16,Graduate
1,9,6,9556,1,11,183.2,1,15,14,3,7,120.7,0,0,1,1,1,0,28,0,0,6,8,1,11.63,0,0,6,6,2,12.76,0,7.2,1.7,-0.49,Dropout
1,3,1,9670,1,10,151.1,1,19,17,3,8,115.2,0,0,1,1,1,1,29,0,0,6,8,3,12.23,0,0,6,8,2,12.5,0,8.1,1.9,2.20,Dropout
1,6,2,9003,1,9,172.1,1,11,23,8,6,170.3,0,0,0,1,1,1,18,0,0,6,8,5,10.92,0,0,6,6,4,16.93,0,7.2,0.5,0.85,Graduate
1,7,4,9238,1,11,160.0,1,21,22,4,3,149.6,1,0,1,1,1,0,20,0,0,6,7,2,10.76,0,0,6,9,1,10.54,0,6.8,3.2,0.89,Dropout
1,16,1,9130,1,5,121.2,1,9,2,11,7,179.8,0,0,1,0,0,0,21,0,0,6,7,3,10.91,0,0,6,9,1,12.25,0,9.2,0.8,0.83,Dropout
1,4,2,33,1,5,148.2,1,14,16,6,3,109.2,1,0,0,1,0,0,23,0,0,6,8,5,12.22,0,0,6,7,4,12.1,0,3.6,2.7,1.93,Enrolled
1,2,2,9085,1,12,129.7,1,9,5,11,5,183.2,1,0,0,1,0,0,18,0,0,6,7,4,13.53,0,0,6,7,5,15.82,0,5.5,0.5,-0.45,Graduate
1,10,4,9119,1,4,179.0,1,17,28,4,1,103.5,0,0,1,1,0,0,22,0,0,6,9,6,12.44,0,0,6,8,6,14.51,0,5.2,1.5,2.01,Graduate
1,16,4,9070,0,9,174.4,1,12,12,12,4,156.4,1,0,0,1,1,0,23,0,0,6,6,5,15.17,0,0,6,7,6,10.75,0,10.4,3.0,1.01,Enrolled
1,3,6,9500,1,7,177.7,1,3,13,8,11,109.4,1,0,0,1,1,0,22,0,0,6,9,6,15.31,0,0,6,8,6,11.96,0,10.5,2.8,1.64,Enrolled
2,16,2,8014,0,11,140.1,1,12,20,1,6,100.1,1,0,0,1,0,1,18,0,0,6,9,4,11.78,0,0,6,7,5,14.02,0,4.1,0.6,1.19,Graduate
1,10,1,9556,1,2,126.6,1,25,7,9,9,156.8,1,0,0,1,1,1,19,0,0,6,9,4,11.58,0,0,6,6,6,10.25,0,8.3,1.5,1.87,Enrolled
1,5,3,9991,1,10,172.8,1,18,23,10,10,152.8,0,0,0,1,0,0,21,0,0,6,6,4,16.89,0,0,6,6,4,14.37,0,7.9,2.2,-0.37,Enrolled
1,3,2,9500,1,8,114.6,1,27,12,12,7,147.6,1,0,0,1,1,1,23,0,0,6,7,6,11.36,0,0,6,8,4,13.6,0,3.8,1.1,-1.27,Graduate
1,14,1,9556,1,5,181.9,1,24,6,12,8,107.0,0,0,0,1,0,1,18,0,0,6,8,5,10.17,0,0,6,7,4,11.93,0,10.1,1.0,1.85,Graduate
1,11,3,33,1,8,110.3,1,15,5,10,5,131.7,1,0,0,1,0,0,18,0,0,6,6,5,11.81,0,0,6,8,4,11.49,0,8.8,2.1,0.59,Graduate
1,9,3,9147,1,13,118.3,1,1,13,8,10,120.9,1,0,0,1,0,0,18,0,0,6,8,4,10.35,0,0,6,6,5,16.49,0,9.5,2.9,1.72,Graduate
1,2,3,9085,1,4,141.8,1,15,25,6,6,175.5,0,0,0,1,1,0,20,0,0,6,7,4,12.2,0,0,6,7,4,10.84,0,11.3,2.4,-0.85,Enrolled
1,9,2,9670,0,9,163.4,1,13,27,9,8,153.0,0,0,0,1,1,0,21,0,0,6,6,5,14.01,0,0,6,6,5,15.28,0,6.1,1.7,0.65,Enrolled
1,2,6,9238,1,1,104.6,1,8,22,11,9,128.3,0,0,0,1,0,0,25,0,0,6,7,1,10.53,0,0,6,9,2,11.96,0,9.8,1.1,1.98,Dropout
1,8,2,9254,1,6,103.4,1,10,15,12,2,100.5,0,0,0,1,1,1,21,0,0,6,8,5,13.98,0,0,6,8,5,10,0,7.1,3.2,2.10,Graduate
1,17,6,9147,1,14,158.4,1,5,12,12,9,142.2,0,0,0,1,0,1,23,0,0,6,9,5,11.54,0,0,6,6,6,15.32,0,7.3,1.0,-1.21,Graduate
1,15,1,171,1,10,147.2,1,6,10,5,2,110.4,0,0,0,1,0,0,22,0,0,6,7,4,14.88,0,0,6,7,5,12.1,0,11.5,2.3,-0.88,Graduate
1,5,3,9670,1,11,166.6,1,23,9,5,3,154.8,1,0,0,1,0,1,19,0,0,6,9,5,13.36,0,0,6,6,5,11.89,0,7.4,3.0,0.04,Graduate
1,12,5,9085,1,2,145.7,1,4,6,5,5,156.9,1,0,1,0,0,0,24,0,0,6,6,1,10.55,0,0,6,7,1,11.28,0,8.9,2.8,-0.38,Dropout
1,8,1,8014,1,10,177.0,1,8,23,4,9,117.2,0,0,0,1,1,1,20,0,0,6,6,5,15.85,0,0,6,8,4,13.94,0,7.8,1.0,-0.94,Graduate
1,10,1,9853,1,12,100.4,1,27,3,3,4,185.9,0,0,1,1,0,0,18,0,0,6,9,1,11.37,0,0,6,6,1,10.32,0,7.0,1.0,0.97,Dropout
1,10,1,33,1,11,178.2,1,25,29,5,8,150.9,1,0,1,1,0,0,20,0,0,6,7,1,12.76,0,0,6,8,2,11.43,0,4.0,0.9,1.73,Dropout
1,1,5,9130,1,6,110.8,1,11,20,5,8,141.2,1,0,0,1,1,1,18,0,0,6,6,4,11.46,0,0,6,9,4,14.12,0,9.4,2.0,1.11,Graduate
1,11,2,9500,1,3,183.1,1,14,17,8,12,107.2,0,0,0,1,0,0,23,0,0,6,9,6,12.43,0,0,6,7,6,12.39,0,7.0,1.0,1.49,Graduate
1,17,1,9003,1,5,144.1,1,7,27,1,11,161.8,1,0,0,1,0,0,21,0,0,6,7,5,14.75,0,0,6,9,6,16.76,0,3.8,3.0,1.67,Graduate
1,2,2,9556,1,12,130.8,1,27,18,9,2,101.2,1,0,0,1,0,0,18,0,0,6,7,6,13.95,0,0,6,8,6,13.59,0,5.9,2.9,0.21,Graduate
1,10,2,171,1,14,112.3,1,2,11,3,4,139.1,1,0,0,1,0,1,19,0,0,6,6,6,13.63,0,0,6,8,5,15.54,0,6.6,0.7,-0.27,Enrolled
1,13,1,9119,1,12,170.2,1,28,17,11,6,130.6,1,0,0,1,1,0,20,0,0,6,6,5,15.36,0,0,6,8,6,10.93,0,11.0,2.8,0.16,Graduate
1,17,1,9147,1,10,157.6,1,13,14,10,2,144.7,0,0,0,1,0,0,18,0,0,6,7,5,16.22,0,0,6,9,6,16.89,0,10.5,2.6,0.99,Graduate
1,7,3,9238,0,9,171.8,1,1,15,2,12,144.1,1,0,0,1,0,1,23,0,0,6,7,5,12.44,0,0,6,7,6,11,0,10.3,2.3,-1.50,Graduate
1,12,6,9773,1,5,158.3,1,1,7,7,6,182.3,1,0,0,1,1,0,18,0,0,6,8,5,14.57,0,0,6,9,4,11.24,0,7.0,0.9,1.60,Graduate
1,14,4,9254,1,11,103.2,1,4,16,3,8,134.5,0,0,0,1,0,0,18,0,0,6,7,4,11.99,0,0,6,9,4,13.46,0,10.0,0.4,-0.30,Enrolled
1,15,3,8014,1,14,106.6,1,6,3,9,9,134.1,0,1,0,1,0,0,20,0,0,6,8,5,10.22,0,0,6,7,4,15.94,0,7.4,1.0,1.04,Enrolled
1,18,6,33,1,6,122.0,1,1,3,1,3,131.6,1,0,0,1,0,0,19,0,0,6,9,4,11.5,0,0,6,8,4,11.38,0,7.9,1.3,-1.18,Graduate
2,15,3,9853,1,6,127.3,1,4,23,11,9,144.1,1,0,1,1,0,0,23,0,0,6,9,1,12.36,0,0,6,6,1,10.89,0,6.2,3.2,0.30,Dropout
1,2,5,9773,1,9,131.8,1,8,29,9,12,155.3,1,0,0,1,1,1,21,0,0,6,6,4,15.96,0,0,6,6,5,13.21,0,7.9,1.7,1.81,Graduate
1,6,4,9147,1,13,160.0,1,25,26,6,7,158.4,1,0,0,1,1,0,21,0,0,6,7,4,16.09,0,0,6,8,5,10.44,0,9.5,2.6,1.60,Graduate
2,15,4,9556,1,5,143.9,1,10,25,10,7,125.1,0,0,1,1,0,0,21,0,0,6,9,2,12.63,0,0,6,6,0,0,0,9.3,1.0,-1.12,Dropout
1,16,3,9238,1,12,179.7,1,22,8,8,11,156.2,0,0,0,1,1,1,21,0,0,6,6,5,15.89,0,0,6,8,5,10.67,0,7.8,2.2,0.72,Enrolled
1,15,1,9070,1,5,136.4,1,15,13,7,3,137.2,0,0,0,1,1,0,23,0,0,6,6,4,12.2,0,0,6,9,4,11.13,0,7.2,0.7,0.14,Graduate
1,1,5,9991,1,2,110.9,1,23,21,8,9,120.9,0,0,1,1,0,0,27,0,0,6,9,2,12.92,0,0,6,6,0,0,0,4.9,3.2,1.73,Dropout
1,12,3,9147,1,4,154.2,1,25,28,5,8,107.1,0,0,0,1,1,0,19,0,0,6,8,4,14.66,0,0,6,7,5,14.25,0,5.4,2.6,1.83,Graduate
1,12,5,9853,0,10,103.3,1,27,4,10,3,175.1,1,0,0,1,1,0,20,0,0,6,9,6,15.13,0,0,6,6,5,14.47,0,5.2,0.8,-0.85,Graduate
1,8,6,9070,1,13,168.0,1,23,24,11,1,167.9,0,0,1,0,1,0,24,0,0,6,9,2,12.53,0,0,6,9,1,11.76,0,4.2,0.4,-0.20,Dropout
1,1,2,9556,0,11,132.3,1,6,9,11,5,156.7,0,0,0,1,0,0,19,0,0,6,6,6,12.75,0,0,6,9,5,12.75,0,8.2,0.4,-1.31,Graduate
1,15,6,8014,1,6,154.4,1,22,9,11,5,148.4,0,0,0,1,0,0,20,0,0,6,7,6,10.01,0,0,6,7,6,10.88,0,10.5,2.6,-1.63,Enrolled
1,5,2,33,1,15,109.4,1,10,29,3,11,100.1,0,0,0,0,0,0,26,0,0,6,6,0,0,0,0,6,9,1,12.03,0,5.2,2.2,1.91,Dropout
1,13,3,9147,1,1,165.7,1,4,28,8,4,126.3,1,0,0,1,1,0,23,0,0,6,8,4,14.36,0,0,6,6,6,16.86,0,5.4,2.7,0.98,Graduate
1,6,1,9238,0,6,127.1,1,1,6,2,2,174.6,0,0,0,1,0,0,23,0,0,6,8,5,13.52,0,0,6,7,4,11.7,0,9.3,2.9,-1.03,Graduate
1,18,6,9853,0,15,114.8,1,5,8,4,12,154.3,0,0,0,1,1,0,20,0,0,6,6,6,12.94,0,0,6,8,6,12.64,0,4.6,1.8,0.16,Enrolled
1,13,1,9085,1,2,184.4,1,6,5,11,2,182.0,0,0,1,1,0,0,18,0,0,6,9,1,12.74,0,0,6,9,1,10.8,0,7.1,0.6,1.25,Dropout
2,5,5,171,1,14,139.3,1,24,16,9,8,140.2,0,0,1,1,0,0,21,0,0,6,8,5,11.61,0,0,6,7,4,16,0,6.6,1.5,-0.93,Graduate
1,7,6,9773,1,13,114.3,1,26,11,8,2,160.6,0,0,0,1,1,1,18,0,0,6,7,4,16.37,0,0,6,6,5,10.21,0,11.4,0.7,-1.30,Graduate
2,6,6,9773,0,13,183.6,1,1,8,8,12,104.8,0,0,1,1,0,0,20,0,0,6,8,0,0,0,0,6,6,0,0,0,5.6,2.1,2.05,Dropout
1,17,4,9991,1,5,139.2,1,2,2,4,2,102.3,0,0,0,1,0,0,29,0,0,6,9,1,10.51,0,0,6,7,1,10.07,0,7.9,1.1,1.00,Dropout
1,10,1,9238,1,3,173.4,1,22,1,6,9,146.7,0,0,1,1,1,0,21,0,0,6,6,4,14.84,0,0,6,6,6,12.95,0,8.2,2.5,1.91,Enrolled
2,11,6,9130,1,10,140.3,1,25,6,11,7,181.6,0,0,0,1,0,0,19,0,0,6,8,6,12.46,0,0,6,6,4,15.38,0,11.4,0.5,-1.20,Graduate
1,5,4,9238,1,8,158.7,1,23,19,6,2,116.8,0,0,1,0,0,0,19,0,0,6,6,1,10.87,0,0,6,6,0,0,0,8.3,3.3,1.55,Dropout
1,11,3,9130,1,8,154.9,1,3,2,6,6,172.7,1,0,0,1,0,1,18,0,0,6,9,6,14,0,0,6,7,4,15.84,0,7.3,3.1,0.65,Graduate
1,4,6,9070,1,10,137.4,1,2,26,7,6,155.5,0,0,1,1,0,0,27,0,0,6,7,2,12.53,0,0,6,8,0,0,0,8.1,3.4,0.21,Dropout
1,15,3,9085,1,15,176.7,1,21,14,5,1,106.1,0,0,0,1,0,0,22,0,0,6,6,4,14.33,0,0,6,6,6,12.62,0,8.5,3.1,0.66,Graduate
1,9,1,9003,0,12,155.2,1,22,3,1,11,188.3,1,0,0,1,0,0,19,0,0,6,8,5,13.63,0,0,6,7,5,14.23,0,5.7,1.8,1.12,Enrolled
1,2,3,9254,1,5,141.6,1,5,23,1,4,127.4,1,0,0,1,0,0,20,0,0,6,6,5,15.74,0,0,6,9,5,14.05,0,6.3,3.3,-1.28,Enrolled
1,1,3,9254,1,10,155.4,1,23,3,10,4,145.5,0,0,0,1,1,0,18,0,0,6,8,4,16.03,0,0,6,9,4,11.65,0,8.8,0.7,0.50,Graduate
1,14,1,9130,1,7,124.9,1,6,26,4,11,114.5,1,0,1,1,0,1,21,0,0,6,6,3,10.46,0,0,6,6,0,0,0,4.0,0.8,0.66,Dropout
1,7,5,9773,1,7,112.2,1,14,11,1,2,110.8,0,0,1,0,1,0,19,0,0,6,6,2,10.93,0,0,6,8,2,10.14,0,8.0,0.9,-0.53,Dropout
1,4,1,9085,1,11,126.0,1,4,1,4,2,131.5,1,0,0,0,0,0,19,0,0,6,9,2,12.25,0,0,6,7,0,0,0,4.8,2.0,0.64,Dropout
1,15,2,171,1,9,174.3,1,17,6,7,10,125.9,0,0,0,1,1,0,20,0,0,6,9,6,11.08,0,0,6,8,5,16.56,0,10.1,1.7,1.88,Graduate
2,17,1,9773,0,10,187.0,1,19,11,4,7,150.9,1,0,1,0,0,0,23,0,0,6,7,1,11.72,0,0,6,7,2,10.53,0,4.2,3.2,-0.51,Dropout
1,3,3,9238,1,12,170.2,1,8,10,8,10,138.6,0,0,1,0,0,0,18,0,0,6,8,2,12.11,0,0,6,6,0,0,0,10.3,1.0,-0.57,Dropout
1,1,4,9147,1,9,160.7,1,17,15,7,10,129.9,1,0,1,0,0,0,22,0,0,6,8,1,10.63,0,0,6,7,2,12.16,0,6.9,1.5,-0.95,Dropout
2,5,1,9991,1,8,185.4,1,9,24,1,7,137.3,1,0,0,0,1,1,26,0,0,6,8,0,0,0,0,6,6,0,0,0,10.1,0.9,-0.44,Dropout
1,11,2,8014,1,10,145.3,1,14,10,3,10,138.5,1,0,0,1,1,1,20,0,0,6,6,4,16.65,0,0,6,8,6,13.3,0,5.7,3.3,-1.66,Graduate
1,16,1,9853,1,6,187.0,1,23,4,11,6,161.2,0,0,0,1,1,0,20,0,0,6,9,4,16.66,0,0,6,8,6,11.1,0,4.9,1.5,1.38,Graduate
1,9,4,9119,0,13,177.9,1,14,24,1,10,156.9,0,0,0,1,1,0,21,0,0,6,6,6,11.85,0,0,6,7,4,12.21,0,10.0,2.4,-0.34,Graduate
1,13,4,171,0,15,113.1,1,6,23,12,8,150.1,1,0,0,1,1,0,19,0,0,6,8,6,10.67,0,0,6,8,6,14.67,0,6.1,1.9,0.92,Graduate
1,18,1,9853,1,15,109.9,1,25,3,7,4,189.9,0,0,0,1,1,0,23,0,0,6,7,6,14.06,0,0,6,9,5,13.4,0,6.4,3.4,-0.11,Graduate
1,17,1,9119,1,4,167.8,1,1,15,2,7,103.3,0,0,0,1,0,1,19,0,0,6,8,6,13.38,0,0,6,8,5,14.4,0,6.5,3.0,2.03,Graduate
1,4,4,9119,1,11,107.4,1,1,6,10,11,172.7,0,0,0,1,0,0,21,0,0,6,9,4,13.97,0,0,6,9,4,12.16,0,8.4,1.8,1.15,Graduate
1,1,3,9238,1,7,147.4,1,29,7,9,6,143.8,1,0,1,1,1,0,26,0,0,6,7,0,0,0,0,6,7,0,0,0,6.1,1.6,-1.57,Dropout
1,8,4,9254,1,1,124.8,1,24,26,6,4,144.5,0,0,0,1,0,1,18,0,0,6,8,4,12.63,0,0,6,9,4,16.32,0,9.2,1.0,0.09,Graduate
1,2,6,9556,1,6,161.3,1,13,6,10,10,183.1,1,0,0,1,0,0,19,0,0,6,7,4,12.9,0,0,6,8,6,16.32,0,5.9,3.1,2.30,Graduate
1,5,5,9670,1,6,111.9,1,18,28,10,8,172.5,1,0,1,1,1,1,18,0,0,6,7,4,12.28,0,0,6,6,5,14.32,0,10.4,3.1,-0.43,Enrolled
1,14,4,9500,1,4,186.9,1,27,21,6,8,171.2,1,0,0,1,0,1,22,0,0,6,9,4,14.78,0,0,6,7,5,14.24,0,8.0,1.7,0.84,Graduate
2,6,1,9853,1,2,162.2,1,13,19,12,6,170.8,1,0,0,1,0,0,23,0,0,6,9,6,12.11,0,0,6,6,5,13.93,0,6.6,2.7,1.35,Graduate
1,17,4,9500,1,8,147.3,1,2,7,3,6,171.2,1,0,0,1,1,0,20,0,0,6,9,4,12.85,0,0,6,8,4,11.52,0,10.2,1.7,-0.75,Enrolled
1,2,1,9119,1,11,147.5,1,21,10,7,5,108.5,1,0,0,1,0,1,20,0,0,6,7,6,10.03,0,0,6,9,4,13.14,0,7.0,0.9,0.61,Enrolled
1,7,5,9254,1,2,111.2,1,19,18,11,4,128.3,1,0,1,1,1,0,28,0,0,6,8,1,12.5,0,0,6,7,2,12.8,0,6.8,1.3,0.81,Dropout
2,3,2,9070,0,1,152.3,1,24,21,1,12,142.6,1,0,0,1,0,0,22,0,0,6,8,0,0,0,0,6,6,0,0,0,4.6,1.4,-1.62,Dropout
1,5,5,9003,0,4,130.7,1,29,22,9,11,102.4,1,0,0,0,1,0,24,0,0,6,9,2,11.05,0,0,6,8,1,11.27,0,3.8,1.4,-1.27,Dropout
1,14,1,171,1,2,112.0,1,9,22,10,11,113.1,1,0,0,0,0,0,20,0,0,6,9,3,10.82,0,0,6,8,1,12.94,0,6.1,2.9,1.38,Dropout
1,17,5,9070,1,15,185.9,1,28,29,1,8,151.6,0,0,0,1,0,1,23,0,0,6,9,4,14.03,0,0,6,7,5,16.99,0,8.4,2.8,-0.44,Graduate
1,11,3,9070,1,9,110.8,1,24,23,12,2,123.8,1,0,0,1,0,0,21,0,0,6,8,5,16.36,0,0,6,7,6,16.14,0,9.0,3.1,1.99,Graduate
1,5,4,9238,1,15,180.3,1,28,6,9,9,100.5,1,0,0,1,0,0,20,0,0,6,7,5,16.42,0,0,6,9,6,16.34,0,4.1,1.8,1.85,Enrolled
1,8,6,9238,1,5,118.9,1,12,18,1,6,128.3,0,0,0,1,1,0,23,0,0,6,6,5,15.54,0,0,6,6,4,13.28,0,8.7,1.2,1.99,Graduate
1,4,2,33,0,8,114.4,1,29,23,10,3,130.6,1,0,0,1,0,0,21,0,0,6,7,5,10.98,0,0,6,9,4,16.57,0,10.9,2.7,-0.98,Graduate
1,12,5,9773,1,9,189.1,1,10,20,8,11,142.6,1,0,0,1,0,0,21,0,0,6,8,4,16.18,0,0,6,9,4,14.24,0,8.9,1.3,1.59,Enrolled
1,14,4,9254,0,14,175.0,1,26,28,2,6,149.0,0,0,0,1,0,0,20,0,0,6,6,4,11.74,0,0,6,8,4,16.74,0,4.6,2.0,1.86,Graduate
1,2,2,9500,0,2,141.5,1,20,23,2,9,144.3,0,0,0,0,0,0,20,0,0,6,8,1,11.03,0,0,6,8,2,11.25,0,5.8,2.2,0.39,Dropout
1,11,4,9238,0,4,142.6,1,26,15,3,2,170.6,0,0,1,1,0,0,28,0,0,6,9,1,10.09,0,0,6,9,0,0,0,3.7,1.8,-1.61,Dropout
1,10,1,9085,0,12,148.9,1,21,23,5,7,167.9,1,0,0,0,1,0,23,0,0,6,6,1,10.63,0,0,6,7,2,12.14,0,10.9,0.5,-1.56,Dropout
1,18,6,9500,1,13,162.7,1,4,4,1,2,151.7,0,0,0,1,1,0,23,0,0,6,8,4,11.3,0,0,6,6,4,10.97,0,9.4,2.7,0.29,Graduate
1,9,3,9773,0,3,161.9,1,22,13,12,11,108.0,0,0,0,1,1,0,26,0,0,6,6,1,11.65,0,0,6,8,1,10.47,0,9.2,2.8,-0.59,Dropout
1,16,1,9070,1,12,140.7,1,19,26,7,8,127.2,1,0,1,0,0,0,23,0,0,6,9,2,11.86,0,0,6,6,0,0,0,11.4,2.5,-0.50,Dropout
1,16,3,9085,1,15,154.3,1,7,26,12,4,109.6,1,0,0,1,1,0,18,0,0,6,9,5,13.37,0,0,6,8,6,11.59,0,9.3,1.7,1.46,Enrolled
2,17,4,9119,1,4,116.4,1,9,24,6,6,146.8,0,0,0,1,1,0,23,0,0,6,8,5,14.19,0,0,6,8,4,10.27,0,8.9,2.7,-0.88,Enrolled
1,9,3,9254,1,13,145.4,1,29,5,12,10,107.0,0,0,1,1,1,0,21,0,0,6,6,3,10.04,0,0,6,9,0,0,0,3.7,2.1,-1.70,Dropout
1,7,1,171,1,1,189.3,1,20,1,2,11,177.3,1,0,1,0,0,0,21,0,0,6,9,2,11.47,0,0,6,6,2,11.86,0,7.0,1.8,-1.67,Dropout
1,17,4,9147,1,9,187.0,1,1,29,10,3,141.3,1,0,0,1,0,0,21,0,0,6,9,5,11.15,0,0,6,6,5,13.05,0,5.3,1.6,0.01,Graduate
1,16,1,9773,1,2,126.5,1,23,17,9,12,130.9,1,0,0,1,1,0,21,0,0,6,8,5,15,0,0,6,8,6,12.96,0,9.4,0.5,2.16,Graduate
1,8,4,9238,1,5,126.8,1,29,22,6,8,143.3,1,0,0,0,0,0,26,0,0,6,8,3,11.79,0,0,6,6,2,10.8,0,6.7,3.2,0.65,Dropout
1,10,2,9147,1,9,125.4,1,3,28,6,10,161.9,0,0,0,1,0,1,18,0,0,6,9,5,15.55,0,0,6,9,4,11.85,0,6.7,2.4,0.78,Graduate
1,4,6,9853,1,1,166.4,1,11,27,4,1,117.4,0,0,0,1,0,0,22,0,0,6,7,6,14.49,0,0,6,7,5,15,0,6.0,1.5,-0.54,Graduate
2,15,3,9147,1,6,163.7,1,10,17,8,8,175.4,0,0,0,0,0,0,27,0,0,6,6,3,12.01,0,0,6,8,0,0,0,5.9,1.6,0.42,Dropout
1,12,2,9003,1,3,174.7,1,29,20,12,3,179.1,0,0,1,1,0,1,21,0,0,6,8,4,10.38,0,0,6,7,5,11.89,0,9.3,2.2,-0.23,Graduate
1,4,4,9238,1,5,181.0,1,11,6,5,12,102.0,1,0,0,1,1,0,23,0,0,6,6,6,14.53,0,0,6,8,4,15.23,0,5.0,2.0,1.95,Graduate
1,15,6,9556,1,7,146.4,1,19,1,5,11,115.4,1,0,0,1,0,0,21,0,0,6,9,4,12.83,0,0,6,7,5,14.55,0,5.2,2.5,1.07,Graduate
1,16,2,9119,1,15,111.5,1,8,5,3,3,156.5,1,0,0,1,0,0,19,0,0,6,6,6,11.9,0,0,6,6,4,11.62,0,3.7,2.9,0.02,Graduate
1,4,3,9773,1,6,107.5,1,1,23,7,3,139.4,0,0,0,1,1,0,23,0,0,6,7,4,11.55,0,0,6,9,5,13.47,0,11.0,0.9,-1.65,Graduate
1,7,2,9991,0,10,100.9,1,24,9,7,4,154.1,1,0,0,1,1,1,23,0,0,6,7,6,14.48,0,0,6,8,5,13.56,0,7.4,1.1,1.64,Graduate
1,15,3,9070,1,1,134.0,1,27,6,5,6,183.4,1,0,0,1,0,1,21,0,0,6,7,5,10.12,0,0,6,9,5,15.49,0,11.1,2.4,1.36,Enrolled
1,8,1,9119,1,3,175.3,1,7,14,8,1,161.3,0,0,0,1,0,0,20,0,0,6,8,4,12.9,0,0,6,6,4,12.61,0,7.7,2.6,0.65,Graduate
1,14,6,171,1,7,134.5,1,28,6,8,9,185.7,0,0,0,1,0,0,23,0,0,6,6,5,16.16,0,0,6,7,5,14.57,0,4.9,2.7,-1.52,Graduate
1,12,1,9670,1,15,102.5,1,18,18,9,9,108.2,0,0,0,1,0,0,18,0,0,6,7,6,10.77,0,0,6,7,5,11.15,0,11.3,0.7,2.28,Graduate
1,14,4,9670,1,4,154.2,1,16,16,5,3,127.0,0,0,0,1,1,0,19,0,0,6,9,4,13.29,0,0,6,9,5,11.1,0,6.7,1.1,0.88,Graduate
1,9,1,9130,1,5,160.2,1,10,19,3,11,109.5,1,0,0,1,0,0,19,0,0,6,7,4,11.09,0,0,6,7,6,14.14,0,9.6,2.8,-0.26,Enrolled
1,18,5,9773,1,2,157.5,1,1,2,5,10,175.6,0,0,0,1,1,0,23,0,0,6,7,5,13.69,0,0,6,9,4,15.31,0,8.3,2.6,1.76,Graduate
1,10,3,9130,1,12,140.0,1,12,11,7,10,170.5,1,0,0,1,1,0,23,0,0,6,6,5,13.47,0,0,6,6,4,11.86,0,7.9,1.7,0.85,Enrolled
1,17,3,9254,1,10,174.0,1,6,15,6,9,160.9,1,0,0,1,0,1,23,0,0,6,8,4,12.37,0,0,6,9,4,10.79,0,7.5,3.1,-1.67,Graduate
2,8,4,9500,1,1,178.8,1,25,4,1,3,131.9,1,0,0,1,0,0,23,0,0,6,8,5,10.89,0,0,6,9,5,14.23,0,4.6,2.6,0.73,Graduate
1,10,1,9003,1,10,145.5,1,3,14,1,9,178.0,1,0,1,1,1,0,19,0,0,6,7,6,14.51,0,0,6,6,5,10.4,0,9.4,2.5,1.54,Graduate
1,17,6,9070,1,8,160.2,1,5,17,5,3,119.9,1,0,0,1,0,0,18,0,0,6,7,5,16.1,0,0,6,7,4,15.98,0,5.1,1.0,-1.03,Graduate
1,18,4,9670,1,13,178.9,1,26,6,5,6,109.7,0,0,0,1,0,0,18,0,0,6,6,6,12.04,0,0,6,9,5,14.05,0,4.9,2.6,-0.82,Graduate
1,7,4,9238,1,10,158.4,1,29,20,5,11,113.4,0,0,0,1,0,0,18,0,0,6,6,6,12.95,0,0,6,7,6,16.18,0,10.1,2.2,-1.26,Graduate
1,10,2,9070,1,9,122.0,1,3,10,12,1,114.5,1,0,0,1,0,1,19,0,0,6,9,6,16.44,0,0,6,8,5,10.63,0,8.0,2.0,0.08,Graduate
1,3,3,9556,1,9,178.0,1,4,5,10,9,136.8,1,0,0,1,0,0,21,0,0,6,9,4,10.51,0,0,6,8,6,14.34,0,9.2,1.8,1.03,Enrolled
1,10,6,9773,1,3,100.6,1,27,17,9,12,143.2,0,1,0,1,0,0,22,0,0,6,9,5,10.01,0,0,6,7,6,13.51,0,5.6,1.3,1.28,Graduate
1,12,1,9130,1,4,132.6,1,15,14,7,5,179.3,1,0,0,1,1,0,19,0,0,6,8,3,12.53,0,0,6,7,1,12.08,0,8.3,1.2,-1.56,Dropout
1,12,4,9556,1,3,188.5,1,17,14,3,4,179.8,1,0,0,1,0,1,20,0,0,6,7,4,11.29,0,0,6,9,5,13.92,0,6.1,2.3,-0.62,Enrolled
1,17,6,171,1,10,165.4,1,6,20,9,11,167.3,1,0,0,1,1,1,22,0,0,6,7,5,14.22,0,0,6,8,4,12.52,0,4.6,1.1,0.55,Graduate
1,1,5,33,1,4,111.3,1,7,12,9,4,130.7,0,0,0,1,0,0,22,0,0,6,6,2,10.69,0,0,6,9,2,12.19,0,4.5,2.0,1.86,Dropout
1,10,2,9070,0,8,160.0,1,29,24,11,6,109.5,1,0,0,1,0,1,23,0,0,6,9,4,11.21,0,0,6,6,4,12.66,0,5.4,1.3,-0.39,Graduate
1,15,5,9500,1,14,120.8,1,22,26,8,12,174.8,1,0,0,1,0,0,22,0,0,6,7,4,15.63,0,0,6,6,6,16.65,0,6.2,1.8,-1.25,Enrolled
1,5,3,9500,1,10,109.8,1,14,14,9,5,131.9,1,0,0,1,1,0,22,0,0,6,9,5,12.41,0,0,6,9,5,11.98,0,6.9,2.3,-0.05,Enrolled
1,5,3,9500,1,5,133.7,1,5,28,11,7,101.9,1,0,0,1,0,0,18,0,0,6,8,5,11.9,0,0,6,8,4,12.57,0,11.5,0.8,1.29,Enrolled
1,12,1,33,1,8,113.1,1,6,6,5,2,188.7,0,0,0,1,1,0,18,0,0,6,7,4,11.05,0,0,6,6,6,16.43,0,5.4,3.2,1.98,Graduate
1,2,3,171,1,1,110.0,1,23,21,2,3,172.3,1,0,0,1,0,0,29,0,0,6,7,1,11.19,0,0,6,9,2,11.57,0,5.1,3.1,0.42,Dropout
1,15,5,33,1,10,173.3,1,3,20,7,8,119.0,0,0,0,1,0,0,23,0,0,6,7,5,14.57,0,0,6,9,6,15.36,0,10.5,1.8,0.09,Graduate
1,7,6,9773,0,8,143.6,1,6,11,10,7,154.9,0,1,0,1,0,0,22,0,0,6,8,5,16.62,0,0,6,9,5,14.89,0,9.1,2.0,-1.13,Graduate
1,7,3,9003,1,7,169.4,1,6,24,1,3,161.8,0,0,0,1,0,0,23,0,0,6,8,5,12.9,0,0,6,9,5,15.73,0,7.4,2.2,0.59,Graduate
1,16,3,9003,1,5,110.4,1,25,15,3,7,170.3,1,0,0,1,0,0,19,0,0,6,7,4,14.97,0,0,6,7,6,13.82,0,6.8,2.7,-1.44,Enrolled
1,17,3,171,0,9,149.7,1,17,8,6,2,170.8,1,0,0,1,1,0,18,0,0,6,7,5,15.7,0,0,6,9,6,11.15,0,4.5,0.7,-0.52,Graduate
1,1,1,8014,1,1,146.4,1,28,13,7,3,107.1,1,0,0,1,1,0,29,0,0,6,9,3,10.13,0,0,6,6,1,10.61,0,9.7,2.3,-0.82,Dropout
1,1,4,9556,1,6,119.1,1,19,29,6,11,156.4,0,0,0,1,0,0,18,0,0,6,8,6,13.26,0,0,6,6,6,11.93,0,10.6,1.6,0.34,Graduate
1,9,3,9085,1,11,175.9,1,29,1,2,10,185.3,0,0,1,1,0,1,22,0,0,6,9,2,10.19,0,0,6,6,2,10.93,0,7.4,2.4,0.38,Dropout
2,16,5,9119,1,4,175.4,1,19,16,9,11,170.8,1,0,0,1,0,0,21,0,0,6,6,4,15.62,0,0,6,7,5,13.12,0,4.4,1.2,1.17,Enrolled
1,11,4,8014,1,8,104.5,1,26,12,1,8,166.5,0,0,0,1,0,0,23,0,0,6,6,6,15.78,0,0,6,7,5,11.62,0,4.1,0.6,0.05,Graduate
1,8,3,9147,1,11,157.3,1,14,19,9,4,101.6,0,0,1,1,0,0,21,0,0,6,9,6,12.63,0,0,6,6,5,11.11,0,4.9,1.6,-0.65,Graduate
1,6,4,9556,1,11,136.9,1,21,23,5,2,118.5,1,0,0,1,0,0,19,0,0,6,6,5,15.52,0,0,6,6,4,14.52,0,6.1,1.6,0.61,Enrolled
1,1,1,8014,1,9,125.4,1,18,22,5,11,165.0,0,0,0,1,0,0,23,0,0,6,8,6,14.51,0,0,6,9,4,11.92,0,7.7,2.1,0.03,Enrolled
1,16,1,9147,1,6,117.2,1,25,6,11,1,106.1,0,0,0,0,0,0,25,0,0,6,9,1,12.31,0,0,6,9,0,0,0,11.1,2.8,2.16,Dropout
2,15,5,9238,1,12,136.1,1,1,19,3,4,117.8,0,0,0,1,0,0,19,0,0,6,9,4,10.23,0,0,6,9,4,14.18,0,3.6,2.8,-0.82,Graduate
1,6,1,33,0,13,142.0,1,3,5,7,12,172.5,1,0,0,1,1,0,18,0,0,6,9,6,13.37,0,0,6,6,4,16.58,0,8.5,2.0,-0.65,Enrolled
1,7,3,9556,1,12,138.1,1,8,9,12,3,151.0,1,0,0,1,1,0,23,0,0,6,6,6,11.21,0,0,6,8,4,15,0,8.0,1.7,1.39,Graduate
1,11,3,9085,1,11,133.2,1,19,6,11,1,103.4,1,0,0,1,0,0,23,0,0,6,7,5,16.01,0,0,6,9,6,11.97,0,6.4,3.2,0.45,Graduate
1,4,6,9670,1,10,175.7,1,10,21,9,1,169.9,1,0,0,1,1,1,19,0,0,6,6,4,14.3,0,0,6,8,4,12.34,0,4.0,2.8,1.67,Graduate
1,5,1,9556,1,4,131.7,1,22,7,7,5,184.1,0,0,0,1,0,0,21,0,0,6,6,6,16.25,0,0,6,8,4,13.92,0,4.0,2.9,-1.50,Graduate
1,8,5,8014,1,8,120.5,1,3,26,10,7,146.4,1,0,0,0,1,0,22,0,0,6,7,1,11,0,0,6,7,2,12.22,0,4.8,3.1,1.75,Dropout
1,10,2,9085,1,9,164.7,1,21,12,7,11,179.3,1,0,0,1,1,1,19,0,0,6,9,2,12.34,0,0,6,8,0,0,0,6.6,1.1,1.53,Dropout
1,2,6,9003,1,9,120.8,1,24,3,5,7,143.9,1,0,0,1,1,1,22,0,0,6,6,6,11.27,0,0,6,9,5,15.27,0,6.0,3.3,-0.92,Enrolled
1,17,5,9556,1,12,130.4,1,4,3,11,5,100.0,1,0,1,0,0,0,22,0,0,6,6,0,0,0,0,6,6,1,12.65,0,11.1,2.7,0.55,Dropout
1,13,2,9085,0,4,102.2,1,22,2,4,3,144.9,0,0,0,1,0,0,20,0,0,6,8,6,14.69,0,0,6,6,5,16.41,0,8.2,1.6,-1.11,Graduate
1,16,3,9991,1,4,134.5,1,14,28,12,3,142.2,1,0,0,1,0,0,22,0,0,6,9,4,11.75,0,0,6,6,4,13.01,0,9.6,1.6,-1.21,Enrolled
1,11,5,9773,1,14,165.8,1,8,11,8,10,188.4,1,0,0,1,0,1,25,0,0,6,9,1,12.84,0,0,6,9,0,0,0,9.7,1.2,0.21,Dropout
1,12,6,9670,1,11,123.1,1,3,22,10,3,114.8,1,0,0,1,0,0,23,0,0,6,8,4,15.44,0,0,6,7,5,13.82,0,5.1,0.7,-0.46,Graduate
1,15,5,9556,1,6,155.5,1,20,3,12,3,169.9,0,0,0,1,0,0,19,0,0,6,9,4,14.96,0,0,6,8,5,13.76,0,7.7,0.7,0.57,Graduate
1,14,4,33,1,6,163.6,1,9,29,5,11,138.9,1,0,0,1,1,0,23,0,0,6,8,4,11.15,0,0,6,7,5,16.34,0,7.3,1.6,1.97,Graduate
1,15,2,9003,1,8,121.0,1,28,7,6,10,114.2,1,0,0,1,1,1,19,0,0,6,8,5,15.2,0,0,6,7,4,10.85,0,4.2,1.1,-1.15,Graduate
1,17,6,171,1,3,130.3,1,17,13,4,6,164.4,0,0,1,1,1,0,20,0,0,6,8,6,15.29,0,0,6,6,4,12.26,0,5.0,3.3,-0.78,Enrolled
1,10,1,9773,1,10,184.2,1,22,14,6,12,103.3,0,0,0,0,0,0,29,0,0,6,8,2,12.11,0,0,6,6,1,12.77,0,3.7,1.6,2.13,Dropout
1,9,5,9238,1,12,107.1,1,26,4,12,7,141.2,1,0,1,1,1,0,29,0,0,6,7,1,12.07,0,0,6,6,2,11.57,0,4.2,3.0,-0.60,Dropout
2,11,1,9003,1,3,111.2,1,15,5,5,10,167.9,1,0,0,1,1,1,23,0,0,6,7,4,14.88,0,0,6,9,5,11.01,0,10.5,0.7,-1.33,Enrolled
1,3,5,9991,1,2,166.6,1,28,24,5,3,175.9,1,0,0,1,0,0,18,0,0,6,9,6,10.61,0,0,6,8,6,13.51,0,10.7,0.6,0.09,Enrolled
2,17,1,9556,1,4,185.0,1,12,26,12,12,131.8,1,0,0,1,1,1,19,0,0,6,6,4,10.46,0,0,6,9,5,16.41,0,11.5,3.3,-0.39,Graduate
1,1,4,9991,1,5,127.9,1,20,21,7,7,169.9,1,1,0,1,1,0,20,0,0,6,9,2,11.23,0,0,6,7,2,10.48,0,6.9,0.9,1.03,Dropout
1,17,2,9773,1,2,120.5,1,16,16,3,7,188.3,1,0,1,1,0,0,28,0,0,6,8,1,11.43,0,0,6,6,0,0,0,7.0,1.2,1.30,Dropout
1,2,3,33,1,4,183.0,1,24,14,8,11,144.0,0,0,0,1,0,0,18,0,0,6,8,5,16.12,0,0,6,9,5,14.43,0,10.7,3.2,-0.53,Enrolled
1,5,4,8014,1,11,104.8,1,19,7,4,6,137.2,1,0,0,1,0,0,18,0,0,6,8,5,13.27,0,0,6,8,5,13.57,0,9.0,2.2,0.29,Graduate
1,1,5,9238,1,8,122.8,1,8,3,1,6,149.5,1,0,0,1,0,0,19,0,0,6,9,4,12.87,0,0,6,6,6,16.63,0,10.0,1.2,1.43,Graduate
1,18,2,9254,1,7,144.8,1,5,24,5,3,135.3,0,0,0,0,1,0,29,0,0,6,6,2,10.99,0,0,6,9,2,12.39,0,9.3,1.6,1.18,Dropout
1,2,6,33,1,11,142.2,1,10,29,1,5,103.5,1,0,0,0,1,0,26,0,0,6,7,0,0,0,0,6,8,1,11.26,0,10.8,3.3,2.02,Dropout
1,9,4,9070,1,10,120.6,1,3,11,10,1,151.0,1,0,0,1,0,0,20,0,0,6,8,5,12.93,0,0,6,6,6,13.52,0,8.3,2.0,2.09,Graduate
1,15,5,9500,1,11,126.2,1,15,23,12,5,119.2,0,0,1,1,0,1,29,0,0,6,8,2,10.55,0,0,6,6,1,10.84,0,6.1,2.7,1.99,Dropout
1,4,1,9670,0,8,146.6,1,22,8,5,2,168.8,1,0,1,1,0,1,22,0,0,6,8,6,11.21,0,0,6,7,6,15.08,0,6.1,2.7,-1.11,Graduate
1,7,1,9003,1,1,128.7,1,4,17,4,5,180.8,0,0,0,1,0,1,20,0,0,6,9,4,16.21,0,0,6,6,6,11.47,0,10.0,1.9,0.64,Graduate
1,10,5,9853,1,12,178.0,1,27,13,12,7,189.4,1,0,0,0,0,0,28,0,0,6,9,3,11.17,0,0,6,8,2,11.85,0,6.3,2.5,-0.54,Dropout
1,6,3,9147,1,6,138.5,1,27,3,10,10,124.1,1,0,0,1,1,0,23,0,0,6,9,6,10.73,0,0,6,7,4,12.57,0,5.7,1.7,0.30,Enrolled
1,1,5,9254,1,5,189.8,1,17,5,8,3,132.1,1,0,0,1,1,0,22,0,0,6,8,0,0,0,0,6,8,1,11.26,0,6.4,1.5,1.52,Dropout
1,16,1,9254,1,12,127.8,1,13,26,2,7,170.3,0,0,1,1,0,0,19,0,0,6,8,3,11.84,0,0,6,8,0,0,0,9.3,1.8,-0.31,Dropout
1,9,6,9130,1,5,145.9,1,12,18,11,10,130.1,0,0,0,1,0,1,19,0,0,6,7,6,13.18,0,0,6,8,6,11.85,0,10.7,3.3,0.76,Graduate
1,12,2,9147,0,6,136.1,1,26,25,1,9,100.9,0,0,0,1,0,1,23,0,0,6,7,6,14.51,0,0,6,7,5,16.67,0,9.5,3.1,-1.20,Graduate
1,3,4,9003,1,3,168.9,1,4,29,2,3,177.0,1,0,0,1,1,1,18,0,0,6,8,4,16.18,0,0,6,9,6,13.69,0,10.5,2.2,-0.68,Graduate
1,10,3,171,1,2,118.1,1,10,23,9,9,171.1,1,0,0,1,1,0,21,0,0,6,7,5,14.38,0,0,6,7,6,12.77,0,11.3,1.7,2.22,Enrolled
1,15,1,9500,0,8,153.3,1,29,18,5,2,163.0,0,0,0,1,0,0,21,0,0,6,9,6,15.87,0,0,6,6,6,11.51,0,11.5,0.5,0.17,Graduate
2,2,2,33,1,4,169.2,1,29,4,12,4,168.1,0,0,0,1,1,0,22,0,0,6,7,6,11.44,0,0,6,7,5,15.97,0,11.1,0.5,-0.82,Graduate
1,7,4,9773,1,15,140.6,1,18,1,3,8,103.5,0,0,0,1,0,1,23,0,0,6,7,6,16.04,0,0,6,6,4,13.94,0,9.5,1.4,1.53,Enrolled
1,15,3,9147,1,13,103.8,1,14,26,3,2,156.0,1,0,0,1,0,0,18,0,0,6,6,6,12.13,0,0,6,9,5,11.77,0,6.8,2.6,1.44,Graduate
1,2,6,9556,1,10,140.2,1,10,28,4,11,103.4,0,0,0,1,0,0,19,0,0,6,6,4,12.94,0,0,6,9,4,10.1,0,7.9,2.1,-1.49,Graduate
1,15,1,33,1,3,148.2,1,28,17,11,3,162.0,1,0,0,1,1,0,22,0,0,6,6,6,15.06,0,0,6,8,6,11.45,0,5.3,1.2,2.14,Graduate
1,5,2,9130,1,5,100.4,1,26,26,10,1,185.6,1,0,0,1,0,0,21,0,0,6,7,5,10.33,0,0,6,9,6,12.97,0,4.7,2.0,-1.21,Graduate
1,8,4,9130,1,1,187.6,1,23,7,8,1,107.5,1,0,0,1,0,0,20,0,0,6,8,5,16.5,0,0,6,9,6,11.71,0,5.3,2.5,-0.72,Graduate
1,5,5,9556,1,10,182.2,1,26,12,12,10,134.3,0,0,0,1,0,0,20,0,0,6,6,6,15.95,0,0,6,9,4,16.11,0,8.9,3.0,-1.10,Graduate
2,7,5,9991,1,1,122.8,1,2,22,9,6,182.0,1,0,0,1,0,0,20,0,0,6,7,5,13.77,0,0,6,7,6,14.49,0,5.8,3.4,0.60,Enrolled
1,18,5,9119,1,7,180.0,1,1,7,7,11,167.6,1,0,0,1,0,0,18,0,0,6,9,4,14.67,0,0,6,9,5,11.66,0,5.7,1.0,1.77,Graduate
1,9,5,9119,1,8,126.1,1,23,22,3,7,177.0,0,0,0,1,1,0,20,0,0,6,6,4,10.55,0,0,6,8,5,12.46,0,10.9,2.6,1.77,Graduate
1,17,4,9670,1,9,127.0,1,10,4,6,6,181.1,1,0,1,1,0,0,23,0,0,6,9,5,14.9,0,0,6,6,6,16.04,0,11.2,3.2,-0.56,Graduate
1,9,5,9853,1,6,149.5,1,28,22,9,5,108.4,0,0,0,1,0,0,21,0,0,6,6,6,10.14,0,0,6,7,4,12.36,0,9.6,1.7,1.70,Graduate
1,12,5,9670,1,2,143.3,1,19,22,3,3,177.3,0,0,1,1,1,0,18,0,0,6,7,1,10.28,0,0,6,6,0,0,0,10.8,1.6,-0.51,Dropout
1,7,3,171,1,5,117.2,1,9,26,2,4,177.2,0,0,0,1,0,0,18,0,0,6,6,4,16.51,0,0,6,8,4,13.03,0,10.2,3.0,0.88,Enrolled
1,14,4,9070,0,15,114.9,1,28,29,10,12,189.7,1,0,0,1,0,1,19,0,0,6,9,5,12.19,0,0,6,8,4,11.69,0,6.6,2.0,-0.80,Graduate
1,4,3,9070,1,5,146.7,1,18,15,12,10,184.3,1,0,0,1,0,1,24,0,0,6,8,2,11.01,0,0,6,9,2,12.44,0,9.7,1.0,0.85,Dropout
2,2,6,9556,1,7,117.8,1,29,27,3,12,104.8,0,0,1,1,0,0,23,0,0,6,9,2,10.3,0,0,6,9,2,10.63,0,8.3,0.7,0.97,Dropout
1,17,3,9556,1,6,149.2,1,15,22,6,11,142.1,1,1,0,1,1,0,20,0,0,6,7,5,14.99,0,0,6,9,5,15.24,0,8.8,3.4,1.91,Enrolled
1,3,4,9500,1,11,130.3,1,26,19,7,9,128.3,1,0,0,1,0,0,21,0,0,6,7,6,10.51,0,0,6,9,6,14.08,0,7.9,1.1,2.22,Graduate
1,14,2,9130,1,11,128.0,1,15,10,3,4,109.7,1,0,0,1,1,1,21,0,0,6,8,5,16.42,0,0,6,8,5,11.55,0,7.8,0.8,0.29,Enrolled
1,1,6,171,1,13,111.0,1,25,15,10,3,106.0,1,0,0,1,1,0,19,0,0,6,8,4,16.24,0,0,6,9,5,11.91,0,11.0,0.6,-0.29,Enrolled
2,7,3,9147,1,2,131.4,1,23,8,8,9,113.8,0,0,0,0,1,0,25,0,0,6,6,3,10.01,0,0,6,6,2,11.22,0,10.2,2.2,-0.35,Dropout
1,15,1,9991,1,13,179.4,1,17,25,8,2,156.4,1,0,0,1,1,1,22,0,0,6,8,6,11.19,0,0,6,7,4,12.88,0,7.7,2.7,-1.57,Graduate
1,16,5,9085,1,14,161.6,1,14,1,2,3,139.9,1,0,1,1,0,0,20,0,0,6,8,4,15.99,0,0,6,8,4,13.3,0,8.0,1.2,0.32,Graduate
1,17,6,9130,1,4,148.9,1,16,1,9,10,154.2,1,1,0,1,1,0,23,0,0,6,6,6,14.39,0,0,6,6,5,10.49,0,9.4,2.6,0.47,Enrolled
1,6,6,9556,1,13,116.5,1,8,10,3,4,185.4,0,0,1,0,0,0,21,0,0,6,6,1,12.29,0,0,6,7,0,0,0,7.5,2.8,1.42,Dropout
2,17,2,9500,0,8,109.2,1,27,9,5,4,106.9,1,0,1,1,1,0,23,0,0,6,9,4,11.23,0,0,6,9,5,14,0,4.0,2.4,0.67,Graduate
1,11,3,9119,1,12,113.9,1,16,28,5,10,182.2,0,0,0,1,0,0,18,0,0,6,8,6,10.2,0,0,6,6,4,13.64,0,8.2,2.8,2.07,Graduate
1,4,4,9119,1,9,186.2,1,10,3,7,7,113.2,1,0,1,1,0,0,28,0,0,6,8,2,11,0,0,6,7,0,0,0,11.0,1.7,-0.51,Dropout
1,10,1,9254,1,8,109.2,1,3,16,7,7,144.2,1,0,0,1,1,0,21,0,0,6,8,4,10.41,0,0,6,6,6,14.44,0,6.8,2.4,0.91,Enrolled
1,1,1,9130,1,5,155.9,1,26,10,1,12,123.3,1,0,0,1,1,0,23,0,0,6,9,6,16.38,0,0,6,6,4,14.26,0,6.8,2.4,-0.21,Graduate
1,2,1,9147,1,11,107.9,1,14,2,10,8,181.8,0,0,1,1,1,0,18,0,0,6,8,5,12.14,0,0,6,8,4,10.04,0,6.8,3.4,1.93,Graduate
1,16,3,9556,0,5,143.6,1,16,15,10,6,128.9,0,0,0,1,0,0,22,0,0,6,8,5,16.12,0,0,6,8,4,10.71,0,11.3,2.8,0.16,Enrolled
2,5,4,9147,0,5,135.1,1,5,27,3,4,132.3,1,0,1,0,0,0,24,0,0,6,6,1,10.68,0,0,6,8,2,11.49,0,4.7,3.2,-0.02,Dropout
1,13,1,9238,0,12,117.7,1,23,10,8,7,105.1,0,0,0,1,0,1,19,0,0,6,7,2,12.17,0,0,6,6,0,0,0,4.2,1.0,0.66,Dropout
1,16,5,9003,1,11,131.0,1,16,5,3,5,141.9,1,0,0,1,0,1,19,0,0,6,7,4,14.97,0,0,6,9,6,11.61,0,5.7,1.7,0.53,Graduate
1,17,1,9853,1,5,145.8,1,29,2,10,5,132.9,1,0,0,1,0,0,21,0,0,6,6,6,13.26,0,0,6,8,4,12.93,0,10.7,3.4,0.05,Graduate
1,6,5,9773,1,8,134.4,1,26,23,11,7,156.7,1,0,0,1,0,0,19,0,0,6,7,6,12.72,0,0,6,8,5,16.63,0,10.1,1.6,-0.46,Enrolled
1,16,4,8014,1,6,163.0,1,17,21,7,12,117.2,1,0,1,0,1,0,18,0,0,6,9,3,11.07,0,0,6,9,2,10.2,0,11.4,1.9,1.24,Dropout
2,8,4,9130,1,13,142.1,1,18,18,11,2,164.3,0,0,0,1,0,0,20,0,0,6,8,5,12.44,0,0,6,9,6,13.9,0,11.0,1.3,2.07,Enrolled
1,11,5,9991,1,10,165.2,1,25,9,8,10,186.6,0,0,0,1,0,0,29,0,0,6,7,0,0,0,0,6,8,1,11.49,0,6.9,2.6,-1.05,Dropout
1,14,4,9147,1,14,156.2,1,3,27,2,2,160.3,0,0,1,1,1,0,19,0,0,6,9,3,10.71,0,0,6,6,2,10.77,0,6.5,1.2,-1.09,Dropout
1,11,4,9670,1,14,154.0,1,8,11,12,9,128.5,0,0,0,1,1,0,21,0,0,6,9,2,12.37,0,0,6,8,1,11.67,0,10.1,2.5,0.56,Dropout
1,18,3,9085,1,4,142.3,1,10,9,5,6,184.4,1,0,0,1,1,1,23,0,0,6,6,4,14.73,0,0,6,6,4,16.9,0,11.5,1.6,1.39,Graduate
1,16,5,9773,1,12,123.3,1,7,6,9,4,131.8,1,0,0,0,0,0,22,0,0,6,7,1,10.66,0,0,6,9,1,12.63,0,8.4,3.2,-0.67,Dropout
1,9,2,9991,1,2,144.6,1,26,18,7,2,134.7,0,0,1,1,1,0,24,0,0,6,6,2,11.85,0,0,6,9,0,0,0,6.7,2.7,0.57,Dropout
1,1,3,171,1,3,120.2,1,8,15,12,11,119.8,1,0,0,1,0,0,18,0,0,6,7,6,12.84,0,0,6,8,4,14.77,0,7.6,1.2,-0.03,Graduate
1,13,4,9556,1,5,147.7,1,9,12,10,7,102.0,1,0,0,1,1,0,18,0,0,6,7,4,11.78,0,0,6,6,4,10.57,0,11.5,2.5,-0.55,Graduate
1,9,1,9085,1,11,155.9,1,21,7,9,12,119.1,1,0,0,1,1,0,18,0,0,6,7,5,10.79,0,0,6,9,6,10.86,0,5.8,1.6,1.02,Graduate
2,16,3,9773,1,15,156.3,1,29,23,4,2,141.2,0,0,0,1,1,0,23,0,0,6,7,5,12.55,0,0,6,9,6,11.21,0,8.2,1.5,-0.11,Enrolled
1,7,2,9670,1,12,165.6,1,18,5,2,1,116.8,1,0,0,1,0,0,21,0,0,6,6,5,12.88,0,0,6,8,5,11.05,0,5.8,0.7,0.37,Graduate
2,13,3,9991,1,13,170.6,1,5,5,11,11,113.3,1,0,0,1,0,0,19,0,0,6,6,6,14.63,0,0,6,8,4,15.82,0,5.1,1.2,-0.36,Graduate
1,3,3,9147,1,2,143.6,1,28,10,11,4,122.6,0,0,0,1,1,0,21,0,0,6,7,5,10.69,0,0,6,9,4,10.06,0,4.7,2.6,-0.75,Graduate
1,2,3,8014,1,8,174.4,1,17,12,12,11,103.4,0,0,0,0,1,0,21,0,0,6,7,3,12.45,0,0,6,6,0,0,0,10.2,3.2,1.90,Dropout
1,12,6,9500,1,1,100.1,1,14,1,8,11,177.4,1,0,0,1,1,0,20,0,0,6,6,6,14.9,0,0,6,7,6,12.58,0,7.0,3.2,-0.75,Graduate
1,3,4,171,1,15,124.5,1,2,29,8,10,131.6,0,0,1,0,0,0,28,0,0,6,9,0,0,0,0,6,7,1,11.14,0,6.9,2.2,-0.29,Dropout
1,7,4,9556,1,14,125.8,1,17,14,7,4,109.2,1,0,1,1,0,0,20,0,0,6,7,3,10.38,0,0,6,7,1,11.31,0,6.8,3.2,0.39,Dropout
1,18,5,171,1,15,139.6,1,2,9,10,5,105.5,1,0,0,1,0,0,22,0,0,6,7,4,15.12,0,0,6,8,5,16.32,0,8.0,0.7,-0.69,Graduate
1,13,1,9991,1,11,131.4,1,23,26,5,9,127.9,1,0,0,1,0,0,22,0,0,6,9,5,13.88,0,0,6,6,4,12.32,0,7.3,1.2,1.81,Graduate
1,15,3,9085,1,1,118.5,1,19,19,6,6,127.4,0,0,0,1,0,0,18,0,0,6,9,4,14.87,0,0,6,7,5,10.24,0,11.6,3.3,1.92,Graduate
1,2,1,9147,1,15,177.9,1,7,17,6,7,122.0,0,0,0,1,1,0,21,0,0,6,7,5,15.79,0,0,6,9,6,14.02,0,6.0,1.6,-0.72,Graduate
1,4,6,9853,1,4,189.3,1,29,17,5,3,162.2,0,0,0,1,1,0,23,0,0,6,6,5,12.67,0,0,6,8,6,12.06,0,6.1,2.2,1.84,Graduate
1,17,3,9119,1,8,187.1,1,8,7,4,7,115.8,0,0,1,1,1,0,20,0,0,6,9,3,11.94,0,0,6,6,1,12.58,0,11.5,3.3,0.83,Dropout
1,12,6,9130,1,3,128.9,1,29,16,7,2,173.5,1,0,0,1,0,1,18,0,0,6,6,4,12.64,0,0,6,7,5,11.84,0,4.1,0.4,0.27,Enrolled
2,11,2,9003,1,12,153.8,1,1,2,1,2,185.7,0,0,0,1,0,0,18,0,0,6,7,3,11.7,0,0,6,9,2,12.97,0,4.1,3.0,0.22,Dropout
1,5,2,9147,1,7,188.2,1,6,6,8,9,176.8,0,0,0,1,0,1,23,0,0,6,6,4,16.93,0,0,6,9,5,13.99,0,3.9,0.9,1.47,Graduate
1,17,6,9500,1,15,184.3,1,3,17,10,12,172.1,0,0,0,1,1,0,19,0,0,6,7,6,14.19,0,0,6,7,6,15.04,0,3.8,2.1,2.27,Enrolled
1,18,4,9070,1,6,165.0,1,10,17,8,8,156.8,0,0,0,1,0,0,23,0,0,6,8,6,15.91,0,0,6,7,4,16.17,0,10.8,1.0,0.42,Graduate
1,14,1,9254,1,15,122.8,1,3,2,7,10,182.0,1,0,0,1,1,0,22,0,0,6,9,4,12.33,0,0,6,9,4,16.8,0,3.7,3.0,1.19,Graduate
1,3,2,33,1,14,120.1,1,21,10,10,3,166.2,1,0,0,1,1,0,20,0,0,6,7,6,11.06,0,0,6,6,6,11.43,0,3.8,1.1,-0.17,Graduate
1,17,5,9500,1,11,171.3,1,12,20,5,6,140.6,1,0,0,1,0,0,19,0,0,6,9,5,15.32,0,0,6,7,6,14.68,0,11.0,1.6,1.57,Graduate
1,9,1,9991,0,9,151.7,1,18,11,8,8,101.8,0,0,0,1,0,0,20,0,0,6,7,4,16.73,0,0,6,6,6,14.29,0,5.4,0.9,-0.54,Graduate
1,15,2,9773,1,14,120.4,1,23,7,10,5,123.0,0,0,0,1,0,0,22,0,0,6,6,6,11.3,0,0,6,9,5,10.24,0,5.6,1.5,-1.67,Graduate
1,2,6,9853,1,2,167.3,1,9,5,1,6,137.0,0,0,0,1,0,0,23,0,0,6,9,6,14.59,0,0,6,9,5,12.22,0,5.9,0.6,-1.53,Graduate
1,2,5,8014,1,11,180.5,1,20,10,5,6,135.6,0,0,0,1,1,0,20,0,0,6,7,6,12.08,0,0,6,6,4,14.87,0,9.4,2.0,1.05,Enrolled
2,13,1,9003,1,15,185.6,1,27,20,8,2,107.0,1,0,0,1,0,0,20,0,0,6,7,5,12.93,0,0,6,8,5,14.45,0,5.0,1.2,1.34,Graduate
1,14,3,9130,1,1,152.9,1,2,28,7,9,168.3,0,0,0,1,0,1,23,0,0,6,9,6,16.52,0,0,6,7,4,13.54,0,7.9,2.0,2.29,Graduate
1,17,5,8014,1,11,112.8,1,24,27,5,3,182.9,1,0,0,1,1,1,23,0,0,6,9,6,11.08,0,0,6,8,4,11.74,0,7.3,2.1,-1.51,Graduate
1,10,4,9085,1,8,175.2,1,28,20,1,12,183.7,1,0,0,1,1,1,18,0,0,6,9,6,14.66,0,0,6,9,5,14.86,0,3.8,3.0,-0.94,Graduate
1,14,2,9085,1,6,153.8,1,21,9,7,8,119.7,1,0,0,1,1,0,20,0,0,6,9,6,14.06,0,0,6,8,6,15.33,0,4.5,2.7,0.74,Graduate
1,16,5,8014,1,13,131.0,1,8,18,1,11,165.9,1,0,0,1,1,0,22,0,0,6,8,4,11.23,0,0,6,7,5,16.21,0,6.3,3.4,-1.12,Graduate
1,18,2,9147,1,4,156.7,1,24,13,6,6,140.5,0,0,0,1,0,0,20,0,0,6,9,4,15.52,0,0,6,6,5,16.75,0,10.4,2.0,1.48,Enrolled
1,16,3,171,1,5,106.6,1,23,25,3,8,154.0,0,0,0,1,1,0,22,0,0,6,6,5,11.51,0,0,6,7,4,12.99,0,7.5,3.1,1.39,Graduate
1,12,1,9853,1,4,160.6,1,3,11,2,5,166.3,1,0,1,0,1,0,24,0,0,6,7,0,0,0,0,6,9,2,10.43,0,7.8,0.8,-0.30,Dropout
1,8,4,9991,1,4,135.2,1,24,15,3,10,130.0,0,0,1,1,0,0,29,0,0,6,8,3,11.56,0,0,6,9,1,10.38,0,8.0,1.2,2.10,Dropout
1,4,4,9991,0,13,182.2,1,25,19,10,7,148.5,0,0,0,1,1,0,23,0,0,6,8,2,10.7,0,0,6,6,0,0,0,6.8,1.2,1.59,Dropout
1,8,2,9500,1,2,139.6,1,5,4,11,3,112.7,0,0,0,1,0,0,22,0,0,6,8,6,12.2,0,0,6,8,6,12.81,0,4.7,1.6,-0.27,Graduate
1,12,1,8014,1,7,133.4,1,16,15,8,12,134.4,1,0,0,1,0,0,22,0,0,6,8,4,14.6,0,0,6,7,6,11.43,0,5.5,1.7,1.30,Enrolled
1,16,2,9119,1,4,139.0,1,7,12,2,11,175.1,0,0,0,1,0,0,21,0,0,6,8,6,16.24,0,0,6,9,5,15.55,0,6.3,1.5,2.11,Graduate
1,17,1,9991,1,6,165.8,1,11,8,8,8,108.7,0,0,0,1,0,0,18,0,0,6,6,4,12.57,0,0,6,7,5,11.59,0,7.4,2.9,1.91,Graduate
2,17,6,9853,0,8,177.3,1,22,4,12,12,138.1,1,0,1,1,0,0,22,0,0,6,6,1,12.91,0,0,6,9,1,11.31,0,6.4,0.5,0.00,Dropout
1,17,5,9119,1,6,144.5,1,23,7,9,3,134.7,0,0,1,1,1,0,22,0,0,6,9,0,0,0,0,6,6,0,0,0,4.5,1.6,0.12,Dropout
1,12,2,9070,0,9,155.3,1,25,6,10,8,153.8,0,0,0,1,0,1,18,0,0,6,8,5,11.58,0,0,6,6,6,12.61,0,11.1,0.7,0.47,Graduate
1,9,1,9238,1,11,167.1,1,9,4,7,5,144.8,0,0,0,1,1,0,22,0,0,6,8,6,12.97,0,0,6,9,5,14.58,0,10.0,2.4,-1.31,Graduate
1,12,3,9254,1,1,169.8,1,15,18,3,1,173.7,1,0,0,1,0,0,19,0,0,6,6,4,12.81,0,0,6,7,6,17,0,10.4,0.8,-1.35,Enrolled
1,11,6,9119,1,9,127.0,1,14,22,3,8,181.4,1,0,0,1,0,1,23,0,0,6,7,4,10.09,0,0,6,6,6,14.27,0,9.1,1.2,-0.41,Graduate
1,11,3,33,1,6,178.2,1,3,13,3,5,137.3,1,0,0,1,0,0,20,0,0,6,6,4,16.87,0,0,6,8,6,13.92,0,6.2,0.6,-0.81,Graduate
1,5,5,9853,1,12,170.5,1,14,21,11,2,152.5,1,0,0,1,1,1,18,0,0,6,7,4,15.81,0,0,6,8,6,10.26,0,7.3,2.6,0.32,Graduate
1,13,3,171,1,8,130.3,1,14,20,9,9,107.8,0,0,0,1,0,0,20,0,0,6,8,5,15.43,0,0,6,7,5,10.52,0,9.1,2.3,-0.78,Graduate
1,9,3,9556,1,6,179.0,1,6,9,1,7,136.3,0,0,0,0,0,0,24,0,0,6,7,1,12.89,0,0,6,9,0,0,0,8.2,2.1,2.08,Dropout
1,18,3,9147,1,10,121.6,1,19,27,3,10,123.9,0,0,0,1,0,0,21,0,0,6,7,6,13.55,0,0,6,7,4,15.13,0,7.4,0.6,1.80,Graduate
1,9,1,33,1,8,136.6,1,11,28,12,7,130.0,0,1,0,1,1,1,19,0,0,6,8,4,16.27,0,0,6,8,6,13.46,0,10.5,0.6,1.68,Graduate
1,10,4,9003,1,12,109.3,1,21,1,3,9,180.5,1,0,1,0,0,0,25,0,0,6,9,0,0,0,0,6,9,2,10.39,0,10.9,3.3,-0.67,Dropout
1,16,3,9254,1,7,172.6,1,27,21,6,2,134.1,0,0,1,0,0,0,27,0,0,6,8,3,11.28,0,0,6,6,1,11.54,0,5.1,0.7,-1.20,Dropout
1,11,2,9085,1,4,179.5,1,7,6,10,11,179.8,1,0,0,1,1,1,21,0,0,6,6,6,16.88,0,0,6,9,4,15.81,0,6.2,0.6,1.97,Graduate
1,9,4,9085,1,2,109.4,1,27,1,6,2,127.4,0,0,1,1,1,0,28,0,0,6,8,1,12.68,0,0,6,6,2,11.71,0,8.2,3.3,-0.49,Dropout
1,2,3,9085,1,5,137.0,1,5,18,6,4,141.0,1,0,0,1,0,0,20,0,0,6,6,5,12.92,0,0,6,6,6,14.94,0,5.3,1.3,-1.31,Enrolled
1,1,3,9119,1,13,133.6,1,6,13,3,10,182.5,1,0,1,1,0,0,23,0,0,6,7,6,11.97,0,0,6,6,4,11,0,7.7,2.4,1.76,Graduate
1,2,5,9500,1,14,146.5,1,2,27,10,1,176.8,0,0,0,1,1,0,23,0,0,6,8,6,15.27,0,0,6,6,4,12.82,0,7.6,0.6,-1.19,Graduate
1,5,5,9147,1,5,180.1,1,10,28,2,8,121.2,1,0,1,0,0,0,19,0,0,6,9,1,12.5,0,0,6,9,0,0,0,4.2,2.0,-1.01,Dropout
1,14,1,9500,1,12,119.0,1,7,11,1,7,108.3,1,0,1,1,1,0,20,0,0,6,8,1,12.15,0,0,6,8,2,11.52,0,9.3,0.9,-1.30,Dropout
1,2,2,9147,0,3,153.9,1,27,29,7,4,151.1,1,0,0,1,0,0,21,0,0,6,7,4,11.46,0,0,6,7,4,15.06,0,7.9,3.1,1.82,Graduate
1,12,5,33,1,11,120.8,1,23,1,4,2,180.8,1,0,0,1,1,0,22,0,0,6,7,3,11.43,0,0,6,9,1,10.46,0,11.0,1.5,1.20,Dropout
1,12,5,9773,1,10,111.1,1,7,24,2,12,182.6,1,0,0,0,1,0,26,0,0,6,6,1,12.78,0,0,6,6,0,0,0,10.7,1.6,1.02,Dropout
1,10,6,9147,1,7,149.8,1,4,17,11,6,101.1,1,0,0,0,1,1,19,0,0,6,7,0,0,0,0,6,6,1,11.21,0,10.6,2.0,-0.08,Dropout
1,9,1,9238,1,9,164.5,1,8,16,6,5,117.2,0,0,0,1,1,0,20,0,0,6,7,5,11.82,0,0,6,8,4,10.63,0,5.3,2.2,0.37,Graduate
1,5,1,9238,1,12,153.4,1,29,13,5,12,163.8,0,0,0,1,0,1,18,0,0,6,9,4,12.7,0,0,6,8,6,16.61,0,8.9,1.8,0.02,Graduate
1,6,5,9853,1,11,154.6,1,26,8,8,11,181.5,0,0,1,0,0,0,20,0,0,6,8,2,12.11,0,0,6,8,0,0,0,11.0,1.2,2.02,Dropout
1,11,1,9238,1,3,172.1,1,24,5,3,4,126.0,0,0,0,0,0,0,19,0,0,6,9,0,0,0,0,6,9,1,10.44,0,7.3,1.3,-1.20,Dropout
1,14,4,9500,1,5,170.6,1,6,21,5,1,128.4,1,0,0,1,0,0,20,0,0,6,7,5,13.17,0,0,6,6,4,11.93,0,5.7,2.1,1.07,Graduate
1,13,1,9130,1,6,160.9,1,8,14,11,5,187.8,1,0,0,1,0,0,19,0,0,6,6,4,16.78,0,0,6,9,5,12.74,0,8.2,2.9,0.90,Enrolled
1,3,6,9130,1,12,117.6,1,11,9,9,1,127.0,1,0,0,1,1,1,19,0,0,6,9,4,16.66,0,0,6,7,4,15.45,0,7.2,2.9,-1.36,Enrolled
1,6,2,9670,0,9,118.2,1,9,11,9,1,187.4,1,0,0,1,0,0,20,0,0,6,9,6,15.91,0,0,6,6,4,15.34,0,5.6,2.5,0.53,Enrolled
1,12,4,9085,0,5,187.4,1,9,7,12,6,123.0,1,0,1,0,0,1,18,0,0,6,9,3,12.22,0,0,6,6,1,11.03,0,4.0,1.4,0.15,Dropout
1,6,6,9254,1,2,104.4,1,11,23,11,4,163.0,0,0,0,1,0,0,19,0,0,6,9,4,11.89,0,0,6,6,6,14.92,0,5.3,1.8,-1.06,Enrolled
1,3,6,33,1,14,150.2,1,10,7,2,1,181.3,1,0,0,1,0,1,23,0,0,6,8,5,11.68,0,0,6,6,5,10.39,0,11.1,1.0,0.78,Graduate
1,12,3,9773,1,8,182.4,1,10,24,5,11,109.3,1,0,0,1,1,1,21,0,0,6,6,6,10.49,0,0,6,8,6,14.94,0,6.0,1.7,0.32,Enrolled
1,11,5,9119,1,5,107.5,1,19,25,3,1,162.0,0,1,0,1,1,1,23,0,0,6,9,5,10.24,0,0,6,7,6,16.72,0,4.5,3.1,1.12,Enrolled
1,11,5,9670,1,8,139.6,1,17,2,11,4,102.8,1,0,0,1,0,0,23,0,0,6,6,4,10.16,0,0,6,6,5,13.78,0,10.8,1.0,0.71,Enrolled
1,3,2,9670,1,15,125.9,1,20,12,7,5,183.5,0,0,0,1,0,0,19,0,0,6,9,4,10.07,0,0,6,8,6,15.13,0,3.6,2.1,0.32,Graduate
1,10,2,9254,1,9,116.9,1,23,28,2,12,167.4,0,0,0,1,0,0,20,0,0,6,9,2,11.34,0,0,6,7,0,0,0,5.2,1.6,1.37,Dropout
1,4,1,8014,1,2,129.4,1,5,25,10,10,126.9,1,0,0,1,0,0,22,0,0,6,9,5,10.55,0,0,6,9,4,13.82,0,7.0,1.2,1.46,Graduate
1,3,6,171,1,2,103.6,1,20,23,1,12,124.8,1,0,0,1,1,1,23,0,0,6,9,4,16.29,0,0,6,9,6,15.38,0,9.8,0.9,-1.29,Graduate
2,17,5,9500,0,11,187.8,1,8,28,2,10,135.3,0,0,0,1,1,0,18,0,0,6,7,6,15.82,0,0,6,9,4,15.08,0,7.9,3.2,-1.09,Enrolled
1,6,1,9991,1,3,149.8,1,14,19,4,2,127.3,1,0,0,1,0,0,21,0,0,6,7,4,15,0,0,6,6,6,14.98,0,8.9,0.6,-1.19,Graduate
1,14,2,9500,1,12,187.2,1,6,3,5,8,165.6,1,0,1,1,1,0,18,0,0,6,6,1,11.48,0,0,6,9,0,0,0,6.3,1.9,1.55,Dropout
1,4,5,9556,0,7,161.2,1,28,19,1,4,149.7,1,0,0,1,0,0,21,0,0,6,9,4,16.87,0,0,6,6,6,14.36,0,7.4,2.3,-0.48,Graduate
1,16,5,9670,1,5,143.3,1,26,28,7,9,107.7,1,0,0,1,0,0,20,0,0,6,9,6,11.97,0,0,6,9,6,14.54,0,4.5,2.3,-0.22,Graduate
2,9,6,9500,1,5,131.4,1,23,29,3,2,185.7,1,0,0,1,0,0,23,0,0,6,6,4,11.52,0,0,6,7,5,16.76,0,8.6,3.0,1.13,Enrolled
2,10,5,9853,0,4,125.5,1,17,19,7,11,173.1,1,0,0,1,0,0,22,0,0,6,6,4,10.69,0,0,6,9,6,16.77,0,8.3,3.2,2.23,Enrolled
1,7,2,9556,1,12,112.7,1,9,27,3,1,158.5,1,0,0,1,0,0,20,0,0,6,6,6,15.41,0,0,6,9,4,11.79,0,9.5,2.0,-0.53,Graduate
1,9,1,9085,0,12,123.2,1,1,16,10,4,113.1,1,0,1,1,0,0,24,0,0,6,9,1,12.42,0,0,6,9,2,12.34,0,6.8,0.7,0.93,Dropout
1,5,6,171,1,6,167.4,1,8,2,11,11,112.0,0,0,0,1,1,0,18,0,0,6,7,6,16.93,0,0,6,7,4,11.52,0,11.5,1.4,1.87,Graduate
2,17,5,9556,1,8,135.2,1,27,8,5,7,143.2,1,0,0,1,1,0,20,0,0,6,8,4,16.68,0,0,6,8,6,14.02,0,10.7,3.0,1.18,Enrolled
1,10,2,9773,1,5,145.9,1,6,17,7,9,145.1,1,0,1,1,0,0,23,0,0,6,8,4,11.73,0,0,6,7,6,16.76,0,10.4,1.1,0.20,Graduate
1,18,4,9238,1,9,139.6,1,15,15,1,2,144.1,0,0,0,1,1,1,20,0,0,6,6,5,15.3,0,0,6,7,5,16.54,0,11.0,0.5,-0.39,Graduate
1,2,5,9003,0,10,166.7,1,22,16,2,4,123.0,1,0,0,1,0,0,18,0,0,6,8,4,12.25,0,0,6,8,4,10.81,0,4.9,1.4,0.83,Enrolled
2,3,2,9254,1,11,150.7,1,29,8,11,10,169.8,0,0,0,1,1,1,22,0,0,6,7,4,11.15,0,0,6,8,6,12.77,0,9.3,0.7,1.97,Graduate
1,16,2,9500,1,11,189.3,1,27,2,5,3,118.8,1,0,1,0,1,0,22,0,0,6,6,2,12.11,0,0,6,8,2,11.77,0,10.3,2.3,-0.90,Dropout
1,2,5,171,1,6,153.5,1,20,27,4,5,163.5,1,0,0,1,1,0,22,0,0,6,7,5,14.66,0,0,6,6,5,12.7,0,6.4,1.2,1.48,Graduate
1,8,3,9070,1,13,164.9,1,3,25,3,10,159.1,1,0,0,1,1,0,21,0,0,6,8,5,15.48,0,0,6,7,6,14.4,0,3.7,0.9,-1.23,Enrolled
1,8,1,9070,0,5,115.7,1,6,19,4,7,130.9,0,0,0,1,1,0,23,0,0,6,7,5,15.4,0,0,6,8,4,12.83,0,5.1,1.7,1.37,Enrolled
1,16,3,9130,1,10,111.2,1,6,26,8,2,183.4,0,0,0,1,1,0,22,0,0,6,9,6,14.18,0,0,6,6,6,15.49,0,11.5,3.2,1.10,Enrolled
1,3,5,9556,1,14,178.1,1,27,26,6,1,172.6,1,0,0,1,0,0,20,0,0,6,6,5,10.87,0,0,6,9,5,14.16,0,5.4,3.3,0.89,Graduate
1,4,1,9238,1,10,142.1,1,5,22,3,8,102.1,1,0,0,1,1,0,22,0,0,6,7,5,15.03,0,0,6,6,6,15.87,0,6.7,2.8,-1.20,Graduate
1,1,3,9500,1,1,129.2,1,22,10,4,3,117.0,0,0,0,1,1,0,21,0,0,6,8,4,11.22,0,0,6,8,6,14.55,0,4.6,1.2,-1.51,Graduate
1,11,5,8014,1,12,178.4,1,18,19,7,10,183.3,1,0,0,1,0,0,19,0,0,6,7,5,13.74,0,0,6,8,5,14.56,0,3.7,0.6,-1.25,Graduate
1,1,6,9670,1,14,151.6,1,29,7,7,11,117.9,1,0,1,1,0,0,23,0,0,6,8,3,10.96,0,0,6,6,2,11.24,0,3.7,2.7,-1.26,Dropout
1,4,1,171,1,3,139.0,1,2,20,7,10,154.7,0,0,1,1,0,0,23,0,0,6,8,3,11.32,0,0,6,6,0,0,0,5.5,1.9,1.48,Dropout
1,3,5,9773,1,5,102.2,1,26,8,7,5,180.8,1,0,1,0,0,0,21,0,0,6,7,1,11.35,0,0,6,8,0,0,0,7.7,0.7,-1.52,Dropout
1,1,5,9119,1,14,161.1,1,7,9,11,12,145.4,0,0,0,1,0,0,22,0,0,6,8,5,12.7,0,0,6,9,5,14.07,0,3.6,3.2,0.50,Graduate
1,2,6,9238,1,4,137.0,1,21,23,10,5,146.1,0,0,0,1,0,1,19,0,0,6,8,4,16.72,0,0,6,9,6,14.94,0,9.9,3.2,-1.15,Enrolled
2,9,4,9003,1,10,146.8,1,18,11,3,7,186.2,1,0,1,0,0,0,20,0,0,6,6,1,10.36,0,0,6,7,0,0,0,5.5,1.1,-1.27,Dropout
1,2,3,9254,1,9,172.8,1,14,24,8,4,148.8,1,0,0,1,0,1,23,0,0,6,6,4,13.21,0,0,6,7,5,14.14,0,4.5,2.3,0.15,Graduate
1,3,2,33,1,2,122.8,1,20,17,8,6,116.2,1,0,0,1,0,0,21,0,0,6,7,3,11.09,0,0,6,6,2,11.84,0,8.8,1.6,1.61,Dropout
1,4,4,9500,1,15,107.6,1,8,24,2,11,152.2,0,0,0,1,0,0,19,0,0,6,9,5,11.72,0,0,6,8,4,12.61,0,4.5,3.2,-1.65,Graduate
1,14,3,33,1,1,102.0,1,23,26,1,1,163.1,0,0,0,1,0,1,23,0,0,6,8,6,12.36,0,0,6,8,6,16.61,0,5.6,1.3,-1.64,Enrolled
1,7,6,33,1,1,129.5,1,28,4,1,4,137.0,0,0,0,1,1,0,22,0,0,6,8,6,10.32,0,0,6,8,6,15.83,0,10.7,1.4,1.28,Graduate
1,1,3,9254,1,3,137.1,1,4,16,4,11,183.7,0,0,0,1,0,0,23,0,0,6,9,5,13.35,0,0,6,7,5,16.36,0,11.0,2.9,0.04,Graduate
2,9,6,9119,1,4,134.3,1,25,25,9,4,144.4,0,0,0,1,1,0,21,0,0,6,7,5,14.11,0,0,6,9,5,12.14,0,5.9,2.2,-1.30,Graduate
1,11,2,9119,1,11,161.3,1,22,7,9,6,100.2,1,0,0,1,0,0,20,0,0,6,7,4,12.45,0,0,6,7,5,15.64,0,8.8,2.0,1.07,Graduate
1,6,3,171,1,5,164.2,1,26,18,2,4,132.3,0,0,0,1,0,0,23,0,0,6,8,3,12.55,0,0,6,8,2,10.02,0,10.4,2.5,-1.26,Dropout
1,8,4,9070,1,11,186.8,1,3,7,6,3,125.0,1,0,0,1,1,0,18,0,0,6,7,4,16.23,0,0,6,9,5,12.33,0,9.4,1.5,0.48,Graduate
1,5,3,9119,1,14,151.6,1,13,12,1,3,188.1,0,0,0,1,0,0,22,0,0,6,7,5,13.02,0,0,6,8,5,10.46,0,8.9,2.3,-0.48,Graduate
1,5,5,8014,1,11,105.5,1,28,29,2,2,151.3,1,0,0,1,1,0,22,0,0,6,6,5,10.3,0,0,6,7,5,11.43,0,8.4,0.9,-0.03,Graduate
1,7,2,171,1,7,158.3,1,1,1,11,9,163.9,0,1,0,1,0,0,23,0,0,6,6,5,15.29,0,0,6,6,4,13.7,0,3.8,2.9,0.07,Graduate
1,9,5,9119,1,15,129.4,1,22,22,9,12,166.3,1,0,0,1,0,1,20,0,0,6,9,5,15.32,0,0,6,9,6,10.24,0,10.6,1.5,-0.67,Graduate
1,13,3,9119,1,2,101.8,1,17,29,3,4,120.0,1,0,0,1,0,0,23,0,0,6,8,4,14.22,0,0,6,7,4,11.5,0,9.8,2.9,0.72,Graduate
1,4,1,9130,1,5,158.3,1,25,22,5,3,140.4,1,0,0,0,0,0,24,0,0,6,7,2,12.66,0,0,6,7,1,10.71,0,7.7,1.4,0.49,Dropout
1,4,3,9853,1,11,126.6,1,21,28,8,12,102.1,1,0,0,1,0,1,18,0,0,6,9,4,11.1,0,0,6,6,6,12.6,0,8.9,1.3,0.08,Graduate
1,7,4,9070,1,15,180.3,1,3,4,6,2,175.2,0,0,0,1,0,0,21,0,0,6,7,5,11.77,0,0,6,8,5,13.07,0,7.3,1.4,-0.72,Graduate
1,16,3,9238,0,4,146.5,1,22,17,9,10,178.8,0,1,0,1,1,0,20,0,0,6,9,5,11.83,0,0,6,9,5,10.06,0,10.3,1.5,-1.20,Graduate
1,9,2,171,1,6,112.5,1,2,27,1,7,157.6,1,0,0,1,0,0,22,0,0,6,9,5,11.99,0,0,6,7,4,15.06,0,10.0,0.6,-1.59,Graduate
2,18,3,9085,1,1,138.4,1,26,5,7,4,171.0,1,0,0,1,1,0,23,0,0,6,8,1,12.56,0,0,6,9,1,11.51,0,6.6,2.9,0.03,Dropout
2,5,2,9070,0,2,164.3,1,14,23,5,5,127.0,0,0,0,0,1,0,20,0,0,6,9,0,0,0,0,6,7,1,12.94,0,10.5,1.6,-1.50,Dropout
1,4,6,9254,1,4,108.3,1,16,10,5,3,157.0,0,0,0,1,0,0,20,0,0,6,6,6,12.3,0,0,6,8,4,15.34,0,11.3,0.7,-1.28,Graduate
1,5,2,171,0,8,122.9,1,22,8,6,3,109.9,0,0,0,1,0,1,23,0,0,6,9,5,16.99,0,0,6,9,5,11.11,0,4.9,1.5,-0.16,Graduate
1,4,2,9119,1,13,102.7,1,28,27,11,4,110.0,1,0,0,1,1,0,24,0,0,6,7,3,11.8,0,0,6,9,0,0,0,10.5,1.9,1.12,Dropout
1,15,1,9853,1,7,179.9,1,27,7,1,1,152.5,0,0,1,1,0,0,21,0,0,6,8,2,12.6,0,0,6,8,0,0,0,10.9,2.1,-0.45,Dropout
1,18,5,9991,1,4,101.8,1,15,24,11,8,138.3,1,0,1,1,1,0,28,0,0,6,7,2,12.58,0,0,6,7,2,12.91,0,4.9,3.3,-1.41,Dropout
2,4,6,9003,1,14,181.5,1,4,21,9,2,156.6,1,0,0,1,0,0,19,0,0,6,9,4,16.85,0,0,6,6,5,10.09,0,4.9,1.5,-0.56,Graduate
1,8,1,9773,1,10,176.3,1,17,29,1,7,152.7,1,0,0,1,1,0,20,0,0,6,8,6,15.35,0,0,6,9,5,14.49,0,4.3,1.2,0.30,Graduate
1,16,1,9238,1,2,120.1,1,26,5,5,2,129.4,0,0,0,1,1,0,23,0,0,6,7,4,14.32,0,0,6,9,4,12.08,0,7.2,0.7,0.07,Graduate
1,1,3,9119,1,15,139.4,1,10,2,3,6,153.2,1,0,0,1,0,0,18,0,0,6,7,4,16.25,0,0,6,9,5,10.84,0,9.5,2.0,0.61,Graduate
2,15,1,9991,1,10,136.5,1,4,20,12,11,154.3,0,0,1,0,1,0,20,0,0,6,8,2,12.17,0,0,6,8,2,11.93,0,9.5,1.6,1.13,Dropout
1,15,4,171,1,1,159.8,1,13,16,1,9,150.5,1,0,1,1,0,0,25,0,0,6,7,2,10.08,0,0,6,8,2,12.32,0,9.9,1.4,0.91,Dropout
1,7,1,33,1,15,185.7,1,12,12,12,8,103.5,1,1,0,1,0,0,21,0,0,6,7,4,13.07,0,0,6,7,6,13.48,0,8.8,1.8,-0.13,Enrolled
1,8,3,9991,1,13,186.8,1,12,14,8,10,156.2,0,0,0,1,1,0,18,0,0,6,9,5,16.51,0,0,6,9,6,15.68,0,7.6,1.3,1.66,Enrolled
1,4,5,9556,0,8,163.8,1,29,19,1,4,154.8,1,0,0,1,1,0,18,0,0,6,7,6,11.15,0,0,6,9,6,10.78,0,8.6,3.3,0.87,Graduate
1,11,6,9991,1,13,175.7,1,12,8,6,5,123.6,0,0,0,0,1,0,24,0,0,6,9,3,10.62,0,0,6,8,0,0,0,5.1,2.2,0.94,Dropout
1,3,5,9853,1,13,181.3,1,8,24,2,3,149.9,0,0,0,1,0,0,21,0,0,6,9,5,11.91,0,0,6,6,4,15.83,0,10.1,0.9,0.93,Graduate
1,18,4,9670,1,5,165.7,1,2,10,10,9,120.2,0,0,0,1,1,0,19,0,0,6,6,6,11.35,0,0,6,7,5,12.68,0,8.6,3.1,-1.63,Graduate
1,18,3,9147,0,8,106.2,1,8,20,12,6,188.4,1,0,0,1,0,0,18,0,0,6,6,4,16.93,0,0,6,8,6,15.74,0,4.6,2.3,1.01,Graduate
1,3,3,9773,1,3,177.4,1,11,2,1,11,181.3,1,0,0,1,0,0,23,0,0,6,9,4,14.93,0,0,6,6,6,12.49,0,6.2,3.3,1.47,Enrolled
1,7,6,8014,1,1,145.1,1,7,26,2,5,130.8,1,0,0,1,0,1,19,0,0,6,8,5,16.57,0,0,6,6,5,14.02,0,6.8,2.7,-0.34,Enrolled
1,4,4,9500,1,9,170.5,1,12,22,11,10,138.4,0,0,0,0,0,0,24,0,0,6,7,1,11.35,0,0,6,9,2,10.32,0,10.0,1.4,0.50,Dropout
1,17,2,9670,1,4,117.8,1,26,17,11,9,107.8,1,0,1,0,0,0,21,0,0,6,7,3,10.93,0,0,6,7,0,0,0,3.9,3.0,-0.83,Dropout
1,1,2,9003,1,14,139.0,1,22,26,9,7,177.4,0,0,0,1,1,1,21,0,0,6,6,5,15.4,0,0,6,7,4,14.63,0,11.2,2.2,-0.20,Enrolled
1,13,6,9119,1,14,131.8,1,22,26,9,9,163.4,0,0,0,1,0,0,23,0,0,6,7,1,10.46,0,0,6,9,0,0,0,4.3,1.2,-0.80,Dropout
1,11,1,9147,1,6,112.8,1,28,29,8,2,168.8,1,0,0,1,0,0,21,0,0,6,7,4,14.58,0,0,6,8,5,16.88,0,8.4,0.7,2.22,Graduate
1,3,5,171,1,9,187.4,1,24,15,1,7,155.7,0,0,1,0,0,0,24,0,0,6,6,1,11.74,0,0,6,9,1,11.17,0,8.5,1.0,1.92,Dropout
1,12,4,9670,1,13,145.1,1,3,21,5,12,180.5,0,0,1,1,0,1,23,0,0,6,6,0,0,0,0,6,7,0,0,0,10.9,2.8,1.54,Dropout
1,15,6,9147,1,10,125.0,1,17,23,3,6,171.1,1,0,0,1,0,0,23,0,0,6,6,4,10.56,0,0,6,8,4,11.95,0,8.6,2.3,1.32,Enrolled
1,15,1,9773,1,6,159.5,1,16,26,5,12,137.6,1,0,0,1,0,0,26,0,0,6,8,0,0,0,0,6,6,1,12.94,0,4.3,1.4,0.05,Dropout
1,14,3,9147,0,5,108.9,1,6,10,1,10,180.1,0,0,0,1,0,0,23,0,0,6,6,3,10.39,0,0,6,9,2,12.05,0,4.6,2.8,1.95,Dropout
2,12,2,9853,1,8,121.6,1,10,4,10,11,123.9,1,0,1,0,1,1,23,0,0,6,7,3,11.71,0,0,6,9,1,12.05,0,7.3,2.0,-1.40,Dropout
1,1,4,9070,1,14,108.5,1,7,26,11,1,137.2,0,0,0,1,0,0,18,0,0,6,9,5,15.58,0,0,6,6,5,16.15,0,7.6,1.9,-1.30,Graduate
1,10,6,9853,1,5,141.2,1,14,26,7,4,183.6,0,0,0,1,1,0,20,0,0,6,7,3,12.73,0,0,6,9,0,0,0,8.1,2.7,-0.55,Dropout
1,11,4,9085,1,2,175.3,1,13,4,7,2,106.3,1,0,1,1,0,0,27,0,0,6,8,0,0,0,0,6,7,1,12.03,0,7.4,2.5,-1.25,Dropout
2,5,2,33,0,5,180.5,1,29,12,2,1,155.0,0,0,1,1,1,0,28,0,0,6,9,3,11.33,0,0,6,6,2,11.87,0,8.8,2.8,-1.63,Dropout
1,8,6,33,0,10,119.9,1,29,13,5,11,127.8,0,0,0,1,0,1,23,0,0,6,7,3,10.57,0,0,6,7,0,0,0,10.8,1.4,0.02,Dropout
1,14,1,9991,1,2,138.3,1,25,7,2,4,181.7,1,0,0,1,1,0,22,0,0,6,8,5,16.7,0,0,6,9,6,15.04,0,11.3,1.7,0.78,Graduate
1,6,4,171,1,1,105.4,1,13,14,3,9,125.6,1,0,0,1,1,0,20,0,0,6,7,5,11.1,0,0,6,8,4,11.77,0,5.9,1.3,1.36,Graduate
1,16,3,9238,1,3,164.1,1,24,8,1,2,143.6,0,0,0,1,0,1,18,0,0,6,7,6,16.84,0,0,6,8,6,12,0,9.7,3.3,0.03,Graduate
1,12,5,9556,0,4,117.5,1,8,10,11,8,163.7,1,0,1,0,0,0,29,0,0,6,6,0,0,0,0,6,7,1,12.33,0,7.3,1.5,-0.04,Dropout
2,5,1,9991,1,11,128.8,1,14,18,2,7,136.2,1,0,1,0,1,0,19,0,0,6,8,0,0,0,0,6,7,1,10.35,0,3.7,1.4,2.23,Dropout
1,18,4,9773,1,6,154.9,1,6,15,9,9,128.5,1,0,0,1,0,0,21,0,0,6,6,4,15.15,0,0,6,9,4,10.07,0,9.4,1.0,2.15,Enrolled
1,4,4,9130,1,13,106.5,1,28,5,6,5,174.4,1,0,0,1,0,0,28,0,0,6,6,3,10.15,0,0,6,8,1,12.61,0,7.7,0.9,-0.27,Dropout
1,12,5,9556,1,6,178.3,1,27,6,7,11,111.3,0,0,0,1,1,1,20,0,0,6,9,6,14.59,0,0,6,8,4,11.39,0,10.6,1.9,-1.52,Enrolled
1,5,5,8014,1,15,108.4,1,15,22,11,1,161.7,1,0,0,1,0,0,18,0,0,6,8,4,14.19,0,0,6,9,5,11.64,0,10.1,1.5,-0.99,Graduate
1,17,2,33,0,14,155.1,1,24,20,3,7,104.1,1,0,0,1,0,0,23,0,0,6,6,6,15.11,0,0,6,7,4,10.25,0,10.9,3.3,2.15,Graduate
1,5,1,9238,1,1,180.9,1,2,17,7,4,146.7,1,0,0,1,0,0,21,0,0,6,7,6,15.3,0,0,6,6,6,14.45,0,5.3,3.3,-1.53,Graduate
1,6,4,9070,0,2,100.3,1,23,11,11,1,146.6,1,0,1,0,1,0,20,0,0,6,7,2,11.49,0,0,6,9,2,10.56,0,7.0,2.9,0.75,Dropout
1,10,1,9238,0,14,159.1,1,28,21,4,12,188.7,0,0,1,1,0,0,24,0,0,6,8,3,10.95,0,0,6,9,2,10.4,0,7.1,0.8,-0.57,Dropout
1,10,1,9670,1,9,154.3,1,13,13,11,6,178.9,1,0,0,1,0,1,22,0,0,6,6,4,14.4,0,0,6,7,5,12.67,0,4.7,3.3,-0.51,Graduate
1,13,3,9085,0,10,179.7,1,2,22,7,1,178.2,0,0,0,1,0,0,25,0,0,6,7,1,10.27,0,0,6,8,2,12.91,0,7.1,0.6,-1.49,Dropout
1,9,2,9085,1,12,136.5,1,11,28,12,12,147.5,0,0,0,1,1,1,29,0,0,6,7,0,0,0,0,6,9,1,12.12,0,10.7,3.2,1.56,Dropout
1,2,6,9254,1,13,140.1,1,26,16,10,7,120.8,0,0,0,1,0,1,21,0,0,6,9,6,11.49,0,0,6,9,4,13.37,0,9.1,2.8,1.38,Graduate
1,4,1,33,1,9,113.9,1,14,29,8,6,136.0,0,0,0,1,1,0,22,0,0,6,7,4,11.43,0,0,6,7,6,14.1,0,8.0,2.1,0.90,Graduate
1,13,2,9670,1,15,148.6,1,25,24,1,6,183.4,1,0,1,1,1,0,23,0,0,6,7,5,13.92,0,0,6,6,5,14.43,0,3.7,2.9,2.11,Enrolled
1,7,5,9130,1,13,157.2,1,12,5,10,9,137.0,1,0,0,1,0,0,23,0,0,6,7,6,15.4,0,0,6,7,4,14.16,0,9.7,2.0,-1.19,Graduate
1,18,4,9147,1,12,142.1,1,10,28,12,3,172.0,0,0,0,1,0,0,23,0,0,6,8,4,10.94,0,0,6,8,4,15.23,0,7.2,1.0,1.41,Enrolled
1,13,1,8014,1,10,115.5,1,19,21,10,8,151.4,0,0,0,1,0,1,22,0,0,6,9,4,14.17,0,0,6,6,6,10.95,0,9.5,1.0,0.54,Graduate
1,2,3,9238,1,4,177.1,1,8,26,9,3,168.7,1,0,1,0,0,0,27,0,0,6,8,3,11.59,0,0,6,6,2,10.35,0,9.0,3.0,-1.63,Dropout
1,1,2,9085,1,10,164.5,1,10,23,12,12,174.1,0,0,0,1,0,1,18,0,0,6,7,4,14.1,0,0,6,9,5,13.1,0,4.1,3.0,2.16,Graduate
1,12,1,9254,1,15,113.6,1,10,21,9,12,188.3,0,0,0,1,0,0,22,0,0,6,8,4,11.82,0,0,6,8,6,10.75,0,7.7,2.6,0.54,Enrolled
1,2,4,9085,0,15,185.5,1,10,7,7,2,104.9,1,0,0,1,0,0,22,0,0,6,6,4,14.85,0,0,6,7,4,17,0,5.6,0.8,0.01,Graduate
1,16,3,9119,1,13,185.3,1,9,12,7,4,144.6,1,0,0,1,1,0,20,0,0,6,7,5,10.19,0,0,6,6,6,14.81,0,4.5,0.5,-0.88,Graduate
1,8,6,8014,1,14,178.1,1,19,6,12,6,115.6,1,0,0,1,0,0,20,0,0,6,6,4,13.83,0,0,6,8,5,12.25,0,11.0,1.0,1.48,Enrolled
1,3,2,9238,1,10,180.3,1,3,28,11,2,177.8,0,0,0,1,0,0,20,0,0,6,7,4,11.65,0,0,6,7,5,11.49,0,3.8,1.1,0.73,Graduate
2,18,1,171,1,5,101.2,1,14,21,1,1,122.7,0,0,0,0,1,0,20,0,0,6,6,1,12.9,0,0,6,9,1,12.68,0,11.5,2.4,0.88,Dropout
1,14,6,33,0,9,156.8,1,18,23,8,9,155.8,1,0,0,1,1,0,21,0,0,6,9,3,12.68,0,0,6,8,2,11.07,0,10.9,0.4,-0.21,Dropout
1,15,2,9853,1,14,112.9,1,1,11,12,5,150.4,1,0,0,1,0,0,18,0,0,6,7,6,12.49,0,0,6,9,4,12.34,0,10.5,3.2,1.68,Enrolled
1,5,2,9773,1,15,132.3,1,12,3,5,8,173.5,0,0,0,1,0,0,22,0,0,6,7,6,14.83,0,0,6,9,6,11.21,0,7.9,3.1,-1.17,Graduate
1,1,3,9085,1,5,177.5,1,17,18,6,2,178.4,0,0,1,1,1,0,20,0,0,6,7,3,12.51,0,0,6,7,1,12.71,0,7.1,0.5,2.02,Dropout
1,11,2,171,1,15,183.9,1,2,25,5,7,146.4,1,0,1,1,0,0,24,0,0,6,7,1,10.26,0,0,6,8,0,0,0,8.7,2.1,-0.56,Dropout
2,8,5,9773,1,8,114.5,1,1,29,7,8,121.2,0,0,0,1,1,1,19,0,0,6,6,6,13.81,0,0,6,8,5,14.16,0,8.6,1.1,0.89,Enrolled
1,12,5,9003,1,3,140.3,1,23,15,11,1,110.4,1,0,0,1,0,0,22,0,0,6,6,5,12.7,0,0,6,9,4,11.27,0,3.8,2.3,1.10,Graduate
1,14,3,9119,1,9,154.1,1,26,27,10,9,134.2,1,0,0,1,0,1,21,0,0,6,8,6,13.45,0,0,6,6,4,16.61,0,5.6,2.3,-0.95,Graduate
1,18,4,9500,1,11,176.0,1,12,15,10,6,131.6,1,0,1,1,1,0,22,0,0,6,7,4,15.4,0,0,6,6,5,16.97,0,7.4,3.0,0.66,Graduate
1,14,4,9070,1,7,168.5,1,2,25,5,6,146.8,1,0,0,1,0,0,21,0,0,6,9,5,10.7,0,0,6,9,6,11.68,0,8.2,2.4,-0.77,Graduate
1,15,3,9003,0,2,146.8,1,29,16,9,10,104.6,0,0,0,1,1,1,26,0,0,6,9,3,11.74,0,0,6,7,2,10.29,0,4.3,3.1,2.07,Dropout
1,3,3,9003,1,12,132.4,1,4,22,11,3,132.5,0,0,0,1,0,1,18,0,0,6,8,5,10.72,0,0,6,8,4,16.65,0,10.6,3.2,0.72,Graduate
1,7,5,9147,1,12,106.9,1,5,23,6,5,150.2,1,0,0,1,1,0,18,0,0,6,8,6,16.72,0,0,6,9,5,14.06,0,6.2,1.2,1.18,Enrolled
2,5,1,9991,1,3,186.1,1,21,28,3,10,162.2,1,0,1,1,1,0,22,0,0,6,9,6,11.8,0,0,6,7,4,15.6,0,7.9,2.1,-0.89,Enrolled
1,5,6,9085,1,6,176.8,1,20,7,1,7,132.7,1,0,0,1,0,1,19,0,0,6,8,5,12.66,0,0,6,8,5,10.96,0,7.8,1.6,-1.56,Graduate
1,9,2,9085,1,8,125.1,1,24,5,1,3,184.1,0,0,0,1,1,0,18,0,0,6,8,4,12.23,0,0,6,6,4,11.44,0,11.2,2.3,-1.00,Graduate
1,6,4,9238,1,14,110.0,1,16,23,6,4,183.3,1,0,1,1,1,0,23,0,0,6,6,0,0,0,0,6,7,1,10.12,0,10.7,1.1,1.12,Dropout
1,11,2,9130,1,10,155.4,1,18,5,9,11,160.3,1,0,0,1,1,0,23,0,0,6,8,5,14.55,0,0,6,9,5,12.65,0,8.0,1.6,-0.68,Graduate
1,14,2,9254,1,4,117.7,1,27,3,11,10,152.4,1,0,0,1,0,0,21,0,0,6,6,6,12.9,0,0,6,7,4,11.46,0,10.0,0.9,1.65,Graduate
1,3,6,9119,0,2,164.5,1,1,10,5,12,144.0,0,0,0,1,1,0,19,0,0,6,6,5,11.44,0,0,6,9,5,14.93,0,3.9,0.5,1.17,Graduate
1,13,6,8014,1,3,140.7,1,29,23,1,2,180.3,1,0,0,1,0,1,22,0,0,6,9,5,13.87,0,0,6,8,6,11.89,0,5.8,1.9,0.40,Graduate
2,4,1,9147,1,4,103.7,1,27,17,3,8,157.7,1,0,0,1,0,0,21,0,0,6,7,6,11.79,0,0,6,8,5,12.51,0,9.3,2.7,-1.52,Graduate
1,18,2,9085,1,14,129.0,1,3,21,9,7,181.0,1,0,0,1,1,0,21,0,0,6,7,6,10.95,0,0,6,6,4,15.77,0,8.7,1.7,0.28,Graduate
2,14,1,9254,1,7,139.4,1,11,7,5,7,187.3,0,0,0,1,1,0,22,0,0,6,6,4,16.59,0,0,6,6,4,12.46,0,11.0,1.6,-0.86,Enrolled
1,16,4,9254,1,3,101.9,1,7,18,4,3,188.5,1,0,0,1,0,0,20,0,0,6,7,4,12.91,0,0,6,6,5,10.57,0,9.4,1.1,-0.03,Graduate
1,15,2,9254,1,8,177.8,1,2,2,6,12,188.7,1,0,0,1,0,1,20,0,0,6,7,6,11.04,0,0,6,6,6,13.38,0,4.7,1.7,1.38,Graduate
1,12,4,9085,1,14,110.6,1,17,23,2,6,169.1,1,0,0,1,0,0,23,0,0,6,7,6,11.22,0,0,6,8,6,16.6,0,9.5,1.2,-0.59,Enrolled
1,13,1,9085,1,1,153.6,1,25,19,7,6,130.6,1,0,0,1,1,1,19,0,0,6,9,4,12.73,0,0,6,7,6,16.36,0,8.5,1.2,0.35,Graduate
1,10,5,9254,1,11,109.8,1,20,24,12,7,165.2,0,0,0,1,0,1,21,0,0,6,7,4,11.17,0,0,6,6,4,16.97,0,6.5,1.8,0.44,Enrolled
1,5,5,9003,1,3,105.1,1,29,29,4,4,111.0,1,0,0,1,1,0,21,0,0,6,6,4,15.49,0,0,6,9,4,11.91,0,5.1,3.0,-1.26,Graduate
1,17,5,9070,1,10,134.1,1,23,29,5,1,101.5,0,0,0,1,1,0,20,0,0,6,6,5,12.6,0,0,6,6,5,13.24,0,7.2,2.1,-0.40,Graduate
1,12,6,9670,0,6,165.7,1,17,11,6,1,125.3,1,0,0,1,0,0,18,0,0,6,9,6,13.4,0,0,6,7,5,12.08,0,8.7,0.5,-0.63,Graduate
1,6,1,9070,1,6,164.7,1,19,10,10,2,152.8,0,0,0,1,0,0,18,0,0,6,8,5,14.6,0,0,6,9,6,14.7,0,5.7,1.1,1.55,Enrolled
1,12,2,9070,1,7,121.3,1,16,6,3,5,127.5,1,1,0,1,0,0,18,0,0,6,8,4,12.55,0,0,6,7,4,11.19,0,9.0,3.1,2.20,Enrolled
1,9,1,9991,1,11,109.2,1,22,13,10,1,174.1,1,0,0,1,0,0,21,0,0,6,8,6,13.19,0,0,6,9,4,11.62,0,6.8,3.1,1.35,Graduate
1,18,6,33,1,12,162.6,1,22,22,6,1,143.8,0,0,0,1,1,0,22,0,0,6,9,4,14.07,0,0,6,6,4,11.69,0,10.0,1.5,0.85,Graduate
1,8,1,9147,0,11,132.7,1,5,17,10,10,141.3,0,0,1,1,1,0,25,0,0,6,9,0,0,0,0,6,9,0,0,0,9.6,0.5,0.99,Dropout
1,4,1,9853,1,10,140.2,1,13,5,1,6,182.0,0,0,0,0,1,0,21,0,0,6,6,0,0,0,0,6,9,2,12.37,0,6.2,3.3,-1.59,Dropout
1,9,5,9500,1,14,172.0,1,11,1,4,11,127.2,1,0,1,1,0,0,22,0,0,6,8,5,16.58,0,0,6,6,5,16.65,0,8.2,1.0,-0.26,Graduate
1,2,6,9003,1,4,112.5,1,22,12,8,12,154.3,1,0,0,1,0,0,22,0,0,6,8,4,15.94,0,0,6,6,6,10.69,0,4.6,1.1,-1.64,Graduate
1,16,1,9119,1,15,142.8,1,28,13,9,12,139.0,1,0,0,1,1,0,20,0,0,6,7,6,11.13,0,0,6,6,4,16.9,0,4.4,0.5,1.54,Graduate
1,1,6,33,1,7,109.3,1,17,13,11,9,149.5,1,0,0,1,1,1,22,0,0,6,7,4,11,0,0,6,6,6,12.47,0,9.1,0.4,0.09,Enrolled
1,5,4,9254,1,13,111.7,1,22,12,4,10,178.7,1,0,1,0,0,0,24,0,0,6,6,1,12.11,0,0,6,9,0,0,0,9.0,1.6,0.69,Dropout
1,8,2,9254,1,14,185.8,1,3,12,4,10,121.0,1,0,0,1,1,0,21,0,0,6,9,4,16.88,0,0,6,8,5,10.75,0,9.0,2.2,-0.58,Enrolled
1,13,6,9556,1,4,151.5,1,14,29,5,4,185.1,1,0,1,1,1,0,21,0,0,6,9,5,14.43,0,0,6,8,4,15.62,0,6.7,2.9,1.45,Graduate
1,13,4,9070,1,7,142.9,1,29,7,6,8,187.2,1,0,1,1,1,1,20,0,0,6,9,1,12.75,0,0,6,6,2,12.81,0,7.6,1.1,1.77,Dropout
1,6,3,9130,1,13,134.7,1,26,16,3,12,120.9,1,0,1,1,0,0,20,0,0,6,9,6,10.01,0,0,6,7,5,14.2,0,10.6,1.2,2.24,Graduate
1,7,1,9991,1,9,139.4,1,7,23,9,6,115.4,1,0,1,1,1,0,19,0,0,6,8,4,10.6,0,0,6,8,5,11.74,0,4.7,1.6,-0.32,Graduate
1,1,5,9238,1,3,174.5,1,4,15,7,11,153.8,1,0,0,1,1,0,22,0,0,6,6,5,15.13,0,0,6,8,5,12.6,0,6.2,2.6,0.23,Enrolled
1,4,1,9500,1,1,101.9,1,23,14,5,5,179.0,0,0,0,1,1,0,20,0,0,6,9,5,14.89,0,0,6,7,4,13.11,0,4.4,1.5,-0.39,Enrolled
1,18,3,9238,1,6,130.3,1,29,19,6,7,103.8,1,0,0,1,1,0,22,0,0,6,8,5,13.11,0,0,6,9,6,16.05,0,8.1,2.9,1.49,Graduate
1,5,5,9238,1,6,108.1,1,10,3,4,9,102.8,0,0,1,1,0,1,22,0,0,6,8,4,15.14,0,0,6,9,6,10.34,0,6.8,1.9,0.43,Graduate
1,17,4,9670,1,4,103.4,1,15,14,2,3,143.7,1,0,0,1,0,0,18,0,0,6,6,4,10.44,0,0,6,7,5,16.39,0,7.4,1.3,0.25,Graduate
1,17,4,9238,1,7,164.9,1,25,4,5,2,128.2,0,0,0,1,0,0,20,0,0,6,8,6,14.03,0,0,6,7,5,12.62,0,5.1,0.6,2.00,Enrolled
2,6,3,8014,1,13,109.0,1,3,6,12,9,126.6,0,0,0,1,1,0,18,0,0,6,8,6,11.01,0,0,6,6,4,10.95,0,4.5,2.5,1.03,Graduate
1,4,6,9991,1,5,165.6,1,1,21,5,4,143.3,0,0,0,1,0,0,19,0,0,6,8,4,13,0,0,6,8,5,11.4,0,9.2,2.2,1.88,Graduate
1,16,6,33,1,5,176.4,1,16,4,7,4,176.3,0,0,0,1,0,0,22,0,0,6,6,4,16.91,0,0,6,6,4,10.79,0,9.7,2.3,1.00,Graduate
1,5,5,9991,1,5,169.5,1,25,5,11,4,102.5,1,0,0,1,1,0,18,0,0,6,6,6,16.34,0,0,6,6,5,16.47,0,8.1,2.1,-0.10,Graduate
1,10,5,9238,1,15,123.9,1,20,28,8,12,126.7,0,0,0,1,1,0,22,0,0,6,7,6,15.09,0,0,6,9,5,11.96,0,5.0,3.1,0.34,Graduate
1,16,6,9085,1,2,187.1,1,12,6,9,3,167.2,1,0,0,0,1,0,26,0,0,6,8,1,11.7,0,0,6,8,1,11.12,0,7.7,2.4,-0.22,Dropout
1,17,4,171,1,1,108.4,1,7,27,7,2,105.8,1,0,0,1,1,0,18,0,0,6,8,5,10.98,0,0,6,6,6,14.33,0,5.6,0.7,-0.95,Enrolled
1,16,1,33,1,6,143.2,1,18,1,1,10,162.2,1,0,1,1,1,0,20,0,0,6,7,6,14.05,0,0,6,8,6,14.41,0,6.5,0.9,1.88,Graduate
1,17,1,171,0,4,141.0,1,27,29,11,1,138.7,0,0,0,1,1,0,23,0,0,6,7,5,16.64,0,0,6,6,5,16.36,0,5.6,2.7,0.59,Graduate
1,18,4,9773,0,10,158.3,1,1,7,2,5,114.5,0,0,0,1,1,0,22,0,0,6,7,5,14.02,0,0,6,8,5,12.51,0,7.6,1.8,1.60,Graduate
1,18,2,9991,1,8,108.0,1,26,10,5,11,172.3,1,0,1,1,1,0,19,0,0,6,6,6,13.34,0,0,6,9,5,15.33,0,10.8,2.1,1.46,Enrolled
1,14,3,9853,1,6,132.9,1,1,19,5,1,151.5,1,0,0,1,0,0,20,0,0,6,7,6,14.16,0,0,6,6,6,12.53,0,11.0,0.7,0.58,Graduate
1,1,3,33,1,3,113.1,1,28,12,6,6,183.9,1,0,0,1,0,0,18,0,0,6,8,5,12.4,0,0,6,9,6,12.37,0,5.3,3.2,-1.44,Graduate
1,6,5,9853,1,5,101.7,1,19,22,2,6,113.5,1,0,0,1,0,0,18,0,0,6,7,6,14.65,0,0,6,7,6,16.57,0,4.3,3.3,-0.50,Graduate
1,8,5,9853,1,12,171.1,1,8,10,11,6,161.6,1,0,0,1,0,0,21,0,0,6,8,4,12.32,0,0,6,8,6,15.5,0,9.7,2.4,-1.27,Graduate
2,4,3,9119,1,3,137.6,1,5,14,1,3,166.5,0,0,0,1,1,0,20,0,0,6,8,5,13.63,0,0,6,6,4,16.99,0,4.5,1.5,-0.71,Graduate
1,11,2,9070,1,10,177.2,1,5,19,12,5,154.3,1,0,0,1,1,0,23,0,0,6,8,6,11.14,0,0,6,9,6,12.64,0,9.9,0.8,-0.45,Graduate
1,13,1,9556,1,11,107.7,1,5,17,3,7,158.2,0,0,0,1,0,0,18,0,0,6,9,5,13.82,0,0,6,6,5,10.13,0,4.1,2.8,-1.40,Graduate
2,1,6,33,1,4,188.8,1,10,16,4,5,150.7,0,0,0,1,1,0,20,0,0,6,9,5,14.89,0,0,6,7,6,16.35,0,11.3,1.2,0.79,Graduate
1,11,5,9147,0,7,181.5,1,25,1,11,2,111.0,1,0,0,1,0,0,20,0,0,6,7,5,10.04,0,0,6,9,5,15.89,0,4.9,2.5,-0.85,Enrolled
1,14,3,9773,1,15,120.8,1,28,25,11,6,184.3,1,0,0,1,1,0,21,0,0,6,6,5,10.67,0,0,6,9,4,16.03,0,10.7,1.1,1.23,Enrolled
1,6,4,9147,1,3,174.1,1,18,3,5,12,171.3,0,0,0,1,1,0,20,0,0,6,6,5,14.22,0,0,6,6,5,10.43,0,4.5,2.6,-1.43,Graduate
1,1,2,9670,1,12,174.8,1,21,7,4,10,133.4,1,0,0,1,0,0,23,0,0,6,9,6,12.34,0,0,6,6,4,15.93,0,8.3,1.8,0.46,Graduate
1,1,3,9119,1,15,189.7,1,27,7,6,4,104.0,0,0,1,1,1,0,19,0,0,6,8,1,10.89,0,0,6,6,2,10.1,0,7.2,2.5,0.52,Dropout
1,1,1,9254,1,6,176.5,1,7,10,10,7,130.8,0,0,0,1,1,0,18,0,0,6,6,5,11.79,0,0,6,6,4,10.5,0,9.5,2.4,1.08,Graduate
1,13,2,8014,0,5,185.8,1,2,7,4,2,130.3,1,0,0,1,0,0,20,0,0,6,6,4,13.08,0,0,6,7,4,13.13,0,4.4,0.5,2.28,Graduate
1,11,6,171,1,8,121.6,1,19,15,12,11,181.4,1,0,1,1,0,0,26,0,0,6,8,1,10.31,0,0,6,8,1,10.35,0,3.8,3.1,-1.42,Dropout
1,7,4,9085,1,1,189.7,1,29,22,5,3,158.4,1,0,0,1,0,0,23,0,0,6,9,5,12.03,0,0,6,9,6,12.89,0,6.4,0.8,-1.10,Graduate
1,18,2,9130,1,15,179.5,1,12,28,9,3,146.4,1,0,0,1,1,1,22,0,0,6,7,6,14.05,0,0,6,9,4,12.08,0,11.4,2.2,0.48,Graduate
1,13,5,9556,1,6,144.5,1,18,23,10,6,155.9,1,0,0,1,1,0,27,0,0,6,7,0,0,0,0,6,7,2,12.69,0,5.2,0.9,0.17,Dropout
1,8,2,9991,1,6,150.3,1,14,28,7,4,118.0,1,0,0,1,1,1,23,0,0,6,6,6,10.69,0,0,6,7,5,16.84,0,5.8,0.8,-0.17,Graduate
1,8,1,9670,1,2,128.3,1,15,11,3,5,102.1,0,0,0,1,0,0,23,0,0,6,8,5,13.97,0,0,6,6,4,15.22,0,5.8,1.5,-0.23,Enrolled
2,5,3,9070,1,8,152.7,1,7,21,6,2,121.0,1,0,1,0,0,0,28,0,0,6,6,3,10.48,0,0,6,8,1,10.33,0,9.9,3.0,1.37,Dropout
1,15,1,9238,1,11,128.2,1,17,28,6,5,166.4,0,0,1,1,1,0,29,0,0,6,9,1,12.68,0,0,6,8,1,11.2,0,7.5,2.6,2.11,Dropout
2,16,1,9147,1,8,167.6,1,20,4,8,7,127.4,1,0,0,0,0,1,22,0,0,6,7,3,11.93,0,0,6,6,0,0,0,4.0,1.5,-0.28,Dropout
1,16,3,9085,1,6,149.4,1,18,17,3,5,183.4,1,0,0,1,1,0,18,0,0,6,7,4,12.18,0,0,6,9,4,16.62,0,4.7,3.2,0.93,Graduate
1,2,3,9773,1,14,105.4,1,18,4,7,5,176.7,1,0,0,0,0,0,24,0,0,6,8,2,10.93,0,0,6,7,2,10.76,0,10.0,0.9,1.73,Dropout
1,13,1,9991,1,14,171.5,1,15,15,11,9,105.4,0,0,0,1,1,0,19,0,0,6,9,4,10.46,0,0,6,7,5,15.58,0,11.3,2.2,1.83,Graduate
1,14,4,9773,1,8,113.9,1,3,6,1,7,121.7,0,0,0,1,1,1,20,0,0,6,6,5,13.05,0,0,6,9,5,10.41,0,4.0,0.6,0.74,Graduate
1,8,6,9003,1,7,167.0,1,29,22,3,8,165.9,0,0,1,0,0,0,26,0,0,6,7,3,10.63,0,0,6,8,1,12.24,0,7.3,3.2,1.53,Dropout
1,8,5,171,0,2,147.8,1,12,25,11,8,133.0,0,0,0,1,1,1,22,0,0,6,7,4,15.62,0,0,6,6,6,12.98,0,6.4,1.9,1.53,Graduate
1,4,4,9085,1,4,168.5,1,27,14,9,8,116.7,1,0,0,1,0,0,19,0,0,6,9,6,13.96,0,0,6,9,6,14.53,0,10.4,1.5,1.37,Graduate
1,8,4,8014,1,1,166.2,1,16,20,2,5,161.3,0,0,0,1,1,0,22,0,0,6,7,2,12.35,0,0,6,6,0,0,0,4.7,0.9,1.77,Dropout
1,2,2,9670,1,7,116.9,1,8,14,12,7,124.6,0,0,0,1,0,0,23,0,0,6,9,6,12.92,0,0,6,9,4,14.03,0,8.1,1.9,0.24,Enrolled
1,18,3,9147,1,15,109.2,1,7,18,11,9,165.9,1,0,1,1,0,1,24,0,0,6,7,2,10.62,0,0,6,7,2,10.32,0,4.6,2.3,0.36,Dropout
1,5,2,9130,1,11,149.1,1,11,25,1,9,188.2,1,0,0,1,1,0,19,0,0,6,8,5,10.71,0,0,6,8,6,11.84,0,5.7,2.9,0.70,Graduate
1,17,4,9670,1,9,119.8,1,29,15,2,1,146.0,1,0,0,1,0,0,23,0,0,6,7,1,11.14,0,0,6,8,2,12.66,0,11.4,2.7,-0.85,Dropout
1,15,6,9853,1,4,130.6,1,24,19,1,5,161.9,1,0,1,0,0,0,24,0,0,6,9,2,11.18,0,0,6,7,1,12.99,0,5.9,3.0,0.11,Dropout
1,2,1,9238,1,2,150.6,1,18,17,8,7,148.4,1,1,1,1,0,1,18,0,0,6,6,0,0,0,0,6,6,0,0,0,9.6,1.5,0.91,Dropout
1,14,3,33,1,7,172.8,1,8,26,8,10,173.6,1,0,0,1,0,0,20,0,0,6,7,4,13.44,0,0,6,7,4,12.15,0,10.1,0.5,1.76,Graduate
1,12,3,9556,1,9,150.5,1,20,11,2,12,134.4,1,0,0,1,1,0,27,0,0,6,7,1,11.3,0,0,6,8,1,11.29,0,7.8,2.7,-1.65,Dropout
1,7,4,9254,1,12,167.6,1,28,29,3,10,106.8,0,0,0,1,1,0,23,0,0,6,9,0,0,0,0,6,7,0,0,0,8.3,1.0,2.23,Dropout
1,14,4,9991,1,1,119.8,1,1,12,1,3,117.3,0,0,0,1,0,0,20,0,0,6,8,4,12.32,0,0,6,8,4,10.94,0,8.3,3.0,0.34,Graduate
1,14,5,9238,1,3,122.3,1,22,5,4,7,121.7,1,0,0,1,1,0,23,0,0,6,9,6,11.57,0,0,6,9,5,10.67,0,5.1,0.4,-0.36,Graduate
1,9,3,9773,1,1,135.5,1,11,9,12,2,172.4,1,0,1,1,0,0,23,0,0,6,9,5,13.21,0,0,6,9,6,16.09,0,7.8,1.0,2.07,Graduate
1,18,6,9070,1,8,166.0,1,2,13,2,4,150.2,0,0,1,1,0,0,18,0,0,6,9,3,12.77,0,0,6,9,2,12.73,0,11.4,2.3,-1.38,Dropout
1,12,4,9773,0,12,173.1,1,29,2,6,2,120.4,1,0,0,1,0,0,18,0,0,6,7,6,11.43,0,0,6,9,5,15.22,0,10.8,0.5,-0.23,Enrolled
1,3,5,9254,1,6,179.2,1,29,1,2,5,128.6,0,0,0,1,0,1,18,0,0,6,9,6,13.41,0,0,6,7,6,10.87,0,11.6,3.2,2.17,Graduate
1,1,6,9119,1,15,139.2,1,2,24,9,11,167.0,1,0,0,1,1,0,18,0,0,6,7,6,13.4,0,0,6,6,6,14.13,0,7.8,0.7,1.13,Graduate
1,15,3,8014,1,8,135.1,1,12,27,3,10,175.9,1,0,0,1,0,0,20,0,0,6,7,4,10.99,0,0,6,6,5,15.56,0,8.0,3.2,-0.27,Graduate
1,13,1,9773,1,10,176.5,1,6,19,6,11,142.1,1,0,0,1,1,0,19,0,0,6,8,4,13.02,0,0,6,7,6,10.36,0,7.0,3.2,1.86,Graduate
1,10,2,8014,1,2,144.3,1,9,26,12,3,178.0,0,0,1,0,0,0,29,0,0,6,6,3,10.75,0,0,6,7,0,0,0,10.1,1.3,0.91,Dropout
1,8,5,9991,1,7,128.9,1,9,29,11,10,181.7,1,0,1,0,0,0,20,0,0,6,8,0,0,0,0,6,7,0,0,0,10.9,2.0,-0.84,Dropout
1,3,3,9147,1,14,105.2,1,22,7,2,2,155.5,1,1,0,1,0,0,19,0,0,6,8,6,14.74,0,0,6,7,6,15.96,0,8.1,2.9,1.38,Graduate
2,1,5,9130,1,13,187.7,1,16,29,10,9,109.1,1,0,1,1,0,0,24,0,0,6,7,2,12.19,0,0,6,9,1,12.73,0,5.3,2.0,-0.41,Dropout
1,13,3,9254,1,2,133.5,1,15,25,10,2,110.0,0,0,0,1,1,1,19,0,0,6,9,4,16.07,0,0,6,6,5,10.45,0,11.1,2.5,-0.37,Graduate
1,18,1,9500,0,14,136.7,1,29,24,12,9,123.4,1,0,0,1,0,1,18,0,0,6,9,5,15.78,0,0,6,9,5,16.21,0,8.1,1.3,-0.79,Graduate
1,6,5,171,1,11,105.1,1,25,10,5,3,138.0,0,0,0,1,0,0,22,0,0,6,7,5,10.71,0,0,6,8,5,11.64,0,6.8,3.3,0.39,Graduate
2,18,4,33,1,11,188.6,1,3,22,5,8,188.6,0,0,0,0,0,0,18,0,0,6,6,1,10.9,0,0,6,8,1,12.01,0,6.8,0.9,-0.82,Dropout
1,16,2,9670,1,4,158.1,1,13,5,5,3,169.5,1,0,0,1,1,0,19,0,0,6,9,5,16.19,0,0,6,8,4,13.61,0,11.3,2.6,-0.76,Graduate
1,3,4,9119,1,10,110.0,1,17,15,4,6,152.5,1,0,0,1,0,0,21,0,0,6,6,5,10.05,0,0,6,8,4,14.72,0,9.1,1.0,-1.59,Graduate
1,9,1,8014,1,7,135.6,1,10,21,9,4,159.1,1,0,0,1,1,1,18,0,0,6,9,0,0,0,0,6,9,2,12.46,0,6.1,1.5,0.64,Dropout
2,9,6,9556,1,15,189.4,1,4,4,9,5,105.9,0,0,0,1,0,0,19,0,0,6,9,4,16.01,0,0,6,8,6,10.74,0,5.7,3.3,0.45,Graduate
1,1,3,9130,0,14,152.7,1,5,26,2,8,132.3,1,0,0,1,0,0,23,0,0,6,8,6,13.35,0,0,6,9,5,11.95,0,6.9,2.7,-1.14,Graduate
2,18,6,9773,1,14,161.4,1,23,29,7,1,110.0,0,0,0,1,1,0,20,0,0,6,7,4,10.91,0,0,6,6,6,10.57,0,6.1,1.9,-0.07,Enrolled
2,6,1,9238,1,5,165.9,1,29,27,1,9,131.8,1,0,0,1,1,1,18,0,0,6,8,4,11.09,0,0,6,9,4,15.34,0,10.4,2.1,-1.01,Graduate
1,7,3,9991,1,9,113.7,1,26,28,5,1,186.6,0,0,0,1,0,0,23,0,0,6,9,5,16.54,0,0,6,7,6,16.61,0,7.8,2.9,-1.52,Graduate
2,4,1,171,1,6,182.9,1,22,17,2,9,133.0,0,0,0,1,0,0,19,0,0,6,8,5,12.73,0,0,6,9,6,11.33,0,10.5,2.4,-0.86,Graduate
2,1,6,9556,1,7,175.4,1,24,18,8,6,102.3,0,0,1,1,0,0,29,0,0,6,6,1,11.68,0,0,6,6,1,12.13,0,8.6,0.7,-0.34,Dropout
1,17,4,9238,1,9,126.1,1,16,11,9,5,154.2,0,0,0,0,1,0,20,0,0,6,6,0,0,0,0,6,7,0,0,0,11.1,2.0,-0.69,Dropout
1,17,3,9085,1,13,132.4,1,24,10,1,4,145.0,1,0,0,1,0,1,22,0,0,6,6,5,10.2,0,0,6,9,5,10.95,0,7.0,2.8,2.18,Enrolled
1,12,3,9773,1,7,173.6,1,9,27,5,7,106.4,0,0,0,1,0,0,23,0,0,6,9,4,14.94,0,0,6,6,4,12.81,0,10.2,1.2,0.90,Graduate
2,15,2,9130,1,4,137.6,1,19,27,1,4,171.4,1,0,0,1,0,0,22,0,0,6,7,5,15.57,0,0,6,6,5,14.85,0,9.8,2.3,1.55,Graduate
1,15,3,9238,1,1,124.9,1,13,23,4,2,189.9,0,0,0,1,1,0,21,0,0,6,9,4,12.7,0,0,6,7,4,13.63,0,4.7,1.0,0.73,Graduate
1,4,1,9853,1,7,185.0,1,23,3,11,6,135.3,1,0,0,1,1,0,25,0,0,6,9,3,12.72,0,0,6,6,2,10.6,0,7.2,2.2,0.07,Dropout
1,1,1,9147,1,11,179.3,1,3,11,6,5,175.9,1,0,0,1,0,0,26,0,0,6,8,2,11.89,0,0,6,6,0,0,0,5.5,0.5,0.10,Dropout
1,11,6,9119,1,7,171.4,1,14,3,3,1,177.2,1,0,0,1,1,0,21,0,0,6,9,6,13.34,0,0,6,6,6,12.08,0,11.5,2.2,-1.27,Graduate
1,2,6,9147,1,5,134.0,1,4,18,12,11,138.9,1,0,1,1,0,1,28,0,0,6,6,2,10.82,0,0,6,6,0,0,0,11.4,2.1,1.88,Dropout
1,11,4,8014,1,12,170.2,1,5,11,1,2,131.3,1,0,0,0,1,0,20,0,0,6,6,2,12.61,0,0,6,9,1,10.29,0,11.1,0.5,-1.17,Dropout
1,16,6,9130,1,15,129.1,1,29,21,11,8,158.5,1,0,1,1,0,1,22,0,0,6,8,0,0,0,0,6,9,1,10.57,0,7.9,1.0,0.90,Dropout
1,6,5,9773,1,4,171.5,1,29,22,8,10,102.5,1,0,1,1,0,0,25,0,0,6,9,0,0,0,0,6,7,2,11.33,0,7.5,2.8,0.31,Dropout
1,16,4,9119,1,14,101.8,1,24,13,4,7,166.6,0,0,0,1,0,1,21,0,0,6,7,6,16.99,0,0,6,9,4,16.28,0,8.3,1.4,1.98,Graduate
1,4,2,8014,1,1,119.6,1,4,6,2,8,113.1,1,0,0,1,0,0,20,0,0,6,7,4,10.72,0,0,6,8,5,16.93,0,6.1,1.0,2.27,Graduate
2,1,1,9070,1,6,148.2,1,28,21,3,8,115.6,1,0,0,0,1,0,28,0,0,6,9,3,12.04,0,0,6,9,1,12.24,0,7.7,2.2,-1.03,Dropout
1,3,1,9147,1,14,107.6,1,10,12,8,10,143.6,1,0,0,1,1,0,23,0,0,6,6,2,11.71,0,0,6,8,1,11.05,0,3.6,2.5,-0.59,Dropout
1,5,4,9070,1,11,151.3,1,8,24,10,1,164.4,1,0,1,0,1,0,28,0,0,6,9,0,0,0,0,6,6,1,12.46,0,6.2,1.4,-0.83,Dropout
2,6,4,9003,1,13,119.2,1,23,2,5,7,118.8,1,0,1,0,0,0,21,0,0,6,6,2,10.59,0,0,6,6,2,10.46,0,7.7,2.8,0.87,Dropout
1,13,5,9130,1,4,132.9,1,19,22,3,7,171.8,0,0,0,1,0,0,19,0,0,6,8,5,13.66,0,0,6,9,6,12.97,0,7.4,3.3,2.09,Enrolled
1,2,4,9853,1,7,143.9,1,29,5,12,1,102.2,1,0,0,1,1,0,19,0,0,6,6,6,13.08,0,0,6,9,5,15.3,0,4.6,0.9,0.81,Enrolled
2,11,2,33,1,10,144.4,1,25,20,11,5,155.2,1,0,1,1,1,0,20,0,0,6,9,0,0,0,0,6,9,1,12.16,0,6.5,1.7,1.94,Dropout
1,12,3,9003,1,14,131.5,1,25,2,1,10,181.7,0,0,1,1,0,0,27,0,0,6,6,1,12.09,0,0,6,9,0,0,0,5.6,1.6,-1.55,Dropout
1,4,1,9853,0,14,161.3,1,12,20,1,3,104.6,1,0,0,1,0,0,22,0,0,6,9,5,16.85,0,0,6,8,4,15.72,0,10.1,1.9,1.86,Enrolled
1,2,5,9500,1,10,184.7,1,7,2,3,11,173.5,0,0,1,1,1,0,25,0,0,6,7,0,0,0,0,6,8,1,12.66,0,5.5,1.8,-0.95,Dropout
1,6,2,9085,1,11,130.8,1,6,21,12,3,132.2,0,0,0,1,0,0,23,0,0,6,6,4,13.5,0,0,6,9,4,10.46,0,6.6,2.9,1.26,Enrolled
2,1,2,9773,1,13,138.0,1,20,1,3,1,154.0,1,0,0,1,1,0,19,0,0,6,6,5,15.22,0,0,6,7,4,11.02,0,10.7,1.0,1.85,Enrolled
1,1,3,9991,1,12,187.9,1,2,22,4,12,120.7,1,0,0,1,1,0,19,0,0,6,6,4,16.88,0,0,6,9,6,16.28,0,9.9,1.2,-1.17,Graduate
1,4,2,9003,1,14,185.7,1,29,22,8,4,137.9,1,0,0,1,1,1,21,0,0,6,7,4,16.21,0,0,6,9,4,14.36,0,8.8,2.9,1.23,Graduate
1,16,5,9500,1,9,128.6,1,4,14,6,2,183.7,1,0,0,1,1,0,18,0,0,6,8,0,0,0,0,6,9,2,10.4,0,8.5,1.5,-1.33,Dropout
1,15,6,9853,1,1,145.5,1,24,25,2,2,168.7,1,0,0,1,0,0,23,0,0,6,7,6,10.48,0,0,6,9,6,12.39,0,5.6,0.5,-0.57,Graduate
1,1,1,33,1,6,151.3,1,10,25,11,12,143.3,0,0,0,1,1,0,21,0,0,6,7,5,13.1,0,0,6,7,5,15.3,0,9.2,1.9,0.06,Graduate
1,5,1,9500,1,14,173.7,1,17,21,5,11,111.8,1,0,0,1,0,1,20,0,0,6,9,4,14.19,0,0,6,9,5,14.84,0,8.1,2.5,-0.57,Enrolled
1,5,3,9556,0,13,153.4,1,7,10,12,8,163.8,1,0,0,1,0,0,18,0,0,6,8,4,16.7,0,0,6,7,6,15.36,0,11.6,1.0,0.15,Graduate
1,6,2,9003,1,11,171.1,1,11,18,7,5,161.7,1,0,0,1,0,1,23,0,0,6,9,5,12.48,0,0,6,7,4,13.51,0,5.7,3.3,-1.44,Enrolled
1,3,4,9670,1,15,140.5,1,7,20,11,12,177.8,1,0,0,1,1,1,19,0,0,6,8,4,10.74,0,0,6,8,5,10.88,0,5.5,0.6,1.93,Graduate
2,1,6,9003,1,7,148.5,1,17,6,7,12,101.4,1,0,0,1,0,0,22,0,0,6,9,5,10.91,0,0,6,7,6,12.24,0,10.2,2.6,-1.56,Graduate
1,10,5,9773,1,9,137.5,1,4,1,1,11,157.0,1,0,0,1,0,1,20,0,0,6,6,5,12.6,0,0,6,6,6,14.04,0,10.0,1.1,-1.55,Graduate
1,2,2,9085,1,12,172.3,1,6,19,8,9,153.7,1,0,0,1,1,0,19,0,0,6,9,5,12.92,0,0,6,9,5,13.44,0,4.3,2.8,-0.48,Graduate
1,5,2,9556,1,14,153.8,1,22,28,6,8,115.0,1,0,1,1,0,0,27,0,0,6,9,1,11.36,0,0,6,9,1,11.51,0,6.1,0.4,-0.07,Dropout
1,6,2,9119,1,7,167.4,1,21,22,12,12,187.0,1,0,0,1,0,0,22,0,0,6,9,4,12.41,0,0,6,7,6,13.59,0,10.0,0.7,2.24,Graduate
1,18,4,33,1,3,107.9,1,18,7,3,7,180.5,1,0,1,1,0,0,19,0,0,6,6,6,11.14,0,0,6,9,6,12.55,0,5.1,1.0,2.02,Enrolled
1,11,6,9254,0,7,170.8,1,12,19,10,8,187.5,0,0,0,1,0,0,27,0,0,6,7,1,11.2,0,0,6,9,1,10.51,0,8.4,2.5,1.39,Dropout
1,8,4,9119,1,10,122.2,1,5,13,7,7,173.2,0,0,0,1,1,0,21,0,0,6,7,5,14.87,0,0,6,7,6,10.21,0,9.4,1.6,-0.57,Graduate
1,18,6,9238,1,2,162.5,1,23,22,10,4,115.2,1,0,0,1,0,0,23,0,0,6,7,1,10.99,0,0,6,8,0,0,0,9.4,2.7,-0.20,Dropout
1,18,1,9147,1,2,167.0,1,9,11,9,4,104.5,0,0,0,1,0,0,23,0,0,6,6,5,15.53,0,0,6,8,6,13.65,0,11.0,0.9,0.02,Enrolled
1,13,4,9130,1,8,116.6,1,13,17,11,1,181.2,0,0,1,1,0,0,20,0,0,6,6,4,14.91,0,0,6,7,4,15.31,0,9.2,2.1,-0.30,Graduate
1,14,1,9556,0,8,171.9,1,2,23,1,1,165.5,1,0,0,1,0,0,21,0,0,6,8,4,11.68,0,0,6,9,4,13.06,0,11.1,1.3,-0.33,Graduate
1,4,3,33,0,15,134.6,1,3,2,3,12,172.3,1,0,0,0,1,0,28,0,0,6,6,1,11.16,0,0,6,8,0,0,0,4.4,2.3,-1.00,Dropout
1,6,4,171,1,11,177.4,1,19,28,10,7,121.4,1,0,0,1,1,0,23,0,0,6,9,5,16.13,0,0,6,8,5,11.39,0,10.1,0.9,-1.53,Graduate
1,3,4,9003,0,14,127.1,1,1,18,4,6,177.5,1,0,1,1,0,0,24,0,0,6,8,0,0,0,0,6,7,1,11.33,0,8.6,1.5,1.46,Dropout
1,6,1,9147,1,12,159.7,1,20,18,9,2,190.0,1,0,0,1,0,0,23,0,0,6,9,4,15.07,0,0,6,8,5,11.19,0,8.7,2.6,1.85,Graduate
1,11,1,8014,1,14,179.5,1,29,28,3,8,154.1,1,0,0,1,0,1,18,0,0,6,8,5,15.41,0,0,6,9,6,16.76,0,8.0,3.0,0.41,Enrolled
1,12,1,9500,1,10,184.4,1,20,2,5,8,120.7,0,0,0,1,0,0,22,0,0,6,7,4,10.9,0,0,6,8,4,13.85,0,8.8,0.7,-1.40,Enrolled
1,18,2,9254,1,12,111.8,1,6,12,1,8,110.7,1,0,0,1,1,0,22,0,0,6,8,5,10.03,0,0,6,6,5,14.44,0,11.2,1.6,-0.87,Graduate
1,5,1,9773,1,7,115.4,1,17,19,3,11,133.0,1,0,0,1,0,0,21,0,0,6,9,4,11.06,0,0,6,9,6,11.26,0,3.8,2.3,0.87,Enrolled
1,7,4,9119,1,3,112.2,1,24,16,4,9,122.6,1,0,0,1,1,0,19,0,0,6,9,4,12.37,0,0,6,7,4,11.71,0,9.2,2.5,1.45,Graduate
1,16,2,33,1,1,122.7,1,17,7,12,7,163.9,1,0,0,1,0,1,21,0,0,6,7,5,15.23,0,0,6,8,5,16.75,0,9.5,3.0,2.20,Enrolled
1,16,5,9991,1,3,124.2,1,10,19,10,4,133.8,0,0,0,1,0,0,21,0,0,6,8,5,14.88,0,0,6,6,6,16.69,0,5.8,3.0,-0.61,Graduate
1,11,1,9670,1,4,156.8,1,9,23,1,8,164.2,0,0,0,1,0,0,23,0,0,6,8,6,15.42,0,0,6,8,5,12.34,0,6.9,3.2,-1.66,Enrolled
1,2,4,8014,1,10,100.9,1,3,1,4,11,181.5,1,0,0,1,1,0,19,0,0,6,8,5,13.07,0,0,6,9,5,10.06,0,4.5,2.6,1.88,Graduate
1,9,3,9500,1,12,125.5,1,26,27,5,10,137.5,1,0,1,0,1,0,27,0,0,6,6,3,10.78,0,0,6,9,0,0,0,9.3,0.8,1.09,Dropout
1,12,3,9670,1,9,157.0,1,18,24,9,7,151.5,1,0,0,1,0,1,18,0,0,6,9,4,11.51,0,0,6,9,4,13.75,0,7.6,3.0,-0.87,Enrolled
1,1,1,9991,1,10,116.8,1,6,7,11,6,165.7,1,0,0,1,1,1,22,0,0,6,9,4,15.68,0,0,6,6,4,14.6,0,8.3,1.5,-0.44,Graduate
1,9,6,8014,1,3,152.5,1,9,4,3,10,168.0,1,0,0,1,1,1,21,0,0,6,7,5,12.39,0,0,6,6,4,15.4,0,9.5,1.5,-1.34,Graduate
1,3,6,8014,1,15,149.2,1,1,15,1,1,175.6,0,0,0,1,0,0,21,0,0,6,8,6,12.68,0,0,6,8,5,10.88,0,9.6,3.0,1.77,Enrolled
1,17,1,9991,1,11,114.2,1,18,5,12,1,123.7,0,0,0,1,0,0,20,0,0,6,9,4,10.07,0,0,6,9,6,14.98,0,7.8,2.1,1.50,Graduate
1,14,3,9085,0,7,113.3,1,28,4,2,3,113.9,1,0,0,1,1,0,23,0,0,6,8,6,13.04,0,0,6,7,4,13.78,0,8.2,3.4,1.02,Enrolled
1,11,4,9991,1,5,171.0,1,1,20,8,2,177.4,1,0,0,1,0,1,18,0,0,6,6,5,13.19,0,0,6,8,5,11.07,0,9.3,2.0,2.16,Graduate
1,16,4,9991,0,11,174.4,1,23,28,8,2,176.7,1,0,0,1,0,1,20,0,0,6,6,6,11.45,0,0,6,8,5,12.64,0,3.7,1.8,0.07,Graduate
1,8,5,171,1,13,118.3,1,22,22,5,12,128.3,0,0,0,1,0,0,19,0,0,6,6,5,15.63,0,0,6,7,5,13.45,0,11.3,1.7,0.75,Enrolled
1,14,1,9773,1,7,130.8,1,5,7,5,3,165.5,0,0,0,1,0,0,18,0,0,6,6,1,12.65,0,0,6,6,0,0,0,10.5,2.0,0.77,Dropout
1,10,6,9130,0,12,186.3,1,11,21,3,10,182.9,0,0,0,1,0,0,20,0,0,6,6,6,11.01,0,0,6,7,6,16.61,0,4.5,0.7,2.11,Enrolled
1,12,4,9773,1,4,108.0,1,19,16,11,5,126.8,1,1,1,0,1,0,25,0,0,6,9,3,12.48,0,0,6,6,2,12.01,0,8.2,3.1,-0.73,Dropout
1,5,2,9119,1,2,158.2,1,22,18,9,12,169.9,1,0,1,1,0,0,22,0,0,6,6,3,10.51,0,0,6,7,0,0,0,5.3,1.3,-1.44,Dropout
2,7,2,9147,1,8,137.5,1,10,18,9,1,189.6,1,0,0,1,0,1,23,0,0,6,9,6,10.27,0,0,6,6,4,13.37,0,11.3,1.4,1.41,Graduate
1,9,1,9500,1,4,125.1,1,11,4,7,11,149.9,1,0,1,1,0,0,28,0,0,6,9,1,12.23,0,0,6,9,1,10.26,0,7.2,2.3,-0.74,Dropout
1,1,4,9853,1,13,140.6,1,10,8,2,11,113.6,0,0,0,1,1,1,20,0,0,6,9,6,12.41,0,0,6,9,5,10.91,0,4.6,1.2,2.22,Graduate
1,17,2,33,0,7,135.7,1,16,20,6,8,114.0,0,0,1,1,1,0,20,0,0,6,7,4,11.86,0,0,6,6,4,16.68,0,8.7,3.3,-0.11,Enrolled
2,16,4,8014,1,14,117.4,1,17,10,1,10,178.9,1,0,1,1,1,1,23,0,0,6,7,5,16.18,0,0,6,7,4,13.86,0,7.3,0.5,-1.09,Graduate
1,4,3,9556,0,7,112.3,1,10,1,8,6,134.3,1,0,0,1,1,1,18,0,0,6,9,5,10.58,0,0,6,8,4,16.89,0,9.4,1.9,-1.34,Enrolled
1,12,4,9130,0,10,127.0,1,19,22,7,9,180.5,1,0,0,1,0,0,18,0,0,6,6,2,12.79,0,0,6,7,0,0,0,4.1,2.6,0.11,Dropout
1,13,6,9119,1,2,137.4,1,8,23,10,3,106.7,1,0,0,1,1,0,21,0,0,6,8,6,10.62,0,0,6,8,4,12.26,0,4.7,2.4,1.71,Graduate
1,8,4,9130,0,8,139.4,1,6,28,3,6,184.7,1,0,0,1,0,1,23,0,0,6,9,6,12.85,0,0,6,6,4,16.11,0,10.1,2.7,1.57,Enrolled
1,1,3,9853,1,5,134.4,1,5,4,7,3,186.2,0,0,0,1,0,0,20,0,0,6,9,5,10.87,0,0,6,9,5,12.8,0,8.2,2.8,-0.45,Graduate
1,9,4,9130,1,9,108.7,1,5,9,2,9,100.2,1,0,0,1,1,1,18,0,0,6,8,4,16.81,0,0,6,7,6,13.44,0,6.6,2.7,-0.63,Graduate
1,17,4,9070,1,6,137.4,1,19,13,5,1,189.9,0,0,0,1,0,0,23,0,0,6,6,6,14.1,0,0,6,7,4,11.21,0,4.1,2.2,1.38,Graduate
1,7,1,9670,0,11,130.5,1,12,20,10,9,140.9,1,0,0,1,0,0,19,0,0,6,9,5,15.47,0,0,6,7,6,15.58,0,8.7,2.9,-0.92,Graduate
1,11,3,9119,1,12,137.5,1,29,13,11,8,182.3,1,0,1,1,0,0,29,0,0,6,6,3,12.2,0,0,6,9,1,11.84,0,5.7,2.7,-0.18,Dropout
1,3,2,9147,1,6,183.7,1,9,16,9,10,187.2,1,0,0,1,0,1,19,0,0,6,8,4,16.05,0,0,6,6,6,15.68,0,9.4,3.2,0.95,Enrolled
1,14,6,171,1,1,140.7,1,24,6,4,1,116.4,1,0,0,1,0,0,25,0,0,6,9,3,10.83,0,0,6,6,2,10.14,0,10.9,3.3,1.18,Dropout
1,13,4,9130,0,6,141.3,1,14,25,7,2,165.0,1,0,0,1,0,1,23,0,0,6,7,6,10.27,0,0,6,6,4,15.92,0,6.0,2.8,1.18,Enrolled
1,3,6,9556,1,8,147.2,1,7,6,10,12,144.3,1,0,0,1,1,0,21,0,0,6,6,6,14.9,0,0,6,9,4,14.04,0,10.0,2.3,1.25,Graduate
1,15,4,9070,1,8,133.2,1,6,14,2,12,165.9,0,0,1,1,0,0,27,0,0,6,6,1,11.73,0,0,6,9,2,11.45,0,4.3,3.0,-0.02,Dropout
1,15,4,9070,1,7,113.7,1,8,28,2,4,103.2,1,0,0,1,0,0,18,0,0,6,8,4,15.17,0,0,6,6,6,15.3,0,7.0,3.1,0.82,Enrolled
1,8,4,9238,0,15,178.8,1,21,2,3,1,162.8,1,0,0,0,0,0,25,0,0,6,6,0,0,0,0,6,9,2,11.53,0,4.5,1.8,1.25,Dropout
2,6,6,9991,1,13,112.3,1,21,9,10,11,136.6,1,0,0,1,0,0,21,0,0,6,9,6,12.12,0,0,6,6,4,16.11,0,8.7,2.7,1.81,Graduate
2,13,3,8014,1,3,171.8,1,9,29,1,10,107.2,1,0,0,1,0,0,23,0,0,6,6,4,10.34,0,0,6,9,6,14.05,0,6.2,2.9,0.71,Graduate
1,1,6,9853,0,6,170.9,1,18,6,10,1,167.3,0,0,0,1,0,0,18,0,0,6,7,5,10.63,0,0,6,6,4,10.79,0,4.1,1.0,-0.37,Enrolled
2,1,6,9085,1,9,120.8,1,3,15,10,9,160.9,1,0,0,1,1,1,19,0,0,6,7,4,16.88,0,0,6,7,6,11.93,0,10.3,0.6,0.69,Enrolled
1,12,4,171,0,5,182.2,1,5,12,12,1,164.7,1,0,0,1,0,0,24,0,0,6,7,1,11.57,0,0,6,7,1,10.14,0,11.3,2.2,0.39,Dropout
1,3,4,9119,1,13,182.3,1,29,28,3,2,102.7,0,0,1,1,0,1,19,0,0,6,6,2,10.86,0,0,6,9,2,12.83,0,9.8,3.2,-1.57,Dropout
1,17,5,9119,1,14,129.8,1,1,7,1,8,118.6,1,0,0,1,1,0,19,0,0,6,7,5,14.03,0,0,6,6,5,13.19,0,9.4,0.9,0.27,Graduate
1,1,1,171,1,15,174.3,1,12,3,6,6,167.7,0,0,1,1,0,0,23,0,0,6,9,1,11.43,0,0,6,7,2,12.21,0,4.6,1.8,-1.17,Dropout
1,5,1,171,1,14,188.7,1,2,1,8,4,185.6,0,0,0,1,1,0,18,0,0,6,9,6,16.09,0,0,6,6,6,16.22,0,6.5,0.6,0.94,Graduate
1,16,4,9991,1,2,129.0,1,15,15,8,6,167.1,1,0,0,1,0,1,21,0,0,6,8,6,15.94,0,0,6,8,6,13.63,0,6.8,0.8,-0.50,Enrolled
1,15,6,9238,1,15,173.5,1,27,4,11,12,124.1,0,0,1,0,1,0,20,0,0,6,9,3,10.16,0,0,6,6,0,0,0,4.3,3.4,0.13,Dropout
1,17,4,9773,1,6,150.8,1,25,20,5,3,184.0,1,0,0,1,0,0,23,0,0,6,7,4,13.76,0,0,6,7,4,14.24,0,3.8,0.9,-0.51,Graduate
1,18,2,9238,0,5,161.2,1,6,7,8,6,141.0,0,0,0,1,0,0,22,0,0,6,9,6,14.23,0,0,6,9,6,14.86,0,4.3,3.1,2.02,Enrolled
1,14,3,8014,1,10,132.7,1,6,6,3,8,144.2,0,1,0,1,1,0,21,0,0,6,6,4,10.64,0,0,6,7,4,12.62,0,3.9,1.0,1.27,Graduate
1,5,5,9119,1,8,185.0,1,17,23,7,12,124.6,1,0,0,1,1,1,19,0,0,6,7,5,14.72,0,0,6,6,5,12.12,0,7.1,2.8,0.49,Graduate
1,4,2,9130,1,15,182.2,1,15,12,3,1,115.4,0,0,0,1,0,0,22,0,0,6,7,6,13.84,0,0,6,7,6,16.91,0,5.8,2.0,1.60,Graduate
1,9,2,9991,1,12,158.3,1,16,10,12,6,157.8,0,0,1,0,1,0,19,0,0,6,9,3,11.19,0,0,6,7,0,0,0,6.2,0.9,-0.02,Dropout
1,14,3,9773,0,13,141.6,1,29,11,4,6,154.9,0,0,1,0,0,0,27,0,0,6,7,1,11.98,0,0,6,8,1,11.93,0,10.5,2.3,-1.00,Dropout
1,7,3,9130,1,6,174.0,1,28,12,9,3,134.0,1,0,0,1,0,1,21,0,0,6,7,5,10.81,0,0,6,6,4,10.06,0,10.3,3.0,-0.99,Enrolled
1,10,1,9147,1,9,111.9,1,1,14,11,6,169.0,0,0,1,1,1,1,23,0,0,6,6,6,11.64,0,0,6,7,6,15.24,0,11.0,1.8,0.71,Graduate
1,15,2,9119,1,8,145.0,1,18,4,3,2,137.7,1,0,0,1,1,0,19,0,0,6,7,4,11.73,0,0,6,9,4,13.38,0,8.0,0.7,2.28,Enrolled
1,10,1,9254,1,11,163.5,1,28,19,9,4,157.8,1,0,0,1,1,1,21,0,0,6,9,4,11.12,0,0,6,9,4,11.72,0,11.4,0.8,-0.80,Enrolled
2,1,2,9147,1,14,107.4,1,10,28,12,9,124.7,0,0,0,0,1,0,21,0,0,6,8,1,12.81,0,0,6,7,2,12.46,0,11.0,2.4,1.45,Dropout
1,9,6,9130,1,13,171.3,1,13,29,5,1,171.5,1,0,0,1,1,1,19,0,0,6,9,6,16.38,0,0,6,8,6,14.31,0,8.2,2.4,-0.41,Enrolled
2,7,1,9070,1,6,136.1,1,16,4,5,7,110.1,0,0,0,1,1,0,18,0,0,6,6,4,10.64,0,0,6,6,4,16.44,0,7.1,2.8,0.98,Graduate
1,5,2,9070,1,3,143.0,1,14,27,6,7,104.2,1,0,0,1,1,1,19,0,0,6,6,5,13.09,0,0,6,7,5,13.7,0,9.9,1.5,1.35,Enrolled
1,18,1,9003,1,14,113.2,1,2,4,3,11,105.1,0,0,0,1,1,0,22,0,0,6,9,5,15.23,0,0,6,6,6,14.13,0,8.4,2.4,0.59,Graduate
1,1,3,9130,1,5,137.1,1,15,2,8,11,156.0,0,0,0,1,1,0,25,0,0,6,8,1,11.74,0,0,6,8,1,11.84,0,9.8,1.8,-0.86,Dropout
1,9,2,9670,1,4,141.8,1,14,6,7,11,189.5,1,1,0,1,0,1,20,0,0,6,7,4,15.09,0,0,6,9,4,14.98,0,4.4,3.0,0.55,Graduate
1,1,6,9670,1,1,148.6,1,20,1,2,2,105.0,0,0,0,1,0,0,23,0,0,6,6,0,0,0,0,6,6,0,0,0,8.1,2.2,-1.50,Dropout
1,11,1,9500,1,6,172.9,1,28,17,3,8,114.9,1,0,0,1,0,0,22,0,0,6,7,6,14.13,0,0,6,9,4,14.61,0,4.9,2.8,-0.45,Graduate
1,10,6,9119,1,14,148.2,1,16,13,5,5,176.7,1,0,1,0,1,0,24,0,0,6,9,3,11.54,0,0,6,7,2,11.52,0,8.9,1.5,1.62,Dropout
1,12,6,171,1,15,165.5,1,2,20,1,3,172.9,1,0,0,1,0,0,23,0,0,6,6,5,13.39,0,0,6,8,5,11.13,0,7.0,2.0,2.09,Graduate
1,8,4,9853,1,10,178.5,1,14,16,4,7,160.1,1,0,0,0,1,0,26,0,0,6,9,0,0,0,0,6,9,2,12.3,0,6.6,3.0,0.59,Dropout
1,15,4,9147,1,1,111.0,1,29,12,7,9,166.4,0,0,0,1,1,0,22,0,0,6,8,6,16.87,0,0,6,9,4,16.51,0,9.6,0.8,-0.52,Graduate
1,11,4,9130,1,11,142.9,1,25,6,11,5,142.5,0,0,0,1,0,1,19,0,0,6,7,5,12.57,0,0,6,6,5,15.93,0,4.4,1.8,2.26,Graduate
1,7,5,171,1,12,131.6,1,20,25,8,10,129.6,0,0,1,1,0,0,25,0,0,6,6,0,0,0,0,6,6,0,0,0,6.5,2.3,-0.87,Dropout
1,6,6,9070,1,9,139.8,1,3,12,8,5,118.1,0,0,0,1,1,0,22,0,0,6,9,4,16.05,0,0,6,7,5,16.48,0,6.4,3.4,-0.82,Graduate
1,6,2,171,1,2,101.0,1,25,6,9,10,159.8,1,0,0,1,0,1,19,0,0,6,6,6,16.24,0,0,6,9,5,16.44,0,6.0,1.9,-0.53,Graduate
2,2,3,9991,1,5,164.8,1,4,13,11,7,138.7,1,0,0,1,1,0,19,0,0,6,7,4,13.51,0,0,6,6,4,13.83,0,9.4,3.1,2.20,Graduate
1,1,5,9853,1,4,142.4,1,2,25,2,5,123.2,1,0,1,1,1,1,21,0,0,6,7,5,13.24,0,0,6,6,6,11.19,0,9.9,0.5,-0.98,Graduate
1,11,3,9556,0,1,114.1,1,6,22,7,1,140.7,1,0,0,1,0,0,29,0,0,6,7,1,11.2,0,0,6,6,0,0,0,5.5,2.6,0.39,Dropout
1,17,3,33,1,3,132.7,1,6,19,11,3,139.5,0,0,0,1,0,0,22,0,0,6,7,4,11,0,0,6,9,4,14.95,0,6.6,2.8,-0.33,Enrolled
1,10,4,171,1,12,151.2,1,7,13,1,6,132.4,1,0,0,1,0,0,21,0,0,6,9,6,12.05,0,0,6,9,4,16.8,0,10.7,3.2,0.81,Enrolled
2,2,4,9254,1,5,168.1,1,29,17,12,7,159.3,0,0,0,1,0,0,18,0,0,6,9,6,16.41,0,0,6,9,6,12.17,0,10.9,3.0,-0.70,Graduate
1,14,6,171,1,7,186.6,1,14,1,5,4,153.6,1,0,0,0,1,0,29,0,0,6,6,1,12.32,0,0,6,7,0,0,0,6.6,2.9,0.82,Dropout
1,4,2,9147,1,10,152.2,1,14,24,7,10,130.2,1,0,0,1,1,0,19,0,0,6,8,6,16.52,0,0,6,7,6,14.95,0,9.7,2.1,-0.24,Graduate
1,9,2,9500,1,9,131.9,1,19,16,7,7,143.7,0,0,0,1,1,0,20,0,0,6,6,6,15.88,0,0,6,7,6,10.79,0,10.7,3.2,-0.18,Graduate
1,3,1,9147,1,12,156.9,1,5,4,10,7,183.2,0,0,0,1,1,1,22,0,0,6,9,4,10.33,0,0,6,6,6,13.87,0,9.8,1.6,-0.39,Graduate
1,5,1,8014,1,14,175.6,1,29,2,4,1,150.1,1,0,0,1,1,0,21,0,0,6,9,4,12.33,0,0,6,7,5,15.74,0,4.8,2.4,2.24,Graduate
1,2,1,9085,1,15,122.8,1,21,8,2,5,110.7,1,0,1,1,0,0,23,0,0,6,7,5,11.59,0,0,6,9,6,13.77,0,4.6,0.8,-1.22,Enrolled
1,5,4,9147,1,8,111.7,1,6,3,9,10,177.8,1,1,0,1,0,0,23,0,0,6,7,6,15.31,0,0,6,7,4,11.34,0,7.7,0.6,1.29,Enrolled
1,8,4,9119,1,8,126.1,1,4,3,9,7,115.2,0,0,0,0,0,0,19,0,0,6,7,2,10.03,0,0,6,8,0,0,0,6.5,1.6,0.75,Dropout
1,14,2,9238,1,11,110.1,1,8,22,9,5,108.5,0,0,0,1,0,0,23,0,0,6,7,5,16.03,0,0,6,7,5,16.31,0,9.3,1.8,0.97,Graduate
1,13,4,9556,1,10,158.6,1,1,19,7,4,118.1,0,0,0,1,1,1,23,0,0,6,7,5,12.08,0,0,6,8,6,15.54,0,4.4,0.4,-0.37,Graduate
1,7,5,9119,1,10,151.9,1,1,19,5,4,157.3,1,0,0,1,0,1,24,0,0,6,6,3,10.63,0,0,6,6,2,11.19,0,6.6,2.2,-1.48,Dropout
1,2,2,9085,1,7,185.4,1,18,23,4,10,159.5,1,0,0,1,0,0,19,0,0,6,7,4,13.16,0,0,6,9,4,11.16,0,9.2,1.1,1.29,Graduate
1,16,5,9147,1,6,133.5,1,2,19,10,7,144.3,1,0,0,1,0,0,22,0,0,6,6,4,10.02,0,0,6,7,6,13.09,0,4.5,1.9,-1.07,Graduate
1,17,1,9003,1,11,166.9,1,4,13,4,1,180.1,0,0,1,0,0,0,20,0,0,6,7,3,10.55,0,0,6,8,1,12.4,0,5.6,1.6,1.91,Dropout
1,13,5,9556,1,13,131.9,1,15,13,6,12,106.3,1,0,0,0,0,0,24,0,0,6,6,0,0,0,0,6,6,0,0,0,7.7,2.7,1.70,Dropout
1,3,6,8014,1,15,173.2,1,13,6,3,1,113.1,1,0,1,1,1,0,20,0,0,6,7,6,10.85,0,0,6,8,4,12.5,0,7.2,1.4,-0.32,Graduate
1,4,1,9238,1,6,183.6,1,11,25,9,11,182.8,1,0,0,1,0,0,19,0,0,6,7,4,14.13,0,0,6,6,6,16.34,0,11.2,1.6,-0.76,Graduate
1,2,4,9003,1,12,186.5,1,23,5,1,8,143.2,1,0,1,0,0,0,26,0,0,6,7,1,11.94,0,0,6,9,2,11.94,0,4.7,1.3,-0.70,Dropout
1,10,4,9003,1,15,163.1,1,20,19,10,6,108.9,0,0,0,1,1,0,23,0,0,6,8,4,14.68,0,0,6,8,5,13.65,0,8.4,2.7,1.58,Graduate
2,1,4,9670,1,11,140.3,1,7,15,6,3,124.0,0,0,0,0,0,0,24,0,0,6,8,1,10.67,0,0,6,9,1,12.39,0,9.8,3.0,2.17,Dropout
1,15,5,9254,1,10,104.6,1,17,14,3,12,133.2,1,0,0,1,0,0,21,0,0,6,8,3,11.7,0,0,6,7,0,0,0,9.7,2.9,-0.14,Dropout
1,11,5,9147,1,3,174.0,1,21,7,10,11,163.7,0,0,1,1,0,0,23,0,0,6,8,0,0,0,0,6,7,0,0,0,5.0,3.2,0.63,Dropout
1,12,3,9556,1,10,103.6,1,9,19,7,2,168.4,1,0,0,1,0,0,19,0,0,6,6,6,11.08,0,0,6,7,5,11.94,0,4.8,1.9,-0.51,Graduate
2,7,6,9991,1,7,116.2,1,19,2,6,8,121.0,1,0,1,0,0,0,27,0,0,6,8,3,12.87,0,0,6,9,2,11.94,0,10.6,2.3,-1.31,Dropout
1,18,5,9773,1,10,119.9,1,10,13,2,9,102.5,0,0,0,1,0,1,22,0,0,6,9,5,12.56,0,0,6,9,5,14.95,0,8.6,2.8,0.53,Enrolled
1,9,4,9070,1,3,120.0,1,4,6,3,10,133.2,1,0,1,1,0,0,26,0,0,6,9,0,0,0,0,6,6,0,0,0,9.4,2.4,-0.17,Dropout
1,11,6,9773,1,1,120.4,1,25,7,4,12,160.9,1,0,0,1,0,0,19,0,0,6,7,6,10.97,0,0,6,9,5,16.67,0,9.0,2.4,-1.61,Graduate
1,16,6,9003,1,13,146.0,1,20,8,4,1,135.1,1,0,0,1,0,0,18,0,0,6,9,5,14.51,0,0,6,7,6,15.18,0,7.8,1.1,-1.26,Graduate
1,14,1,9130,1,14,176.3,1,10,11,7,9,162.2,1,0,0,1,0,1,21,0,0,6,7,4,10.04,0,0,6,6,4,15.6,0,7.9,0.5,2.01,Graduate
1,12,1,9500,1,5,166.1,1,14,13,11,2,127.6,1,0,1,1,0,0,19,0,0,6,9,2,11.48,0,0,6,7,0,0,0,5.8,3.3,1.86,Dropout
1,8,2,9500,0,12,153.3,1,23,12,10,11,129.7,1,0,0,1,1,0,23,0,0,6,7,6,14.83,0,0,6,7,5,16.14,0,7.1,2.4,-1.09,Graduate
1,4,2,9254,1,14,187.5,1,9,9,3,1,112.4,0,0,0,1,0,0,20,0,0,6,8,6,15.45,0,0,6,7,6,12.91,0,3.9,1.1,-1.52,Enrolled
1,16,1,9254,1,2,152.1,1,17,4,12,5,180.1,1,0,1,1,1,0,25,0,0,6,8,0,0,0,0,6,9,2,10.19,0,10.7,2.0,1.30,Dropout
1,11,5,9003,1,10,173.2,1,12,19,10,5,178.6,0,0,1,1,0,1,28,0,0,6,9,0,0,0,0,6,7,1,10.9,0,4.0,2.8,-0.29,Dropout
1,8,4,9147,1,9,164.3,1,26,29,7,1,142.1,1,0,0,1,0,0,21,0,0,6,9,5,10.23,0,0,6,9,6,14.46,0,6.5,2.9,0.43,Graduate
1,11,1,9556,1,14,188.4,1,4,14,8,1,155.7,1,0,0,1,1,0,23,0,0,6,8,5,15.49,0,0,6,6,6,10.7,0,6.9,0.7,0.40,Graduate
1,13,1,9853,0,12,125.0,1,14,18,5,2,150.3,1,0,0,1,0,0,23,0,0,6,8,4,11.51,0,0,6,7,5,12.3,0,7.5,0.6,1.67,Graduate
1,8,6,9853,1,4,140.3,1,14,13,6,5,112.2,0,0,0,1,0,1,19,0,0,6,7,6,12.84,0,0,6,6,4,13.91,0,7.6,0.7,-0.47,Graduate
1,14,3,9070,1,15,119.0,1,9,28,6,8,182.6,1,1,1,1,1,0,28,0,0,6,8,0,0,0,0,6,7,1,10.08,0,6.0,2.5,0.25,Dropout
1,1,3,9070,1,3,135.1,1,27,7,2,5,138.6,1,0,0,1,0,0,23,0,0,6,6,5,15.81,0,0,6,6,5,10.27,0,8.1,3.2,-0.70,Graduate
1,8,5,9119,1,3,184.6,1,10,2,4,1,145.0,1,0,1,1,1,0,22,0,0,6,8,5,16.92,0,0,6,8,6,13.87,0,9.8,0.7,0.68,Graduate
2,10,3,9991,0,6,144.4,1,22,15,12,11,166.7,0,0,0,1,0,0,20,0,0,6,6,3,10.79,0,0,6,9,1,10.42,0,6.5,1.5,1.82,Dropout
1,8,2,9003,0,11,167.4,1,16,8,4,1,157.1,1,0,0,1,0,0,21,0,0,6,7,5,16.35,0,0,6,8,6,16,0,5.8,1.4,1.50,Graduate
2,1,4,9085,1,14,112.6,1,1,24,1,7,128.1,0,0,0,1,1,0,20,0,0,6,9,4,12.54,0,0,6,6,5,14.47,0,8.1,2.3,1.62,Graduate
1,5,4,9254,0,4,118.2,1,29,12,5,8,116.6,1,0,0,1,0,0,22,0,0,6,6,4,13.61,0,0,6,6,4,13.5,0,3.6,0.4,0.40,Graduate
2,2,3,9254,1,9,154.2,1,18,28,1,8,175.5,0,0,0,1,1,0,23,0,0,6,7,5,12.61,0,0,6,6,6,12.7,0,3.7,2.1,2.02,Graduate
2,9,6,9500,1,10,161.8,1,25,9,1,5,130.5,1,0,0,1,0,0,23,0,0,6,7,5,14.26,0,0,6,8,6,14.97,0,10.3,1.7,1.64,Graduate
1,6,5,9991,1,7,103.1,1,15,27,9,9,127.4,1,0,0,1,0,0,20,0,0,6,9,6,15.7,0,0,6,7,6,16.39,0,9.2,1.1,0.44,Enrolled
1,16,6,9853,1,6,150.8,1,5,1,10,3,136.2,0,0,1,1,0,0,24,0,0,6,8,0,0,0,0,6,8,0,0,0,9.2,1.6,1.53,Dropout
1,3,3,9991,1,15,161.1,1,20,11,3,5,173.0,1,0,0,1,0,0,21,0,0,6,7,5,14.29,0,0,6,8,4,15.8,0,6.7,0.7,0.54,Enrolled
1,6,5,9003,1,1,171.0,1,6,23,8,6,116.3,1,0,0,1,1,0,19,0,0,6,8,6,12.52,0,0,6,7,5,14.41,0,10.3,2.3,-0.75,Enrolled
1,11,2,33,1,13,154.5,1,8,17,3,9,143.9,1,0,1,1,0,0,24,0,0,6,8,2,10.96,0,0,6,8,1,10.52,0,11.2,1.4,0.23,Dropout
1,3,6,9003,1,10,115.1,1,23,4,11,10,151.5,1,0,0,1,0,0,20,0,0,6,8,4,16.91,0,0,6,7,6,11.93,0,5.3,2.0,2.08,Graduate
1,10,4,9085,1,4,173.7,1,10,22,10,3,156.5,0,0,0,1,0,0,18,0,0,6,7,5,13.78,0,0,6,9,5,12.02,0,5.4,1.1,2.08,Enrolled
1,13,6,9070,1,12,127.8,1,28,21,12,12,119.1,0,0,0,1,0,0,22,0,0,6,8,6,11.07,0,0,6,7,4,12.33,0,7.2,3.1,1.14,Graduate
1,11,5,9119,1,8,107.2,1,26,11,11,12,110.1,0,0,0,1,0,0,19,0,0,6,9,5,11.43,0,0,6,8,4,14.61,0,7.6,2.7,1.77,Graduate
1,17,3,9500,1,1,131.4,1,5,5,12,12,111.2,1,1,1,1,0,0,18,0,0,6,9,3,11.05,0,0,6,8,2,12.14,0,7.5,3.1,0.41,Dropout
1,8,6,8014,1,13,167.3,1,29,25,4,11,126.2,0,0,0,1,0,0,22,0,0,6,9,4,10.75,0,0,6,8,4,16.63,0,10.8,1.0,-1.35,Enrolled
2,7,5,9130,1,5,106.1,1,10,14,6,4,144.0,1,0,0,1,0,0,20,0,0,6,8,4,13.35,0,0,6,7,6,13.43,0,4.8,1.4,-0.57,Enrolled
1,4,1,9254,1,2,129.7,1,17,9,1,5,164.1,1,0,0,1,1,1,21,0,0,6,6,6,13.96,0,0,6,7,4,16.46,0,9.3,1.8,1.74,Graduate
1,8,6,9500,0,5,105.2,1,18,29,7,2,189.0,0,1,0,1,0,0,22,0,0,6,6,4,10.11,0,0,6,8,4,15.88,0,5.9,0.7,-0.92,Graduate
1,3,3,9119,1,14,169.9,1,24,20,1,12,173.5,1,0,0,1,0,0,20,0,0,6,7,4,15.32,0,0,6,9,5,11.77,0,10.7,1.4,0.03,Graduate
1,9,1,9500,1,13,149.4,1,22,14,12,10,175.7,1,0,1,1,1,0,18,0,0,6,9,6,16.3,0,0,6,8,6,13.72,0,4.7,1.8,1.97,Graduate
2,17,1,9254,1,7,143.7,1,10,3,7,6,132.6,1,0,1,1,1,0,18,0,0,6,8,5,10.13,0,0,6,7,4,14.12,0,4.6,0.9,-0.52,Enrolled
2,17,2,171,1,5,148.7,1,11,2,9,4,166.7,0,0,0,1,1,1,20,0,0,6,6,5,14.58,0,0,6,7,6,15.36,0,9.8,0.4,-0.01,Graduate
1,2,1,9556,1,14,129.7,1,6,2,10,7,143.6,1,0,0,1,0,0,21,0,0,6,8,6,16.58,0,0,6,7,4,16.83,0,7.6,3.1,2.30,Enrolled
1,16,6,9500,1,14,171.2,1,9,12,11,2,183.5,0,0,0,1,0,0,21,0,0,6,8,6,10.84,0,0,6,6,5,16.11,0,9.1,0.9,0.37,Graduate
1,13,2,9070,0,13,104.7,1,20,24,7,7,152.8,1,0,0,1,0,1,18,0,0,6,6,6,11.93,0,0,6,7,4,11.84,0,9.3,2.4,-0.06,Graduate
1,5,1,9500,0,12,124.3,1,19,15,3,11,180.6,1,0,1,1,0,1,23,0,0,6,8,6,13.8,0,0,6,9,6,12.31,0,6.9,2.4,-1.45,Enrolled
1,11,3,9500,0,10,165.9,1,15,11,2,1,132.0,1,0,0,1,1,0,18,0,0,6,6,5,14.58,0,0,6,8,6,10.97,0,7.6,3.4,1.44,Graduate
1,3,6,9147,1,5,169.0,1,22,20,11,5,162.8,1,0,0,1,1,0,20,0,0,6,6,6,12.24,0,0,6,9,4,13.99,0,10.1,2.2,-0.62,Enrolled
1,1,4,9670,0,1,184.3,1,28,28,3,10,108.5,1,0,0,1,0,0,23,0,0,6,7,4,15.51,0,0,6,7,6,16.82,0,10.2,1.7,0.66,Graduate
1,9,3,9085,0,2,186.9,1,4,17,9,11,172.9,1,0,1,0,0,0,27,0,0,6,8,1,10.25,0,0,6,8,0,0,0,8.7,0.7,1.30,Dropout
1,16,2,9500,1,11,123.1,1,5,28,4,5,160.3,1,0,1,1,0,0,18,0,0,6,8,3,11.74,0,0,6,7,0,0,0,9.8,0.8,1.72,Dropout
1,18,4,171,1,5,123.9,1,24,5,2,4,171.0,1,0,0,1,0,1,19,0,0,6,9,6,15.09,0,0,6,6,4,11.13,0,6.5,2.8,-0.89,Enrolled
1,16,3,9130,1,8,134.1,1,16,8,8,6,146.3,1,0,0,1,0,0,20,0,0,6,9,6,12.17,0,0,6,9,4,12.23,0,7.0,1.9,0.05,Enrolled
1,12,1,9500,1,14,131.6,1,18,27,5,3,151.9,1,1,0,1,1,1,22,0,0,6,6,5,12.12,0,0,6,7,4,13.89,0,9.5,0.9,0.15,Graduate
1,5,3,9147,1,5,135.9,1,11,18,10,4,150.6,0,0,0,1,0,0,22,0,0,6,8,6,15.58,0,0,6,7,5,15.03,0,6.0,2.6,0.24,Enrolled
1,4,2,9773,1,12,116.0,1,22,4,4,6,117.7,1,0,0,0,0,0,28,0,0,6,8,1,12.08,0,0,6,7,1,10.92,0,7.0,3.0,0.41,Dropout
1,3,3,171,0,9,117.8,1,26,22,9,10,138.4,0,0,1,1,0,0,21,0,0,6,9,5,11.9,0,0,6,7,6,14.34,0,4.8,1.0,1.57,Graduate
1,6,3,9254,1,12,133.9,1,29,7,6,3,166.9,1,0,0,1,1,0,21,0,0,6,9,1,12.83,0,0,6,7,0,0,0,6.1,2.7,-0.17,Dropout
2,16,4,9147,1,6,170.6,1,4,21,9,2,154.1,0,0,1,1,0,0,18,0,0,6,7,0,0,0,0,6,7,2,12.39,0,11.1,0.9,0.03,Dropout
1,2,3,9500,1,9,153.8,1,24,10,5,4,176.6,0,0,1,1,1,0,19,0,0,6,8,3,10.21,0,0,6,8,0,0,0,6.7,1.5,-1.48,Dropout
1,8,1,9853,1,8,154.7,1,19,15,10,7,156.1,0,0,0,1,1,1,18,0,0,6,7,5,12.18,0,0,6,6,6,11.36,0,5.8,2.7,0.52,Graduate
1,3,2,9853,1,8,181.0,1,11,15,12,7,107.0,1,0,0,1,1,1,21,0,0,6,9,5,14.59,0,0,6,7,6,12.95,0,4.7,3.2,2.18,Enrolled
1,10,3,171,1,1,178.8,1,11,20,6,11,167.3,1,0,1,1,0,0,21,0,0,6,7,1,10.55,0,0,6,8,0,0,0,4.1,3.3,-0.40,Dropout
1,6,5,9119,1,2,143.2,1,4,18,4,7,165.0,0,0,0,1,0,0,21,0,0,6,6,4,17,0,0,6,8,6,13.09,0,4.6,3.1,-0.89,Graduate
1,5,2,9254,1,9,158.6,1,8,5,7,2,110.1,0,0,0,1,0,0,22,0,0,6,9,6,13.92,0,0,6,6,6,12.43,0,9.6,2.0,-0.96,Enrolled
1,8,2,9147,1,11,189.4,1,15,9,4,3,137.1,1,0,0,1,1,0,22,0,0,6,7,6,15.36,0,0,6,6,4,10.54,0,9.5,0.8,1.46,Graduate
1,14,5,8014,1,10,134.5,1,1,17,12,4,172.4,0,0,0,1,0,0,22,0,0,6,8,4,15.33,0,0,6,6,4,16.18,0,9.3,2.3,1.02,Graduate
1,8,4,9254,1,7,183.2,1,28,11,7,11,164.5,1,0,0,1,1,1,22,0,0,6,9,6,12.73,0,0,6,9,4,15.31,0,9.0,2.2,-1.57,Graduate
1,12,6,9147,1,7,131.5,1,6,18,8,7,159.2,1,0,0,1,0,0,21,0,0,6,8,5,14.51,0,0,6,9,6,12.61,0,4.5,1.3,1.13,Graduate
1,10,6,8014,1,9,100.4,1,23,16,4,10,123.7,1,0,0,1,0,1,18,0,0,6,7,5,12.29,0,0,6,7,5,11.99,0,8.4,1.9,0.00,Graduate
1,14,4,9254,1,11,106.2,1,10,7,4,2,172.7,0,0,0,1,1,1,18,0,0,6,8,5,12.08,0,0,6,9,4,11.64,0,5.0,1.1,-0.86,Enrolled
1,17,5,8014,0,7,126.2,1,11,28,12,8,112.7,0,0,0,1,0,1,21,0,0,6,9,6,13.49,0,0,6,7,5,14.89,0,5.8,2.9,0.15,Enrolled
1,15,2,9991,1,10,148.6,1,5,13,9,4,144.9,1,0,0,1,1,0,20,0,0,6,7,6,10.86,0,0,6,7,4,15.52,0,8.3,2.6,-0.50,Graduate
1,17,3,9003,1,4,102.2,1,9,29,12,7,104.1,1,1,0,1,1,0,18,0,0,6,6,4,11.45,0,0,6,9,5,14.53,0,5.8,3.1,-0.11,Graduate
1,12,1,9130,0,9,170.9,1,17,1,4,10,135.4,0,0,0,1,0,0,22,0,0,6,7,6,14.39,0,0,6,8,4,14.23,0,6.0,2.5,0.92,Graduate
1,12,2,9556,1,11,174.4,1,28,4,5,6,180.4,0,0,1,0,1,0,18,0,0,6,7,0,0,0,0,6,6,0,0,0,10.3,1.9,0.52,Dropout
1,16,5,9130,1,7,103.3,1,23,21,1,8,130.0,1,0,1,1,1,0,27,0,0,6,8,2,11.71,0,0,6,7,2,10.3,0,5.8,2.0,2.15,Dropout
1,14,5,9130,1,7,142.5,1,15,29,8,4,153.8,1,0,1,1,0,0,27,0,0,6,9,0,0,0,0,6,6,1,10.48,0,7.2,1.6,1.73,Dropout
1,14,4,9254,1,14,110.4,1,8,13,2,11,138.8,1,0,0,1,0,0,19,0,0,6,9,4,14.69,0,0,6,7,5,10.8,0,7.8,1.9,1.35,Graduate
1,14,2,9853,1,9,141.5,1,9,7,2,7,137.2,1,0,1,0,0,0,21,0,0,6,9,0,0,0,0,6,6,0,0,0,10.5,1.9,-0.64,Dropout
1,13,4,9773,1,2,127.9,1,25,29,3,12,170.4,1,0,0,0,1,0,18,0,0,6,7,1,11.23,0,0,6,9,2,11.74,0,9.3,1.7,0.86,Dropout
2,18,3,9085,1,11,170.4,1,27,10,5,4,142.6,0,0,0,1,0,0,23,0,0,6,9,4,16.44,0,0,6,9,6,11.81,0,4.1,2.1,-1.59,Enrolled
1,16,5,9556,1,8,150.4,1,18,25,11,7,100.1,1,0,0,1,0,0,21,0,0,6,7,5,10.49,0,0,6,6,4,16.82,0,5.7,2.8,1.57,Graduate
1,16,6,9991,1,5,153.5,1,23,6,3,10,126.2,1,0,0,1,1,1,19,0,0,6,8,6,10.27,0,0,6,8,5,16.39,0,8.5,0.4,-0.68,Graduate
1,16,1,9670,1,8,112.1,1,25,22,3,3,159.9,1,0,0,1,1,0,21,0,0,6,8,4,11.19,0,0,6,6,5,16.34,0,7.7,0.5,0.89,Enrolled
1,9,6,9670,1,15,186.3,1,10,1,9,12,141.9,1,0,0,1,1,1,19,0,0,6,7,4,14.39,0,0,6,8,4,10.16,0,7.5,1.5,-0.86,Graduate
1,16,5,9500,1,13,170.6,1,3,3,3,5,159.5,1,0,0,1,0,0,20,0,0,6,8,6,10.58,0,0,6,9,5,12.97,0,11.0,2.5,-1.51,Enrolled
1,17,4,9238,1,8,120.1,1,16,25,5,3,122.3,1,0,1,1,1,0,18,0,0,6,9,4,13.87,0,0,6,8,5,16.88,0,11.5,2.6,2.05,Graduate
1,4,4,9991,1,2,120.9,1,26,6,4,12,148.3,0,0,0,0,0,0,19,0,0,6,6,3,11.17,0,0,6,7,0,0,0,4.7,2.5,-1.70,Dropout
1,12,4,9991,1,8,115.0,1,16,4,6,2,169.5,1,0,0,1,1,0,19,0,0,6,9,6,16.91,0,0,6,8,6,15.93,0,5.9,1.0,-0.04,Graduate
1,16,3,9238,1,5,146.6,1,11,28,8,2,101.1,1,0,0,1,0,0,28,0,0,6,6,3,12.96,0,0,6,9,1,12.21,0,8.8,2.3,-0.39,Dropout
2,9,2,9556,0,8,155.2,1,19,3,12,3,167.6,0,0,0,1,0,0,20,0,0,6,7,5,10.37,0,0,6,8,6,10.3,0,4.6,3.3,0.14,Graduate
1,1,5,9254,1,4,156.0,1,22,4,2,3,143.9,1,0,0,1,1,0,19,0,0,6,6,1,10.47,0,0,6,9,0,0,0,8.7,1.2,-0.93,Dropout
1,7,4,9991,1,7,160.0,1,10,16,3,1,174.3,1,0,1,1,1,0,22,0,0,6,6,2,11.1,0,0,6,6,1,11.32,0,4.1,1.9,1.30,Dropout
1,10,2,33,1,15,148.0,1,9,1,5,11,183.2,1,0,0,1,0,0,20,0,0,6,9,5,14.06,0,0,6,9,5,14.71,0,6.5,0.9,-0.93,Graduate
1,5,5,9773,1,15,174.1,1,20,27,11,4,183.8,0,0,1,1,0,1,27,0,0,6,9,3,12.87,0,0,6,6,2,12.99,0,10.8,3.2,1.96,Dropout
1,4,2,9773,1,15,171.3,1,2,8,9,1,159.1,0,0,0,1,0,0,18,0,0,6,8,4,15.25,0,0,6,9,6,14.47,0,4.0,1.1,1.10,Enrolled
1,17,5,9991,0,9,176.7,1,4,3,12,6,141.4,1,0,1,0,0,0,22,0,0,6,8,3,12.69,0,0,6,6,0,0,0,7.0,1.3,0.40,Dropout
1,8,3,33,1,1,186.7,1,27,17,8,6,161.4,0,0,0,0,1,0,18,0,0,6,7,3,12.67,0,0,6,6,2,10.03,0,7.7,1.6,0.88,Dropout
1,18,3,8014,0,14,132.0,1,12,23,6,7,120.7,1,0,0,1,0,0,20,0,0,6,8,6,11.53,0,0,6,8,4,12.93,0,4.3,2.4,-0.93,Graduate
1,10,3,8014,1,6,113.8,1,12,8,5,8,184.1,0,0,1,0,0,0,18,0,0,6,8,3,10.72,0,0,6,8,1,10.62,0,9.2,3.3,0.68,Dropout
1,16,5,9500,0,7,172.9,1,21,11,3,6,122.0,0,0,0,1,0,0,23,0,0,6,9,1,11.46,0,0,6,7,1,10.21,0,3.9,1.4,0.29,Dropout
2,5,6,9070,1,12,119.0,1,3,26,5,1,161.8,0,0,0,1,0,0,19,0,0,6,7,5,10.95,0,0,6,8,5,13.58,0,3.8,1.5,-0.40,Enrolled
1,5,3,9238,1,5,137.4,1,11,2,3,7,179.8,1,0,0,1,1,1,20,0,0,6,6,4,16.65,0,0,6,7,6,13.98,0,6.7,2.1,-1.56,Enrolled
1,15,6,9147,0,4,167.8,1,27,22,11,8,120.1,0,0,1,1,0,0,20,0,0,6,8,1,10.46,0,0,6,7,0,0,0,4.0,0.9,-0.24,Dropout
1,14,2,9670,1,6,154.0,1,17,2,8,5,105.8,0,0,0,1,1,0,19,0,0,6,7,5,12.93,0,0,6,9,5,15.66,0,5.6,2.5,-0.42,Enrolled
1,12,2,9773,0,4,144.2,1,12,24,8,8,121.4,1,0,1,1,0,0,20,0,0,6,6,3,11.84,0,0,6,9,2,11.06,0,5.2,1.9,-0.48,Dropout
2,4,5,9070,1,12,168.7,1,15,17,10,2,120.4,0,0,1,1,1,0,29,0,0,6,7,0,0,0,0,6,7,0,0,0,6.6,0.5,0.81,Dropout
1,15,2,9119,1,10,176.0,1,8,14,7,6,174.1,1,0,0,1,1,0,22,0,0,6,8,4,12.95,0,0,6,8,5,12.05,0,3.9,0.6,0.60,Graduate
1,9,5,9147,0,11,167.8,1,7,14,6,7,102.4,0,0,0,1,0,0,20,0,0,6,9,5,15.61,0,0,6,9,5,10.42,0,7.6,2.4,-0.27,Graduate
1,10,3,9500,1,13,177.7,1,11,4,5,11,151.5,1,0,0,1,1,0,19,0,0,6,6,4,12.51,0,0,6,6,5,16.27,0,5.3,3.0,0.55,Graduate
1,7,5,9254,1,12,113.5,1,19,26,10,7,189.1,1,0,0,1,0,1,19,0,0,6,8,4,14.93,0,0,6,6,4,14.34,0,5.3,3.0,-1.65,Graduate
1,18,3,33,1,15,156.3,1,12,15,2,7,141.5,1,0,0,1,0,0,20,0,0,6,6,5,11.4,0,0,6,8,4,14.39,0,7.7,1.0,1.73,Graduate
1,7,3,9147,1,13,186.6,1,11,7,1,12,163.4,1,0,0,1,0,0,23,0,0,6,6,3,11.99,0,0,6,6,0,0,0,4.9,2.1,-1.19,Dropout
1,5,6,9670,1,13,111.5,1,25,19,12,9,124.3,1,1,0,1,1,0,21,0,0,6,8,4,11.62,0,0,6,7,6,10.21,0,8.0,1.0,0.12,Graduate
1,16,4,9853,1,8,106.5,1,23,1,1,11,186.0,0,0,0,1,0,0,21,0,0,6,7,5,14.9,0,0,6,6,5,15.34,0,10.6,0.8,-0.51,Graduate
1,16,4,9003,1,15,188.9,1,21,4,9,8,111.4,1,0,0,1,0,0,20,0,0,6,7,4,12.19,0,0,6,8,4,11.41,0,10.2,1.1,2.14,Enrolled
1,13,6,9773,1,1,136.5,1,22,23,7,8,184.8,0,0,0,1,1,1,23,0,0,6,7,5,13.28,0,0,6,9,4,13.14,0,9.2,2.9,-1.69,Enrolled
1,12,6,171,1,2,115.5,1,20,6,2,4,129.6,1,0,1,1,0,0,20,0,0,6,8,4,14.07,0,0,6,8,6,11.79,0,4.7,0.6,-0.44,Graduate
2,11,2,171,1,14,122.9,1,10,20,9,10,131.3,1,1,1,0,1,0,26,0,0,6,8,0,0,0,0,6,9,1,10.33,0,8.2,3.0,-0.61,Dropout
2,8,2,9085,1,6,188.9,1,13,5,2,5,103.7,1,0,0,1,1,1,18,0,0,6,7,4,12.55,0,0,6,9,5,14.01,0,3.6,2.0,-0.91,Enrolled
1,15,3,9238,1,13,128.0,1,15,24,2,2,145.0,1,0,0,1,0,1,23,0,0,6,6,6,14.15,0,0,6,6,4,11.03,0,8.9,2.9,1.21,Graduate
1,17,3,9238,1,11,138.0,1,13,12,3,11,165.2,1,0,0,1,1,0,21,0,0,6,6,6,10.84,0,0,6,8,6,15.11,0,10.2,1.8,0.86,Enrolled
1,18,5,9254,1,10,173.3,1,4,10,1,5,150.6,1,0,1,1,0,0,24,0,0,6,9,2,10.2,0,0,6,8,2,10.56,0,8.7,1.1,1.63,Dropout
1,8,6,9147,0,14,171.3,1,1,2,6,3,128.7,0,0,0,1,0,0,21,0,0,6,7,6,11.87,0,0,6,7,4,14.23,0,11.5,2.9,-1.42,Enrolled
1,6,4,9238,1,8,136.2,1,20,9,6,5,135.1,1,0,0,1,1,1,18,0,0,6,6,4,12.48,0,0,6,6,5,14.64,0,9.2,1.4,-1.17,Graduate
1,6,5,9119,1,10,111.4,1,4,29,9,6,183.0,1,0,1,1,0,1,23,0,0,6,9,6,11.18,0,0,6,9,4,15.99,0,4.9,3.3,0.71,Enrolled
1,13,1,9085,1,7,155.3,1,23,15,12,5,177.5,0,0,1,0,0,0,18,0,0,6,9,0,0,0,0,6,6,1,12.6,0,10.9,0.5,1.90,Dropout
1,4,2,9853,0,5,139.7,1,22,12,8,4,169.0,1,0,0,1,0,0,22,0,0,6,6,4,16.04,0,0,6,9,5,15.74,0,9.1,3.3,0.38,Graduate
2,17,6,9085,1,9,106.3,1,10,3,1,6,130.0,1,0,1,1,0,0,23,0,0,6,8,4,15.74,0,0,6,8,5,10.82,0,11.4,2.6,-0.56,Graduate
1,16,6,171,0,4,119.1,1,24,3,5,6,162.3,1,0,1,1,0,0,29,0,0,6,7,3,11.9,0,0,6,9,1,12.48,0,4.9,0.6,0.75,Dropout
1,18,3,9003,1,1,135.7,1,27,19,2,1,187.6,1,0,1,1,0,0,26,0,0,6,6,0,0,0,0,6,9,2,10.84,0,9.3,1.7,0.64,Dropout
1,11,4,9556,1,15,146.1,1,15,4,4,6,129.7,1,0,0,1,0,0,18,0,0,6,6,6,12.71,0,0,6,9,6,11.65,0,8.0,2.5,-0.55,Graduate
1,15,6,9670,1,1,127.8,1,14,5,3,6,153.0,1,0,0,1,1,0,18,0,0,6,7,6,11.43,0,0,6,7,4,15.37,0,10.4,3.0,0.16,Enrolled
1,18,1,9853,1,11,128.3,1,5,11,9,10,141.8,0,0,0,1,0,0,22,0,0,6,7,4,11.81,0,0,6,9,4,10.46,0,3.7,2.6,-1.46,Enrolled
1,7,3,9254,1,1,107.4,1,14,4,12,6,152.9,0,0,0,1,1,0,23,0,0,6,9,6,12.03,0,0,6,6,5,13.43,0,4.3,0.6,-0.70,Graduate
1,4,3,9003,1,14,108.6,1,28,13,4,7,126.9,0,0,0,1,1,1,22,0,0,6,9,5,11.55,0,0,6,8,4,13.84,0,7.2,1.8,-1.14,Graduate
2,9,1,9070,1,7,188.5,1,9,1,12,2,184.8,0,0,0,1,1,0,18,0,0,6,8,4,13.8,0,0,6,9,4,14.3,0,8.0,2.8,2.00,Graduate
1,8,4,9556,1,7,136.6,1,25,15,8,1,138.6,0,0,0,1,0,1,22,0,0,6,9,4,15.89,0,0,6,8,4,15.84,0,8.0,0.6,1.72,Graduate
1,7,5,9085,1,10,170.9,1,1,28,7,9,133.2,1,0,0,1,0,0,22,0,0,6,9,4,11.04,0,0,6,7,4,11.67,0,8.6,1.1,0.79,Graduate
1,4,2,9070,1,14,171.6,1,19,21,10,5,133.3,0,0,0,1,1,0,22,0,0,6,6,4,10.95,0,0,6,7,5,10.93,0,5.7,1.4,0.72,Graduate
1,3,6,9773,1,6,114.0,1,26,22,7,9,164.6,1,0,0,1,0,0,19,0,0,6,7,4,10.41,0,0,6,6,6,16.19,0,10.4,3.2,1.68,Graduate
1,11,5,9003,1,11,115.3,1,13,1,12,12,173.2,0,0,1,1,0,0,20,0,0,6,8,3,12.05,0,0,6,8,2,10.8,0,10.7,1.1,-0.06,Dropout
1,16,3,9254,1,7,174.7,1,27,22,10,9,117.5,1,0,0,1,1,0,21,0,0,6,9,4,16.13,0,0,6,9,5,16.57,0,5.1,3.1,-0.52,Graduate
1,1,2,33,1,9,114.4,1,29,19,10,11,157.6,0,0,0,1,1,0,21,0,0,6,6,6,12.87,0,0,6,8,6,14.92,0,10.7,0.9,0.68,Graduate
1,6,1,9773,0,4,182.7,1,17,1,5,3,175.5,1,0,0,0,1,0,26,0,0,6,9,0,0,0,0,6,8,2,10.38,0,11.0,1.7,0.32,Dropout
1,12,6,9500,1,11,124.0,1,16,19,8,8,148.7,0,0,0,1,1,1,19,0,0,6,6,6,14.55,0,0,6,9,4,10.85,0,6.3,1.8,0.26,Enrolled
1,18,5,8014,1,8,145.0,1,5,21,11,10,161.6,1,0,0,1,1,0,22,0,0,6,7,6,10.78,0,0,6,9,6,10.8,0,4.0,1.3,1.24,Graduate
1,15,2,9991,1,14,143.9,1,28,21,9,1,137.0,1,0,0,1,0,0,23,0,0,6,8,5,14.7,0,0,6,8,4,10.76,0,9.2,1.3,1.90,Graduate
1,4,6,9070,1,7,183.0,1,6,17,2,5,164.9,0,0,0,1,1,0,22,0,0,6,7,4,13.66,0,0,6,6,4,15.42,0,9.6,1.4,-1.69,Graduate
1,11,1,9670,1,5,150.8,1,15,11,6,1,101.5,0,0,0,1,0,1,19,0,0,6,6,5,12.62,0,0,6,9,5,16.71,0,9.9,1.2,2.26,Enrolled
1,7,6,9070,0,14,138.2,1,12,17,10,6,140.0,1,0,0,1,1,0,23,0,0,6,6,4,13.02,0,0,6,7,4,13.11,0,8.9,1.9,0.19,Enrolled
1,9,1,9773,1,8,178.1,1,18,10,10,10,180.5,0,0,1,1,1,1,27,0,0,6,6,0,0,0,0,6,8,2,12.75,0,8.6,2.6,0.76,Dropout
1,2,5,9003,0,2,106.7,1,15,28,2,10,136.0,0,0,1,0,0,0,28,0,0,6,7,0,0,0,0,6,7,1,11.37,0,8.5,1.1,1.13,Dropout
1,7,5,33,1,14,123.3,1,12,15,12,3,172.0,1,0,1,1,0,0,22,0,0,6,8,6,12.18,0,0,6,6,4,13.12,0,10.2,2.7,0.02,Graduate
2,8,3,9500,1,1,183.1,1,4,1,1,6,170.9,0,0,1,1,0,0,28,0,0,6,7,0,0,0,0,6,6,2,10.56,0,8.5,1.5,1.85,Dropout
1,16,2,9853,1,9,153.8,1,12,17,3,7,143.1,1,0,0,1,0,1,20,0,0,6,9,5,16.24,0,0,6,6,4,14.69,0,7.8,1.6,0.29,Graduate
1,7,4,9238,1,15,168.1,1,1,16,2,10,139.4,1,0,0,1,1,1,21,0,0,6,8,5,11.35,0,0,6,7,5,11.53,0,5.5,1.2,2.11,Graduate
1,16,4,9500,1,4,108.7,1,14,29,4,11,122.4,1,0,1,0,1,0,27,0,0,6,7,2,12.5,0,0,6,6,1,12.77,0,9.0,1.0,0.35,Dropout
1,16,4,9556,1,10,176.5,1,23,9,1,6,176.0,0,0,0,1,1,0,20,0,0,6,6,4,16.75,0,0,6,8,5,14.39,0,10.1,0.9,0.91,Graduate
1,6,1,9147,1,12,112.6,1,8,29,8,12,142.3,1,0,0,1,0,0,20,0,0,6,6,6,11.38,0,0,6,7,6,11.14,0,5.8,2.7,1.39,Graduate
1,8,4,9147,1,3,151.2,1,19,18,10,9,113.5,1,0,0,1,0,1,20,0,0,6,7,4,14.85,0,0,6,8,6,13.39,0,11.3,1.3,0.46,Graduate
1,4,2,9085,1,9,129.7,1,22,11,6,3,162.3,0,0,0,1,0,0,19,0,0,6,8,6,15.77,0,0,6,7,5,14.2,0,9.2,1.8,1.83,Graduate
1,6,2,171,1,9,140.1,1,16,5,11,6,148.2,0,0,0,1,1,0,22,0,0,6,7,5,14.86,0,0,6,7,5,12.93,0,9.7,1.6,-0.85,Enrolled
1,8,2,171,1,2,119.6,1,28,28,9,10,151.1,0,0,0,1,0,0,22,0,0,6,9,5,10.61,0,0,6,8,4,13.35,0,10.5,2.9,0.46,Graduate
1,10,3,33,1,8,135.9,1,11,12,12,10,178.9,1,0,0,1,1,0,23,0,0,6,7,5,10.36,0,0,6,9,4,10.6,0,8.9,1.8,0.45,Graduate
2,3,2,9556,1,11,132.6,1,12,21,7,7,174.7,1,0,0,1,1,1,19,0,0,6,8,4,11.23,0,0,6,8,5,16.68,0,8.0,1.5,-1.50,Graduate
1,1,5,9670,1,2,104.7,1,29,14,12,11,179.7,0,0,0,0,0,0,25,0,0,6,9,2,10.5,0,0,6,8,2,11.75,0,7.4,3.2,-0.02,Dropout
1,2,2,8014,1,13,166.4,1,5,13,11,11,180.1,0,0,0,0,1,0,29,0,0,6,8,1,10.79,0,0,6,6,2,11.99,0,7.2,0.9,0.51,Dropout
1,6,3,8014,1,1,163.9,1,18,4,12,4,156.4,0,0,0,1,1,0,21,0,0,6,9,5,14.79,0,0,6,8,4,16.02,0,4.7,1.3,0.51,Enrolled
1,5,6,9853,1,13,103.7,1,26,13,11,1,143.9,0,0,0,1,1,0,25,0,0,6,7,3,12.39,0,0,6,9,2,10.08,0,7.0,2.8,-1.17,Dropout
1,15,3,8014,1,15,185.1,1,14,2,9,6,140.0,1,0,1,1,0,0,27,0,0,6,8,1,11.3,0,0,6,9,2,10.63,0,5.0,0.7,0.44,Dropout
1,2,4,33,1,7,115.5,1,26,27,5,7,101.8,0,0,1,0,0,0,24,0,0,6,8,2,12.37,0,0,6,7,0,0,0,7.4,3.1,-0.62,Dropout
1,5,5,9070,1,4,178.0,1,16,27,12,7,106.2,1,0,0,1,1,0,18,0,0,6,6,5,11.47,0,0,6,8,6,14.15,0,11.4,1.3,1.12,Graduate
1,2,1,9085,0,1,161.7,1,3,6,4,2,124.2,0,0,1,1,0,0,21,0,0,6,7,0,0,0,0,6,9,1,10.9,0,10.4,1.8,-0.27,Dropout
1,6,4,33,1,1,109.5,1,4,26,6,9,179.9,1,0,1,1,0,0,18,0,0,6,9,4,15.54,0,0,6,7,5,15.52,0,11.0,1.0,-1.63,Graduate
1,17,5,9773,1,11,180.6,1,22,21,4,8,112.2,1,0,0,1,0,0,19,0,0,6,9,5,13.76,0,0,6,6,6,10.05,0,8.9,0.7,-0.79,Enrolled
1,14,2,171,1,7,103.4,1,21,2,6,6,126.7,0,0,0,1,1,0,23,0,0,6,9,6,15.15,0,0,6,9,5,12.56,0,5.2,2.6,-0.29,Enrolled
1,12,6,8014,1,2,181.0,1,23,22,2,5,159.0,1,0,0,1,1,1,22,0,0,6,9,6,11.7,0,0,6,7,5,13.6,0,9.3,2.8,-0.73,Enrolled
1,4,2,9670,1,11,176.6,1,22,17,11,1,111.2,0,0,0,1,1,0,25,0,0,6,7,2,12.3,0,0,6,6,0,0,0,7.1,3.2,-0.19,Dropout
1,7,3,8014,1,14,109.9,1,26,6,10,10,106.5,1,0,0,1,0,0,20,0,0,6,6,3,10.53,0,0,6,6,0,0,0,5.8,2.4,2.21,Dropout
1,16,3,9070,1,13,144.3,1,9,29,1,5,121.8,0,0,0,1,1,0,19,0,0,6,7,4,12.74,0,0,6,7,6,14.94,0,5.1,1.4,0.47,Graduate
1,11,6,9130,1,14,166.0,1,25,12,4,10,163.4,1,0,0,1,0,1,21,0,0,6,7,6,13.45,0,0,6,9,6,15.74,0,9.6,2.8,-1.68,Graduate
1,18,3,9085,1,7,146.7,1,27,2,5,8,174.1,0,0,0,1,1,0,19,0,0,6,9,5,14.11,0,0,6,8,6,12.92,0,11.4,1.9,0.74,Graduate
1,2,3,9670,1,14,158.2,1,18,21,10,5,115.8,0,0,0,0,0,0,21,0,0,6,9,1,10.68,0,0,6,9,1,12.34,0,9.7,2.7,1.05,Dropout
1,12,3,9853,1,13,174.8,1,2,12,10,5,131.6,0,0,1,0,1,0,28,0,0,6,8,3,10.59,0,0,6,8,0,0,0,5.1,2.1,-0.33,Dropout
1,5,4,9853,1,3,116.2,1,22,18,1,1,162.3,0,0,1,1,0,1,27,0,0,6,7,2,11.42,0,0,6,9,0,0,0,10.3,0.8,2.14,Dropout
1,7,2,9238,1,12,132.5,1,9,25,10,1,160.7,1,0,1,0,0,0,28,0,0,6,8,0,0,0,0,6,7,1,12.21,0,3.8,1.9,1.88,Dropout
1,9,4,9773,1,9,101.2,1,4,9,7,8,136.4,1,0,0,1,0,0,19,0,0,6,9,5,16.51,0,0,6,8,5,14.1,0,11.0,2.4,-1.27,Graduate
1,8,3,9991,1,8,131.6,1,12,1,10,6,142.5,0,0,0,1,0,0,19,0,0,6,6,4,12.38,0,0,6,8,5,14.82,0,9.8,2.9,-0.38,Graduate
1,14,3,9773,0,6,175.1,1,4,1,4,6,143.3,0,0,0,1,0,0,21,0,0,6,7,6,14.11,0,0,6,8,6,10.34,0,5.7,1.6,0.16,Graduate
1,13,5,9773,1,9,158.4,1,24,28,4,8,176.4,1,0,0,1,1,1,22,0,0,6,8,6,13.38,0,0,6,9,4,12.12,0,8.6,2.8,0.83,Enrolled
1,1,2,9085,0,12,110.5,1,26,27,4,2,102.6,1,0,1,0,1,0,29,0,0,6,9,1,10.38,0,0,6,9,2,11.85,0,6.6,1.9,-0.54,Dropout
1,8,6,9670,1,10,128.2,1,9,14,10,1,132.1,1,0,0,1,0,1,20,0,0,6,8,6,12.6,0,0,6,8,6,16.86,0,6.1,0.9,-0.35,Graduate
1,18,2,9003,1,14,123.7,1,26,9,4,9,139.8,1,0,0,1,1,1,19,0,0,6,8,6,12,0,0,6,9,5,13.08,0,6.6,1.2,-1.02,Graduate
1,12,6,9254,1,2,188.5,1,27,25,8,8,160.7,1,1,0,1,1,0,21,0,0,6,9,2,12.89,0,0,6,6,2,10.01,0,4.5,0.6,-1.65,Dropout
1,2,2,8014,1,5,101.2,1,9,28,10,7,111.8,1,0,0,1,1,0,23,0,0,6,9,4,12.34,0,0,6,6,4,16.32,0,8.7,2.6,0.02,Graduate
1,14,1,9003,0,11,170.2,1,2,11,8,4,126.2,0,0,0,1,1,0,21,0,0,6,6,6,11.56,0,0,6,6,5,10.19,0,8.0,2.7,-0.84,Graduate
1,15,2,9119,0,11,122.5,1,22,5,2,10,186.8,1,0,0,1,0,0,23,0,0,6,8,4,12.76,0,0,6,6,6,16.58,0,6.5,3.2,1.56,Graduate
1,2,4,9670,1,11,116.4,1,16,11,2,9,134.3,0,0,1,0,0,0,20,0,0,6,6,3,11,0,0,6,8,0,0,0,11.3,1.4,-1.17,Dropout
1,13,6,9070,1,14,123.2,1,11,23,4,3,102.3,1,0,0,1,0,0,23,0,0,6,9,6,12.76,0,0,6,8,4,14.43,0,7.4,2.7,-1.11,Graduate
1,8,2,9254,0,11,174.7,1,16,6,5,9,164.0,0,0,0,1,0,0,22,0,0,6,7,5,14.33,0,0,6,6,4,13.09,0,8.9,1.1,-0.09,Enrolled
1,4,6,9853,1,3,181.1,1,7,20,9,11,141.0,1,0,0,1,1,0,21,0,0,6,6,6,11.64,0,0,6,7,6,12.65,0,5.1,2.6,-0.94,Graduate
1,6,4,9670,0,4,149.2,1,2,28,10,12,125.0,1,0,0,1,0,0,20,0,0,6,7,4,14.2,0,0,6,8,4,12.54,0,5.0,1.7,-1.40,Graduate
1,5,6,9085,1,15,182.6,1,18,10,11,2,157.9,1,0,0,1,1,0,20,0,0,6,8,6,15.16,0,0,6,6,5,15.47,0,5.0,3.2,1.69,Graduate
1,9,1,9853,1,12,126.0,1,23,23,9,1,112.6,1,0,0,0,1,0,20,0,0,6,7,0,0,0,0,6,9,1,11.09,0,11.4,3.1,-0.04,Dropout
1,6,6,9500,1,4,136.1,1,14,9,6,8,184.1,0,0,0,0,0,0,26,0,0,6,8,1,11.6,0,0,6,9,1,10.75,0,9.3,0.5,-0.18,Dropout
1,4,6,9670,1,9,109.6,1,12,25,10,2,174.5,1,0,0,1,1,0,21,0,0,6,9,4,10.11,0,0,6,6,5,16.91,0,7.2,2.7,-1.35,Graduate
1,4,3,9670,1,1,139.1,1,6,24,11,3,169.6,1,0,0,1,1,0,23,0,0,6,8,5,10.57,0,0,6,6,6,10.02,0,11.5,3.1,0.94,Enrolled
1,18,2,9991,1,11,165.8,1,28,5,5,4,125.3,1,0,1,1,0,0,28,0,0,6,9,3,11.28,0,0,6,9,1,12.66,0,8.8,3.3,0.17,Dropout
1,9,1,9773,1,8,126.6,1,25,22,10,1,100.7,0,0,0,1,1,0,23,0,0,6,8,6,10.76,0,0,6,8,6,11.05,0,9.0,1.0,0.97,Graduate
1,14,3,9238,1,9,179.3,1,2,8,12,10,176.6,0,0,0,0,0,0,26,0,0,6,7,2,10.4,0,0,6,9,2,10.98,0,5.1,1.5,-0.51,Dropout
1,6,5,9119,1,2,156.9,1,5,11,6,7,113.1,1,0,0,0,1,0,19,0,0,6,7,0,0,0,0,6,9,1,11.73,0,11.4,0.9,-1.68,Dropout
2,14,5,9556,1,11,139.5,1,24,19,4,4,166.4,0,0,0,1,0,0,20,0,0,6,6,4,14.93,0,0,6,9,4,13.03,0,6.7,2.9,0.63,Enrolled
1,2,5,8014,1,12,136.7,1,6,15,6,1,173.2,1,0,0,1,1,1,19,0,0,6,8,6,15.31,0,0,6,6,5,11.91,0,4.1,0.8,0.02,Graduate
1,5,1,8014,1,3,123.5,1,10,3,6,11,146.9,1,0,0,1,1,0,25,0,0,6,6,1,10.42,0,0,6,6,2,12.29,0,5.2,2.1,-0.49,Dropout
1,18,1,33,1,8,116.5,1,8,2,6,9,149.1,1,0,1,1,0,0,21,0,0,6,8,4,14.32,0,0,6,6,5,13.18,0,11.2,3.3,1.53,Graduate
1,6,4,9147,1,5,100.4,1,5,23,11,8,101.3,0,0,1,1,1,0,29,0,0,6,7,1,11.78,0,0,6,6,1,11.69,0,9.5,1.0,0.02,Dropout
1,13,6,33,1,4,152.8,1,29,12,8,5,156.3,1,0,0,1,1,0,23,0,0,6,7,6,10.91,0,0,6,8,5,16.89,0,10.3,1.2,-0.01,Enrolled
1,16,3,9070,1,7,110.8,1,22,20,10,12,157.4,1,0,1,1,0,0,21,0,0,6,8,0,0,0,0,6,7,1,10.29,0,11.0,3.0,2.16,Dropout
1,3,6,9003,1,10,169.8,1,15,19,5,7,109.6,1,0,0,1,0,0,19,0,0,6,9,6,12.82,0,0,6,8,6,13.64,0,8.1,2.2,1.55,Graduate
1,3,5,9254,1,1,136.6,1,17,3,5,11,159.3,1,0,0,1,1,0,22,0,0,6,7,3,10.05,0,0,6,9,2,11.52,0,10.9,3.0,-1.65,Dropout
1,3,3,9853,1,15,142.2,1,4,11,2,10,184.2,0,0,1,1,1,0,18,0,0,6,9,4,10.49,0,0,6,7,6,10.59,0,5.8,1.9,-0.94,Enrolled
2,18,4,9853,1,7,129.4,1,5,3,5,10,145.9,1,0,1,1,0,0,25,0,0,6,6,2,12.35,0,0,6,7,0,0,0,8.4,1.6,2.13,Dropout
1,14,6,9254,1,4,111.2,1,26,20,1,11,136.9,0,0,0,1,0,0,23,0,0,6,8,5,11.21,0,0,6,6,6,12.14,0,10.6,3.2,-1.55,Graduate
1,1,3,33,1,9,134.2,1,7,28,5,1,167.4,0,0,0,1,0,0,19,0,0,6,8,4,16.06,0,0,6,9,4,14.95,0,5.1,2.9,-0.03,Graduate
1,13,2,9147,1,6,185.4,1,24,28,6,6,146.9,1,0,0,1,0,0,18,0,0,6,8,5,12.77,0,0,6,7,4,12.5,0,8.3,2.1,-0.65,Graduate
1,11,1,9500,1,2,180.2,1,10,5,1,5,149.0,1,0,0,1,0,1,22,0,0,6,7,6,11.45,0,0,6,8,4,13.02,0,5.4,1.9,1.41,Enrolled
1,15,6,9003,0,7,185.9,1,6,8,11,4,172.6,1,0,0,1,0,1,23,0,0,6,8,5,11.17,0,0,6,9,4,10.67,0,7.1,2.8,2.26,Enrolled
1,12,5,9147,1,5,111.1,1,24,15,8,2,129.9,1,0,0,1,0,0,23,0,0,6,9,6,16.07,0,0,6,7,6,10.44,0,4.3,1.5,-0.27,Graduate
1,11,5,9254,1,13,120.9,1,14,28,8,4,118.2,0,0,0,1,0,1,19,0,0,6,8,6,13.62,0,0,6,7,6,10.67,0,7.7,2.3,-1.30,Enrolled
1,14,2,9500,1,13,139.6,1,13,10,9,1,160.9,1,0,1,1,1,1,19,0,0,6,8,4,16.55,0,0,6,6,5,11.27,0,8.4,2.9,-1.45,Graduate
1,1,1,9853,1,8,167.8,1,21,27,8,12,130.7,1,0,0,1,1,1,18,0,0,6,9,5,13.11,0,0,6,9,5,13.99,0,7.4,1.1,-1.70,Graduate
1,11,2,9853,0,4,131.9,1,7,26,4,2,174.3,0,0,1,0,0,0,28,0,0,6,6,0,0,0,0,6,8,0,0,0,6.1,0.8,1.77,Dropout
1,13,5,9670,1,13,128.2,1,28,26,9,5,176.4,1,0,1,1,1,1,20,0,0,6,9,1,10.32,0,0,6,8,2,10.94,0,7.6,2.8,2.11,Dropout
2,10,5,9119,1,13,139.0,1,25,18,6,10,101.7,0,0,0,1,0,1,18,0,0,6,8,6,13.53,0,0,6,7,4,12.17,0,6.4,0.5,-0.41,Enrolled
1,18,2,33,0,14,185.9,1,3,1,3,4,179.6,0,0,0,1,1,1,19,0,0,6,6,5,16.98,0,0,6,7,5,12.22,0,7.1,1.3,-1.43,Graduate
1,8,5,33,1,10,156.6,1,24,17,1,7,108.6,0,0,0,1,0,0,19,0,0,6,6,5,11.7,0,0,6,7,5,10.73,0,10.8,2.4,0.66,Enrolled
1,10,3,9556,1,7,153.8,1,7,25,6,2,153.2,0,0,0,1,1,1,21,0,0,6,7,6,13.81,0,0,6,8,4,14.82,0,6.5,2.4,1.72,Graduate
1,2,6,9556,1,2,170.2,1,9,21,11,12,123.1,1,0,1,1,1,1,29,0,0,6,8,2,12.39,0,0,6,9,1,10.11,0,11.1,1.6,-0.81,Dropout
1,9,4,9238,1,9,149.3,1,17,14,1,9,172.3,1,0,0,1,0,1,18,0,0,6,6,5,14.16,0,0,6,6,6,13.81,0,6.1,2.5,-1.61,Graduate
1,10,4,33,1,9,173.0,1,11,7,10,3,162.9,0,0,0,1,0,0,23,0,0,6,9,6,14.15,0,0,6,9,6,13.93,0,3.9,0.4,2.23,Enrolled
1,4,1,9130,1,12,138.1,1,26,13,8,5,141.5,0,0,0,1,1,0,19,0,0,6,6,6,12.96,0,0,6,7,4,11.85,0,4.8,0.5,-0.40,Graduate
1,1,2,9119,1,5,117.4,1,7,12,7,6,111.7,1,0,0,1,1,0,19,0,0,6,8,6,13.23,0,0,6,6,6,11.36,0,4.8,2.3,0.29,Graduate
1,4,4,9238,1,8,125.5,1,10,3,4,3,152.5,0,0,0,1,0,0,19,0,0,6,7,5,16.15,0,0,6,6,4,16.21,0,11.1,1.4,-0.16,Graduate
1,3,2,9853,1,5,139.9,1,23,1,9,9,122.5,0,0,1,1,0,0,25,0,0,6,8,3,11.61,0,0,6,9,2,10.07,0,9.4,0.8,0.35,Dropout
1,13,3,8014,1,5,159.4,1,21,25,11,4,114.2,1,0,0,1,0,0,20,0,0,6,7,5,12.23,0,0,6,6,6,12.28,0,6.3,2.2,-0.07,Graduate
1,5,1,9147,1,11,114.7,1,11,1,7,10,167.3,0,0,0,1,0,0,20,0,0,6,8,4,12.96,0,0,6,7,5,16.08,0,5.0,2.4,-0.13,Enrolled
1,17,1,9853,0,4,113.8,1,26,11,7,5,142.0,0,0,0,1,0,0,19,0,0,6,6,4,14.51,0,0,6,7,5,15.54,0,4.8,3.0,1.26,Enrolled
1,1,2,9085,1,7,142.9,1,5,6,12,9,165.3,0,0,0,1,1,0,21,0,0,6,6,5,12.07,0,0,6,6,5,11.77,0,3.7,2.8,0.97,Graduate
1,6,5,9238,0,14,177.2,1,9,20,1,4,182.2,0,0,0,1,0,0,23,0,0,6,8,5,13.28,0,0,6,6,6,13.53,0,9.6,1.4,0.08,Graduate
1,10,4,9254,1,6,144.0,1,18,17,5,3,160.1,1,0,0,1,0,1,23,0,0,6,8,4,16.82,0,0,6,6,6,11.57,0,10.4,1.0,2.19,Graduate
1,15,4,9238,1,9,173.6,1,12,10,7,7,152.8,1,0,1,1,1,1,26,0,0,6,6,2,12.63,0,0,6,9,2,10.45,0,6.8,2.2,0.20,Dropout
1,7,6,8014,1,14,133.1,1,14,3,4,11,149.6,0,0,1,0,0,0,21,0,0,6,9,2,10.88,0,0,6,9,1,11.04,0,8.9,1.6,-1.27,Dropout
1,17,3,9670,1,14,113.3,1,28,28,9,9,120.8,1,0,0,1,0,0,18,0,0,6,7,6,14.58,0,0,6,6,4,12.18,0,11.1,1.0,0.12,Graduate
1,8,1,9085,1,7,123.5,1,26,8,3,2,163.6,1,0,1,1,0,0,20,0,0,6,6,4,12.39,0,0,6,9,6,11.92,0,4.2,2.1,1.43,Graduate
1,1,1,9238,1,11,111.2,1,1,9,10,10,146.9,0,0,0,1,0,0,22,0,0,6,8,4,14.76,0,0,6,7,6,16.44,0,11.5,2.5,-0.49,Graduate
1,8,3,9556,1,14,117.2,1,8,15,10,11,111.4,0,0,0,1,0,0,21,0,0,6,7,5,11.88,0,0,6,9,6,10.14,0,8.1,1.8,0.68,Graduate
1,16,1,9130,1,5,186.1,1,25,14,3,4,116.9,1,0,0,1,1,0,21,0,0,6,9,5,15.64,0,0,6,6,4,13.64,0,10.4,0.9,1.31,Graduate
1,13,5,9147,1,6,147.0,1,22,12,4,5,128.3,0,0,0,1,1,0,22,0,0,6,8,5,14.95,0,0,6,9,5,15.6,0,10.1,1.1,1.16,Graduate
1,16,4,9238,1,15,117.8,1,8,25,5,5,136.5,1,0,0,0,1,0,29,0,0,6,8,0,0,0,0,6,8,1,12.23,0,7.0,3.3,-1.18,Dropout
1,6,2,9085,1,3,113.2,1,2,9,3,3,175.7,1,0,1,1,1,0,29,0,0,6,9,1,12.61,0,0,6,8,2,11.09,0,11.6,3.3,-0.49,Dropout
1,5,2,9991,1,4,124.8,1,23,14,4,7,119.8,0,0,1,1,0,0,26,0,0,6,6,2,12.05,0,0,6,7,1,12.64,0,4.2,0.8,1.59,Dropout
1,5,5,9070,0,4,119.1,1,20,29,12,9,112.3,0,0,1,0,1,0,23,0,0,6,6,2,12.27,0,0,6,7,0,0,0,4.1,1.3,-1.65,Dropout
1,6,3,9773,1,15,144.0,1,24,21,2,2,177.6,1,0,0,1,0,1,20,0,0,6,6,6,15.33,0,0,6,7,4,16.79,0,8.4,3.1,-0.77,Graduate
2,11,2,9556,1,5,165.9,1,3,8,2,3,143.3,1,0,0,1,0,0,23,0,0,6,9,5,15.27,0,0,6,8,4,13.17,0,10.4,2.1,0.61,Graduate
1,4,6,9670,1,7,102.6,1,26,26,8,3,103.5,0,0,0,1,0,0,21,0,0,6,6,6,14.94,0,0,6,9,4,15.49,0,5.8,1.7,1.02,Graduate
1,2,6,9070,1,9,170.3,1,24,15,1,10,161.0,0,0,1,1,1,0,27,0,0,6,6,2,10.42,0,0,6,9,0,0,0,7.1,3.0,0.15,Dropout
1,11,2,9556,1,5,183.7,1,24,12,9,11,174.4,0,0,0,1,0,0,27,0,0,6,9,1,10.83,0,0,6,9,0,0,0,10.5,1.5,-0.51,Dropout
1,6,3,9070,0,2,172.2,1,11,19,9,12,118.2,1,0,0,1,1,0,22,0,0,6,6,6,11.29,0,0,6,8,5,14.33,0,4.0,0.5,1.02,Graduate
1,9,5,9003,1,3,162.4,1,17,18,10,2,132.5,0,0,0,1,0,0,22,0,0,6,7,5,16.25,0,0,6,8,6,13.95,0,10.0,0.4,1.25,Graduate
1,14,1,33,1,12,177.7,1,8,15,9,2,183.6,1,0,0,1,0,1,18,0,0,6,7,6,14.38,0,0,6,6,6,11.65,0,5.8,1.5,0.64,Enrolled
1,5,3,9853,1,11,139.2,1,25,1,2,6,154.7,0,0,0,1,1,0,22,0,0,6,6,6,10.61,0,0,6,6,6,13.11,0,5.9,0.9,0.26,Graduate
1,18,2,9003,0,5,109.7,1,17,27,8,12,134.9,1,0,0,1,1,0,21,0,0,6,6,4,16.73,0,0,6,8,6,10.21,0,3.8,1.6,0.75,Enrolled
1,6,6,9556,1,5,156.9,1,5,26,6,7,176.6,0,0,1,1,1,1,19,0,0,6,7,0,0,0,0,6,9,0,0,0,3.7,0.9,2.03,Dropout
1,11,2,8014,1,7,143.9,1,16,22,2,11,174.6,0,0,1,1,0,0,18,0,0,6,6,1,11.87,0,0,6,6,1,10.5,0,9.6,1.7,-0.35,Dropout
1,16,1,9254,1,10,175.6,1,4,11,11,12,100.2,0,0,0,1,1,0,19,0,0,6,8,4,15.09,0,0,6,6,5,16.27,0,10.3,1.8,0.86,Graduate
1,8,3,8014,1,15,153.1,1,28,28,4,12,162.7,1,0,1,0,0,1,29,0,0,6,7,0,0,0,0,6,8,1,12.7,0,4.4,2.0,-0.79,Dropout
2,11,6,9991,1,12,172.5,1,23,3,5,8,173.6,0,0,0,1,1,0,22,0,0,6,7,4,13.53,0,0,6,8,4,14.4,0,4.6,1.2,-1.10,Enrolled
1,12,3,8014,0,13,180.1,1,19,17,12,5,140.9,0,0,0,1,0,0,20,0,0,6,7,4,16.38,0,0,6,7,5,11.03,0,11.5,2.3,0.38,Graduate
1,15,3,9085,1,13,183.3,1,20,23,9,11,131.5,0,0,1,0,0,0,20,0,0,6,8,0,0,0,0,6,8,0,0,0,10.4,1.2,1.61,Dropout
1,4,2,9254,0,9,111.8,1,24,28,9,3,107.9,0,0,1,1,1,0,22,0,0,6,8,0,0,0,0,6,8,1,12.53,0,7.9,1.6,-1.31,Dropout
1,6,1,9130,1,9,110.1,1,20,19,1,8,173.6,1,0,0,1,0,0,29,0,0,6,6,2,10.26,0,0,6,9,0,0,0,6.2,2.6,0.80,Dropout
1,4,1,9773,1,14,116.7,1,13,17,6,4,135.6,1,0,0,1,0,0,23,0,0,6,9,4,13.34,0,0,6,8,5,10.39,0,9.0,3.3,-0.29,Graduate
1,2,2,9853,1,8,160.5,1,25,14,12,1,103.6,0,0,1,1,0,0,28,0,0,6,7,0,0,0,0,6,9,2,10.49,0,8.7,3.1,0.08,Dropout
1,1,6,171,0,9,151.2,1,29,25,2,10,136.3,1,0,1,1,1,0,29,0,0,6,9,0,0,0,0,6,8,2,11.98,0,10.8,1.2,1.16,Dropout
1,4,3,9130,0,15,157.2,1,24,26,3,6,125.5,1,0,0,1,0,1,21,0,0,6,9,4,14,0,0,6,7,5,15.84,0,9.6,1.3,-0.40,Graduate
1,3,4,9130,1,15,111.4,1,16,9,5,12,188.1,1,0,1,1,1,0,25,0,0,6,6,3,12.81,0,0,6,7,0,0,0,7.6,1.0,2.11,Dropout
1,4,1,9003,0,5,181.4,1,7,2,12,3,180.4,0,0,0,1,0,0,21,0,0,6,8,4,13.52,0,0,6,6,4,15.72,0,6.6,0.6,1.27,Graduate
1,7,6,9070,1,9,150.6,1,27,21,12,6,149.1,0,0,0,1,0,0,22,0,0,6,9,4,10.87,0,0,6,8,4,11.92,0,10.1,1.5,-1.69,Graduate
1,9,4,33,1,11,118.9,1,20,21,3,12,169.5,0,0,0,1,0,0,22,0,0,6,6,6,10.28,0,0,6,6,6,14.56,0,8.3,2.6,1.55,Graduate
1,7,6,9003,1,5,186.0,1,3,29,5,6,157.8,0,0,0,1,0,1,19,0,0,6,7,6,11.79,0,0,6,7,4,10.95,0,8.6,1.3,0.72,Graduate
2,16,4,9853,1,6,123.1,1,15,18,12,9,114.3,0,0,0,1,1,0,23,0,0,6,9,4,10.16,0,0,6,8,5,14.55,0,3.9,0.8,0.56,Graduate
1,6,4,8014,1,3,179.4,1,10,12,8,5,151.3,0,0,0,1,0,0,21,0,0,6,6,6,12.16,0,0,6,7,4,15.59,0,8.4,1.1,2.05,Graduate
1,11,6,8014,1,3,174.4,1,14,20,11,2,119.9,0,0,0,1,0,0,22,0,0,6,9,6,14.16,0,0,6,8,6,16.57,0,9.0,1.1,-0.76,Enrolled
1,6,2,9254,1,7,151.6,1,16,26,8,2,171.3,1,0,0,1,0,0,20,0,0,6,8,4,10.19,0,0,6,6,6,13.44,0,4.5,3.0,0.91,Enrolled
2,17,6,9147,1,15,142.9,1,14,19,7,11,171.3,1,0,0,1,0,0,21,0,0,6,7,4,10.13,0,0,6,8,6,14.33,0,8.9,1.9,-0.68,Graduate
1,18,1,9254,1,13,134.3,1,18,27,1,11,121.7,0,0,0,1,1,0,23,0,0,6,6,5,12.13,0,0,6,6,6,14.18,0,11.2,2.2,-1.26,Graduate
1,11,5,9130,1,14,176.1,1,12,10,10,6,117.0,0,0,0,1,0,0,22,0,0,6,9,6,12.55,0,0,6,7,4,15.9,0,6.6,2.3,0.23,Graduate
1,12,1,9003,1,9,173.3,1,12,18,9,10,189.2,1,0,0,1,1,1,18,0,0,6,9,5,11.52,0,0,6,9,5,10.1,0,7.4,2.2,2.22,Graduate
1,9,2,9119,1,15,189.8,1,21,16,12,2,110.6,0,0,0,1,0,0,23,0,0,6,9,5,13.28,0,0,6,6,4,10.38,0,10.5,3.2,0.61,Graduate
1,14,1,9003,1,4,182.8,1,11,22,10,6,159.5,1,0,0,1,1,0,18,0,0,6,7,4,13.74,0,0,6,8,4,13.68,0,5.0,3.0,0.90,Enrolled
1,18,4,9991,1,14,134.2,1,26,29,7,3,151.8,0,0,0,1,0,0,23,0,0,6,6,4,15.15,0,0,6,8,4,16.67,0,5.9,0.6,1.17,Enrolled
1,4,5,9556,1,6,142.8,1,1,15,5,1,114.8,1,0,0,1,1,0,21,0,0,6,6,5,16.6,0,0,6,9,6,16.88,0,5.2,3.0,2.30,Graduate
1,14,5,9773,1,9,185.4,1,24,10,1,7,186.8,0,0,0,1,1,0,18,0,0,6,6,4,12.22,0,0,6,8,6,13.27,0,5.1,2.0,0.11,Graduate
1,14,2,9254,1,3,168.2,1,7,11,2,12,164.8,1,0,0,1,0,0,18,0,0,6,8,6,13.45,0,0,6,9,4,12.4,0,4.8,1.0,0.86,Enrolled
2,11,2,8014,1,2,182.9,1,13,5,4,4,172.5,1,0,0,1,1,0,23,0,0,6,7,5,15.03,0,0,6,9,5,16.66,0,4.4,0.7,0.46,Graduate
1,2,4,33,1,12,114.7,1,22,10,3,7,187.6,0,0,1,0,0,0,18,0,0,6,6,2,12.5,0,0,6,9,1,10.44,0,10.1,1.7,-1.27,Dropout
2,3,1,9500,1,2,185.7,1,27,3,10,8,170.1,1,0,0,1,0,1,23,0,0,6,9,4,13.8,0,0,6,9,4,12.64,0,4.0,1.6,-1.56,Graduate
1,14,3,9670,1,9,171.1,1,19,13,2,8,119.1,1,0,0,1,0,0,19,0,0,6,7,4,14.04,0,0,6,9,6,14.18,0,11.3,2.3,-0.28,Graduate
1,3,5,9130,1,12,149.0,1,21,12,6,2,156.6,1,0,0,1,0,0,22,0,0,6,6,4,16.22,0,0,6,9,5,14.1,0,9.4,2.8,1.45,Enrolled
1,11,3,9070,1,3,177.9,1,2,14,9,6,171.6,0,0,1,1,0,0,20,0,0,6,7,3,10.03,0,0,6,7,2,12.65,0,9.0,0.5,0.56,Dropout
1,16,6,9670,1,8,100.2,1,23,11,1,5,132.0,1,0,0,1,0,1,21,0,0,6,8,5,10.99,0,0,6,9,4,11.6,0,10.1,0.4,-0.32,Enrolled
1,1,6,9853,1,10,126.5,1,15,4,5,4,171.2,0,0,0,1,1,0,18,0,0,6,9,5,16.86,0,0,6,8,4,14.82,0,5.7,3.3,-0.31,Graduate
1,13,6,9003,1,1,157.5,1,23,4,1,11,100.7,0,0,1,0,0,0,25,0,0,6,8,2,12.89,0,0,6,8,1,10.46,0,5.8,2.4,-0.98,Dropout
1,11,6,9500,1,14,113.6,1,13,26,10,7,159.3,0,0,0,1,1,0,23,0,0,6,9,4,16.89,0,0,6,8,6,11.86,0,3.8,1.2,1.68,Graduate
1,4,4,9003,1,8,137.1,1,26,10,7,8,164.4,0,0,0,1,0,1,20,0,0,6,8,5,12.7,0,0,6,6,6,16.63,0,9.1,3.3,-0.99,Graduate
1,8,3,9773,1,4,120.8,1,14,14,9,9,169.4,1,0,1,1,0,0,27,0,0,6,6,0,0,0,0,6,7,0,0,0,5.3,3.4,0.58,Dropout
1,7,5,9991,1,9,172.7,1,23,21,4,4,115.1,0,0,1,1,0,0,29,0,0,6,9,2,12.04,0,0,6,9,0,0,0,10.5,1.8,-0.61,Dropout
1,15,4,9556,1,7,127.2,1,25,15,1,6,181.0,1,0,0,1,1,0,19,0,0,6,9,5,14.9,0,0,6,8,5,10.64,0,9.7,1.5,-1.29,Enrolled
1,5,1,9500,0,7,137.1,1,21,24,8,9,172.9,1,0,0,1,0,0,19,0,0,6,6,4,13.82,0,0,6,6,4,13.92,0,7.7,0.5,1.90,Enrolled
1,9,4,9670,1,5,169.4,1,24,18,4,2,113.7,1,0,0,1,0,0,21,0,0,6,9,5,11.23,0,0,6,9,5,15.63,0,9.9,2.7,-0.55,Graduate
1,11,3,171,1,9,126.3,1,11,21,10,10,127.6,1,0,0,1,0,0,20,0,0,6,7,5,10.73,0,0,6,8,4,15.85,0,3.9,1.2,-0.16,Graduate
2,9,1,9085,1,9,155.4,1,16,29,3,2,177.4,0,0,0,0,0,0,22,0,0,6,9,2,11.72,0,0,6,6,0,0,0,10.5,1.0,-1.20,Dropout
1,15,5,9119,1,14,104.4,1,24,19,9,10,145.5,1,0,1,1,1,0,24,0,0,6,8,2,12.86,0,0,6,6,1,11.51,0,8.3,3.2,1.80,Dropout
1,4,6,9254,1,11,142.3,1,11,16,2,2,159.5,0,0,0,1,0,0,18,0,0,6,6,5,14.33,0,0,6,7,5,16.25,0,9.1,0.6,1.51,Enrolled
1,13,1,9130,0,1,130.3,1,17,21,5,12,107.0,1,0,0,1,1,0,20,0,0,6,8,4,15.31,0,0,6,8,6,12.25,0,6.6,1.4,2.01,Graduate
1,2,3,9003,1,10,142.1,1,8,6,5,2,165.8,1,0,0,1,1,0,23,0,0,6,6,4,11.87,0,0,6,9,6,14.38,0,4.9,0.6,0.10,Graduate
1,16,2,9670,1,7,171.3,1,13,27,3,2,155.8,1,0,0,0,0,0,23,0,0,6,8,0,0,0,0,6,7,0,0,0,6.9,2.7,-0.85,Dropout
1,10,5,9670,1,1,181.8,1,10,24,9,3,126.8,1,0,0,1,1,0,21,0,0,6,8,6,10.56,0,0,6,8,6,16.9,0,8.9,0.8,0.20,Graduate
1,7,2,9003,1,15,113.2,1,26,23,1,4,137.7,1,0,0,1,0,0,21,0,0,6,6,4,14.83,0,0,6,9,6,12.27,0,8.7,2.3,1.95,Graduate
1,18,1,9500,1,3,115.9,1,7,13,2,9,128.0,0,0,0,1,0,0,21,0,0,6,7,4,16.46,0,0,6,9,6,14.83,0,9.9,2.3,1.77,Graduate
2,11,6,33,0,1,174.6,1,17,9,9,8,149.6,1,1,0,1,0,0,20,0,0,6,9,5,12.11,0,0,6,6,6,16.74,0,8.4,2.7,-0.83,Enrolled
1,18,3,9254,0,8,114.2,1,16,10,10,9,134.6,0,0,0,1,1,0,23,0,0,6,9,6,11.47,0,0,6,7,5,12.04,0,5.1,1.9,-0.26,Enrolled
1,10,2,9773,1,14,118.5,1,13,28,12,8,104.2,1,0,0,1,0,0,26,0,0,6,9,0,0,0,0,6,9,0,0,0,4.6,1.9,2.12,Dropout
1,2,2,9991,1,12,126.5,1,22,1,1,3,140.4,0,0,0,1,0,1,18,0,0,6,6,5,10.64,0,0,6,6,6,10.72,0,4.9,1.9,0.08,Enrolled
1,14,2,9147,0,6,172.0,1,27,15,8,1,106.4,1,0,1,0,1,0,27,0,0,6,7,1,11.79,0,0,6,8,0,0,0,8.4,2.8,1.59,Dropout
1,17,6,9130,0,4,100.9,1,6,1,12,4,166.9,1,0,0,1,0,0,22,0,0,6,6,6,16.69,0,0,6,9,6,14.18,0,10.7,3.0,-0.84,Enrolled
1,12,4,9670,1,12,183.2,1,4,15,9,3,102.6,0,0,0,1,1,1,18,0,0,6,8,5,11.33,0,0,6,9,4,14.14,0,8.2,0.9,-1.40,Graduate
1,17,5,9254,1,15,183.7,1,16,11,4,10,117.4,1,0,1,1,1,0,25,0,0,6,8,1,10.45,0,0,6,8,0,0,0,11.3,1.2,1.97,Dropout
1,4,4,9670,1,6,169.6,1,8,17,3,12,134.5,1,1,0,1,0,0,22,0,0,6,7,6,11.67,0,0,6,6,5,12.09,0,8.8,3.0,1.79,Enrolled
1,13,5,9130,1,6,171.5,1,29,28,5,8,129.4,1,0,0,1,1,0,18,0,0,6,6,6,13.44,0,0,6,8,6,12.63,0,11.4,2.9,-0.95,Graduate
2,2,1,9147,1,14,115.5,1,4,20,1,9,117.1,0,0,0,1,0,0,18,0,0,6,6,5,15.87,0,0,6,9,6,11.06,0,9.3,1.6,1.17,Graduate
1,1,4,9085,1,12,130.2,1,8,13,10,6,142.5,1,0,1,1,0,0,26,0,0,6,6,1,12.79,0,0,6,8,2,10.59,0,9.7,2.3,1.07,Dropout
1,14,4,9119,1,15,163.1,1,22,26,12,10,165.7,1,0,0,1,0,1,22,0,0,6,7,5,14.8,0,0,6,8,4,14.79,0,8.5,0.9,0.25,Enrolled
1,3,6,9070,1,5,108.1,1,3,11,8,7,142.5,1,0,0,1,0,0,22,0,0,6,7,5,10.45,0,0,6,8,6,12.87,0,9.7,0.6,1.85,Enrolled
1,8,6,9773,1,13,152.0,1,11,13,6,7,105.4,1,0,0,0,1,0,21,0,0,6,9,0,0,0,0,6,9,1,12.59,0,9.2,3.2,-0.85,Dropout
1,18,2,9130,1,7,130.1,1,29,26,8,2,104.1,0,0,0,1,1,0,18,0,0,6,7,4,14.03,0,0,6,7,5,13.88,0,6.5,1.8,1.11,Graduate
1,16,6,9147,1,5,103.7,1,4,6,8,6,123.3,1,0,0,1,0,0,19,0,0,6,8,4,14.6,0,0,6,7,6,13.93,0,8.9,1.6,-1.08,Graduate
1,15,1,9147,0,11,117.2,1,9,26,9,3,132.3,0,0,0,1,0,0,20,0,0,6,8,6,14.13,0,0,6,8,4,11.62,0,11.6,2.7,0.95,Enrolled
1,2,1,9085,1,4,147.0,1,18,1,9,5,124.2,1,0,1,1,0,0,24,0,0,6,8,2,12.6,0,0,6,9,1,10.02,0,9.1,1.3,1.03,Dropout
1,5,5,9070,1,7,136.0,1,20,20,4,2,158.5,1,0,0,1,0,1,21,0,0,6,6,6,10.87,0,0,6,7,4,14.02,0,8.0,3.4,0.35,Graduate
2,18,4,9238,1,5,154.4,1,22,22,6,12,143.2,1,0,1,1,0,0,21,0,0,6,6,5,10.01,0,0,6,8,5,13.53,0,3.8,2.6,0.94,Graduate
2,14,1,9500,1,13,180.5,1,26,16,8,5,136.8,1,0,0,1,0,0,18,0,0,6,6,4,16.32,0,0,6,7,4,11.91,0,6.8,1.1,-0.80,Graduate
1,3,4,9991,0,11,169.0,1,19,17,7,8,125.3,0,0,0,1,1,0,19,0,0,6,6,4,10.67,0,0,6,6,4,14.18,0,10.1,2.5,2.24,Graduate
1,17,3,9070,1,4,132.9,1,6,20,3,9,175.3,1,0,1,0,0,0,29,0,0,6,8,2,10.04,0,0,6,6,1,11.78,0,11.3,2.0,1.20,Dropout
1,18,6,9147,1,4,151.7,1,29,23,1,6,173.7,1,0,0,1,0,0,23,0,0,6,6,6,11.54,0,0,6,8,6,10.51,0,5.1,3.2,-1.37,Graduate
1,11,3,8014,1,8,118.2,1,29,9,12,6,155.8,1,0,0,0,0,0,23,0,0,6,8,0,0,0,0,6,7,2,11.95,0,8.1,3.3,0.09,Dropout
1,17,5,9003,1,1,100.1,1,3,13,6,3,166.2,0,0,0,1,0,0,18,0,0,6,9,4,10.39,0,0,6,8,6,12.94,0,8.4,1.2,2.01,Graduate
1,8,6,9500,1,6,145.4,1,20,24,9,4,146.4,1,0,0,1,1,0,20,0,0,6,7,5,16.84,0,0,6,9,5,13.63,0,8.5,2.9,-1.01,Graduate
1,16,3,9500,1,12,140.4,1,13,11,6,8,167.0,1,0,1,1,1,0,24,0,0,6,9,0,0,0,0,6,7,0,0,0,6.9,2.4,0.54,Dropout
1,11,3,171,1,15,154.3,1,1,21,12,5,152.4,1,0,1,0,1,0,22,0,0,6,7,0,0,0,0,6,9,2,11.33,0,9.8,2.4,2.12,Dropout
1,9,6,9254,1,7,108.3,1,10,10,4,9,145.8,1,0,0,1,0,0,21,0,0,6,9,4,13.54,0,0,6,9,5,15.64,0,6.6,1.2,-1.67,Graduate
2,5,5,9254,1,12,149.4,1,12,1,1,12,110.1,0,0,0,1,1,0,27,0,0,6,8,2,11.72,0,0,6,6,0,0,0,6.5,0.9,-0.67,Dropout
2,5,1,9853,1,14,111.2,1,14,24,10,2,162.0,1,0,1,1,0,0,28,0,0,6,6,2,12.8,0,0,6,7,2,11.57,0,11.5,2.3,-0.69,Dropout
1,1,6,9085,1,15,124.3,1,19,5,11,1,167.1,1,0,0,1,0,0,19,0,0,6,7,5,12.51,0,0,6,6,5,11.12,0,5.0,2.7,-1.61,Graduate
1,3,1,9147,1,4,174.9,1,5,5,3,3,168.4,1,0,1,1,0,0,24,0,0,6,6,0,0,0,0,6,9,0,0,0,6.5,2.5,-1.63,Dropout
1,7,5,9003,1,13,155.7,1,19,14,7,6,189.7,1,0,0,1,1,1,19,0,0,6,6,6,13.86,0,0,6,9,4,15.42,0,10.5,3.0,1.29,Graduate
1,14,6,9238,1,3,132.0,1,18,18,8,3,123.0,1,0,0,1,1,0,20,0,0,6,8,4,10.31,0,0,6,9,6,15.98,0,7.4,1.1,-1.37,Graduate
1,17,1,9085,0,2,112.0,1,23,25,1,8,106.8,1,0,0,1,1,1,18,0,0,6,6,6,15.95,0,0,6,7,4,16.05,0,7.1,1.5,0.06,Graduate
2,12,1,9773,1,13,181.1,1,15,4,3,5,128.2,0,0,0,1,0,1,19,0,0,6,7,4,11.54,0,0,6,6,4,11.91,0,11.1,2.5,-1.25,Enrolled
2,14,2,9130,1,9,158.5,1,14,9,6,1,145.6,1,0,0,1,0,0,20,0,0,6,6,6,12.07,0,0,6,9,5,11.86,0,7.0,3.1,1.63,Graduate
1,6,5,9773,1,6,118.1,1,15,21,6,11,179.1,1,1,0,1,1,0,22,0,0,6,9,6,11.87,0,0,6,9,5,14.64,0,5.0,2.3,1.58,Graduate
1,15,2,8014,1,1,188.9,1,28,1,11,9,114.5,0,0,0,1,1,0,22,0,0,6,8,0,0,0,0,6,9,0,0,0,4.8,3.2,0.35,Dropout
1,5,4,9254,1,5,145.7,1,22,15,12,7,161.9,0,0,0,1,0,0,23,0,0,6,7,5,10.32,0,0,6,9,6,11.26,0,10.1,3.0,-0.31,Enrolled
1,18,5,9853,1,11,145.9,1,5,26,10,9,112.5,1,0,0,1,0,0,20,0,0,6,6,6,11.9,0,0,6,9,4,15.19,0,7.0,3.2,1.10,Enrolled
1,1,4,33,1,7,160.2,1,5,6,5,4,121.8,1,0,0,1,0,0,23,0,0,6,8,6,14.92,0,0,6,6,5,15.87,0,9.7,0.7,-0.96,Graduate
1,1,2,9238,1,12,144.9,1,8,15,1,7,183.9,1,0,1,0,0,0,21,0,0,6,8,0,0,0,0,6,9,1,12.83,0,11.5,2.9,-1.17,Dropout
1,2,6,9238,1,2,141.6,1,9,16,7,1,114.2,0,0,0,1,0,0,23,0,0,6,7,5,12.05,0,0,6,7,5,16.8,0,10.8,2.2,-0.63,Enrolled
1,10,5,171,1,6,161.2,1,4,15,4,4,181.6,1,0,0,1,1,0,23,0,0,6,8,1,12.24,0,0,6,9,2,11.77,0,6.9,0.5,2.01,Dropout
1,6,5,9556,0,1,187.8,1,4,27,1,10,109.4,1,0,1,1,1,0,21,0,0,6,6,6,13.78,0,0,6,8,4,16.68,0,9.2,1.8,-0.56,Graduate
1,1,2,9853,1,8,116.3,1,15,7,3,7,177.6,1,0,0,1,1,0,19,0,0,6,7,2,12.07,0,0,6,6,0,0,0,7.5,1.5,2.06,Dropout
1,6,4,9853,1,7,147.6,1,23,10,10,10,140.5,0,0,0,1,0,0,19,0,0,6,8,6,16.31,0,0,6,7,5,12.63,0,9.3,3.2,2.23,Enrolled
1,14,4,9853,1,9,140.1,1,23,11,10,5,184.0,0,0,0,1,0,0,20,0,0,6,9,6,10.2,0,0,6,9,4,10.27,0,6.5,1.5,0.81,Enrolled
1,3,4,9238,1,13,139.9,1,24,22,8,12,104.8,1,0,0,1,0,1,22,0,0,6,7,5,13.65,0,0,6,6,4,16.56,0,6.9,2.7,1.62,Graduate
1,10,5,9773,1,12,168.5,1,1,5,1,1,181.5,0,1,1,1,0,0,28,0,0,6,6,3,12.98,0,0,6,8,2,12.84,0,4.1,3.3,-0.58,Dropout
1,2,5,9003,1,15,131.3,1,18,26,6,2,157.4,1,0,1,1,1,0,18,0,0,6,9,4,13.45,0,0,6,7,5,10.15,0,6.5,1.7,1.37,Graduate
2,3,5,171,1,4,131.3,1,3,26,11,4,188.3,0,0,0,1,1,0,20,0,0,6,6,5,16.62,0,0,6,9,5,13.63,0,4.0,0.5,2.29,Graduate
1,10,3,171,0,1,176.0,1,4,24,7,2,162.3,0,0,1,0,0,1,20,0,0,6,6,0,0,0,0,6,7,0,0,0,4.9,3.0,1.42,Dropout
1,14,2,8014,1,12,135.8,1,24,3,5,5,124.6,0,0,0,1,0,0,18,0,0,6,6,5,11.69,0,0,6,8,4,14.62,0,4.5,1.7,-0.08,Graduate
1,6,5,9147,0,4,150.6,1,27,29,8,11,154.4,0,0,0,1,0,0,18,0,0,6,6,5,16.02,0,0,6,7,4,15.57,0,11.1,0.6,-0.88,Graduate
2,11,5,9147,1,13,152.1,1,1,7,1,10,167.4,1,0,0,0,0,0,27,0,0,6,9,3,12.2,0,0,6,7,0,0,0,11.5,1.9,1.18,Dropout
2,9,3,9238,1,15,139.5,1,28,15,11,10,142.0,0,0,0,1,1,0,22,0,0,6,7,5,15.97,0,0,6,8,5,16.85,0,6.6,1.4,1.52,Graduate
1,6,2,9556,1,9,117.9,1,18,21,6,8,154.5,1,0,0,1,0,0,18,0,0,6,9,6,11.67,0,0,6,8,4,11.49,0,7.7,0.8,0.69,Graduate
2,3,5,9670,1,4,186.5,1,8,5,7,5,131.0,1,0,0,1,1,0,20,0,0,6,8,6,10.01,0,0,6,8,4,14.76,0,5.1,2.8,-0.94,Graduate
1,14,4,9500,1,8,136.6,1,8,1,8,4,130.5,1,0,0,1,1,0,22,0,0,6,7,5,11.91,0,0,6,9,5,12.87,0,7.7,1.9,-1.01,Graduate
2,17,5,9119,0,10,178.6,1,18,28,6,9,147.1,0,0,1,0,0,0,18,0,0,6,8,3,12.5,0,0,6,9,1,11.46,0,9.5,0.9,-0.12,Dropout
1,14,3,9119,1,9,172.7,1,8,3,3,1,100.9,1,0,0,1,0,1,23,0,0,6,7,5,10.4,0,0,6,6,5,10.2,0,5.6,1.8,0.02,Graduate
1,6,2,9119,1,4,118.3,1,28,5,2,11,116.0,1,0,0,1,0,0,19,0,0,6,9,0,0,0,0,6,6,1,10.98,0,6.5,1.4,-1.02,Dropout
1,14,5,9853,1,11,187.5,1,7,13,11,12,103.2,0,0,0,1,0,0,23,0,0,6,7,5,14.1,0,0,6,7,5,14.27,0,10.4,1.7,1.44,Enrolled
1,3,4,9119,0,13,119.7,1,16,4,2,1,175.0,1,0,0,1,0,1,23,0,0,6,8,6,15.38,0,0,6,6,6,13.38,0,11.1,2.2,2.14,Graduate
1,10,4,9670,1,3,111.7,1,22,7,10,6,103.3,1,0,1,0,0,0,24,0,0,6,8,0,0,0,0,6,7,0,0,0,5.4,1.9,2.08,Dropout
1,8,5,9238,1,12,162.0,1,10,3,12,5,143.5,0,0,0,0,0,0,28,0,0,6,6,3,12.47,0,0,6,7,1,11.86,0,11.2,1.7,-1.32,Dropout
1,3,6,9085,1,6,146.0,1,11,19,5,6,171.5,0,0,0,1,1,0,21,0,0,6,8,4,10.98,0,0,6,6,6,13.28,0,4.6,0.8,-1.30,Graduate
1,2,1,9119,1,14,112.3,1,1,18,7,2,135.8,1,0,0,1,0,1,19,0,0,6,7,5,13.8,0,0,6,6,6,11.15,0,6.3,3.2,0.99,Graduate
2,17,1,171,1,8,182.6,1,22,7,5,7,166.3,1,0,0,1,0,0,22,0,0,6,6,4,12.31,0,0,6,6,4,11.02,0,7.9,2.6,0.31,Graduate
1,11,4,33,1,13,106.3,1,10,15,5,6,155.4,0,0,0,1,1,0,18,0,0,6,7,5,11.84,0,0,6,9,5,13.6,0,7.1,2.4,0.13,Enrolled
1,8,4,33,0,1,144.8,1,9,4,2,4,122.4,1,0,0,1,0,0,22,0,0,6,7,4,13.35,0,0,6,9,4,15.05,0,4.8,3.2,0.48,Graduate
1,12,1,9773,1,14,188.6,1,14,11,7,6,132.6,1,0,0,1,0,0,22,0,0,6,9,2,11.58,0,0,6,6,1,11.32,0,7.1,3.1,1.20,Dropout
1,4,5,9147,1,10,162.2,1,14,13,2,3,156.3,1,0,0,1,0,1,19,0,0,6,8,5,14.08,0,0,6,6,6,14.73,0,8.8,2.4,0.18,Enrolled
2,12,2,9003,1,8,159.7,1,14,27,2,10,150.2,0,0,0,1,1,0,18,0,0,6,7,5,15.38,0,0,6,8,6,10.44,0,5.6,3.1,1.91,Graduate
1,18,5,9254,1,12,107.4,1,11,27,1,9,186.5,1,0,0,1,1,0,23,0,0,6,7,6,13.08,0,0,6,9,5,15.37,0,11.6,3.1,1.11,Graduate
1,11,4,9500,1,1,182.7,1,23,18,10,8,108.1,1,0,1,1,1,0,29,0,0,6,6,2,11.91,0,0,6,9,1,10.41,0,3.8,3.0,-0.68,Dropout
1,5,2,9991,1,12,141.4,1,5,20,12,12,119.1,1,0,0,1,0,0,23,0,0,6,6,6,12.5,0,0,6,8,4,13.38,0,7.3,1.4,1.32,Enrolled
1,12,5,9130,1,8,108.4,1,21,6,9,8,182.9,1,0,0,1,0,0,22,0,0,6,9,5,15.03,0,0,6,9,5,13.25,0,6.1,0.6,0.16,Enrolled
1,17,4,9853,1,5,160.1,1,20,5,3,6,161.3,0,0,1,0,0,0,18,0,0,6,6,0,0,0,0,6,7,2,10.34,0,3.8,2.9,-0.47,Dropout
1,11,4,9130,1,15,162.3,1,21,4,5,3,165.4,0,0,1,1,1,0,19,0,0,6,6,0,0,0,0,6,6,2,12.2,0,8.8,2.1,-1.15,Dropout
1,3,4,9670,1,12,177.6,1,17,21,1,4,126.5,1,0,0,1,0,0,20,0,0,6,9,5,10.13,0,0,6,8,6,12.58,0,5.4,2.0,1.49,Graduate
1,1,6,9147,1,14,107.9,1,4,20,12,4,122.6,0,0,1,1,1,0,28,0,0,6,9,0,0,0,0,6,6,1,10.77,0,3.8,2.4,1.95,Dropout
1,15,4,9853,1,8,170.8,1,22,1,8,12,143.1,1,0,0,1,0,1,23,0,0,6,6,6,14.5,0,0,6,7,4,11.63,0,9.8,1.5,-0.60,Graduate
1,11,6,9119,1,12,120.1,1,22,2,8,8,186.5,0,0,0,1,1,0,20,0,0,6,7,4,13.55,0,0,6,9,5,15.45,0,8.0,1.8,1.15,Graduate
1,10,3,8014,1,1,171.3,1,27,6,5,6,184.7,0,0,0,1,0,0,19,0,0,6,8,4,14.1,0,0,6,7,6,13.45,0,4.3,2.8,1.58,Enrolled
1,8,6,8014,1,4,146.1,1,18,11,2,12,108.2,1,0,0,1,1,1,21,0,0,6,6,4,13.17,0,0,6,8,5,13.36,0,5.8,1.7,1.28,Graduate
1,13,6,9670,1,12,175.7,1,12,17,8,3,144.0,1,0,0,1,1,0,20,0,0,6,8,4,14.01,0,0,6,9,4,16.8,0,4.0,3.0,1.40,Enrolled
1,18,5,9085,1,11,170.1,1,8,2,2,4,184.7,1,0,0,1,1,0,20,0,0,6,6,6,10.49,0,0,6,7,5,16.4,0,6.3,1.6,0.97,Graduate
1,8,4,33,0,11,174.2,1,17,16,1,2,119.8,0,0,0,1,0,0,21,0,0,6,7,5,14.9,0,0,6,7,6,15.55,0,7.9,0.5,-0.07,Graduate
1,9,2,171,1,3,180.1,1,17,8,11,9,138.0,0,0,0,1,0,1,21,0,0,6,6,4,13.63,0,0,6,9,6,14.99,0,8.9,2.6,0.19,Graduate
2,15,3,33,1,11,141.1,1,22,15,9,1,121.5,1,0,0,1,0,0,23,0,0,6,6,5,13.5,0,0,6,8,5,10.05,0,10.3,3.0,-1.19,Graduate
1,5,3,9853,1,2,142.7,1,4,11,1,5,133.7,1,0,1,1,0,0,22,0,0,6,7,3,11.33,0,0,6,7,2,12,0,10.2,1.1,-1.34,Dropout
1,2,2,9119,1,14,145.3,1,23,4,8,5,134.5,1,0,1,1,0,0,18,0,0,6,9,1,11.5,0,0,6,7,1,11.85,0,4.1,1.4,-0.84,Dropout
1,8,2,9853,0,4,169.6,1,21,16,11,9,172.8,1,0,0,1,0,0,18,0,0,6,8,4,10.93,0,0,6,7,5,15.53,0,6.2,2.9,1.54,Graduate
1,6,6,9085,1,2,164.7,1,28,13,8,11,164.6,1,0,0,1,0,0,23,0,0,6,8,6,10.6,0,0,6,9,5,13.24,0,11.5,2.6,0.81,Graduate
1,6,3,9991,1,15,109.2,1,28,15,10,1,146.2,0,0,0,1,0,1,18,0,0,6,8,3,11.91,0,0,6,6,2,12.69,0,9.1,0.8,1.89,Dropout
1,5,6,9556,1,2,125.2,1,5,6,9,6,121.5,0,0,1,0,1,0,21,0,0,6,9,3,11.06,0,0,6,6,0,0,0,9.3,2.3,-0.39,Dropout
1,9,2,9147,0,4,109.6,1,29,2,5,8,176.7,1,0,0,1,0,0,19,0,0,6,8,4,12.64,0,0,6,9,6,14.42,0,6.0,1.2,0.97,Graduate
1,5,1,9556,1,2,147.6,1,6,24,9,8,175.5,1,0,0,1,0,0,22,0,0,6,9,6,16.87,0,0,6,8,5,16.24,0,5.3,2.6,-1.20,Graduate
1,17,2,9991,1,9,126.4,1,12,9,8,1,178.3,0,0,0,1,0,0,20,0,0,6,9,4,11.33,0,0,6,8,5,10.19,0,10.1,3.3,1.51,Graduate
1,16,3,171,1,1,178.4,1,9,16,1,8,172.3,0,0,0,1,0,1,23,0,0,6,6,5,10.54,0,0,6,7,5,13.47,0,4.1,2.8,1.30,Graduate
1,9,4,9085,1,5,120.8,1,6,24,11,2,172.1,0,0,0,1,1,0,19,0,0,6,6,6,13.57,0,0,6,6,6,13.05,0,11.3,3.1,-0.17,Graduate
1,10,4,9085,1,11,142.7,1,4,3,6,1,120.4,1,0,0,1,0,0,19,0,0,6,8,5,14.56,0,0,6,6,4,12.52,0,6.7,2.7,0.15,Graduate
1,5,6,9003,1,3,161.0,1,19,28,7,6,169.5,1,0,0,0,1,0,21,0,0,6,6,3,12.74,0,0,6,9,2,10.2,0,5.8,3.2,-1.29,Dropout
1,9,4,8014,1,15,130.0,1,24,5,7,9,188.5,1,0,0,1,0,0,24,0,0,6,7,1,10.6,0,0,6,9,1,12.39,0,6.8,1.8,1.52,Dropout
1,13,6,9238,1,1,153.1,1,2,3,5,7,127.8,1,0,0,1,0,0,23,0,0,6,8,5,14.02,0,0,6,7,5,15.16,0,3.9,2.3,1.75,Graduate
1,12,4,33,1,7,135.8,1,8,27,2,8,172.6,0,0,0,1,1,0,23,0,0,6,8,5,15.66,0,0,6,7,5,10.16,0,7.2,3.0,2.10,Graduate
1,4,4,8014,1,8,168.4,1,4,1,4,9,102.7,0,0,0,1,1,0,23,0,0,6,7,5,16.58,0,0,6,9,6,13.21,0,7.3,0.8,0.57,Graduate
1,10,1,8014,1,14,160.3,1,12,3,12,6,163.6,1,0,0,0,0,0,25,0,0,6,6,2,12.77,0,0,6,9,0,0,0,6.8,0.9,0.84,Dropout
1,1,3,9147,1,9,167.1,1,16,5,2,4,166.6,0,0,0,1,1,0,21,0,0,6,9,3,11.49,0,0,6,9,1,10.11,0,5.7,2.3,-0.69,Dropout
1,1,2,9670,1,13,143.9,1,20,4,6,11,143.3,0,0,0,1,0,0,21,0,0,6,7,6,15.75,0,0,6,9,6,11.41,0,8.4,1.7,1.10,Graduate
1,3,4,9085,1,6,110.6,1,2,25,12,1,179.2,0,0,0,1,1,0,21,0,0,6,8,5,14.03,0,0,6,8,5,11.32,0,9.5,2.6,0.79,Graduate
1,8,6,33,1,2,101.7,1,6,27,9,4,125.2,1,0,0,1,1,0,19,0,0,6,6,4,14.21,0,0,6,7,4,10.74,0,6.4,2.3,0.10,Graduate
1,2,2,9853,1,2,167.9,1,15,11,11,4,124.4,1,0,0,1,0,0,29,0,0,6,6,1,11.51,0,0,6,8,0,0,0,10.3,1.3,1.53,Dropout
1,5,4,9003,1,8,167.3,1,16,11,10,12,177.7,1,0,0,1,0,0,20,0,0,6,7,6,12.89,0,0,6,7,6,10.64,0,5.4,3.2,-1.29,Graduate
1,2,1,9003,1,10,159.8,1,11,14,11,10,184.3,1,0,0,1,0,0,18,0,0,6,8,4,12.73,0,0,6,8,6,10.77,0,10.2,1.9,0.46,Graduate
1,10,1,9070,1,6,120.8,1,2,15,3,10,153.9,0,0,1,1,1,0,18,0,0,6,7,1,10.56,0,0,6,7,0,0,0,7.3,1.4,-0.29,Dropout
1,11,1,9991,1,12,160.3,1,24,24,2,1,159.7,1,0,0,1,0,1,21,0,0,6,7,5,14.67,0,0,6,8,4,13.71,0,4.3,1.0,-1.20,Graduate
1,3,3,9003,1,3,127.1,1,10,3,6,2,129.4,1,0,1,1,0,0,29,0,0,6,6,2,11.43,0,0,6,8,1,11.53,0,7.7,2.0,2.15,Dropout
2,17,2,9991,1,5,113.7,1,8,5,12,9,161.3,1,0,1,1,1,0,20,0,0,6,7,6,14.18,0,0,6,8,6,15.18,0,4.0,0.9,-1.13,Graduate
1,17,6,9556,1,7,104.5,1,1,17,12,8,181.0,1,0,0,1,0,0,21,0,0,6,7,4,10.04,0,0,6,6,6,12.87,0,9.1,0.8,0.18,Graduate
1,2,5,9670,1,15,147.1,1,10,29,8,4,143.6,0,0,0,1,0,0,20,0,0,6,8,6,13.32,0,0,6,8,5,11.4,0,5.2,2.2,0.76,Graduate
1,11,4,9119,1,9,114.7,1,6,17,5,6,120.5,0,0,1,1,0,0,21,0,0,6,9,3,11.95,0,0,6,6,2,12.69,0,9.8,1.9,-0.10,Dropout
1,4,5,9003,1,3,134.8,1,27,10,5,4,112.1,0,0,1,1,1,0,29,0,0,6,8,3,10.63,0,0,6,7,1,11.05,0,3.6,1.5,-0.81,Dropout
1,6,2,9991,1,13,148.6,1,2,10,2,3,139.1,1,0,1,1,1,0,27,0,0,6,9,3,10.64,0,0,6,7,1,12.21,0,9.3,0.7,0.45,Dropout
1,16,4,9773,0,15,125.3,1,5,15,8,4,165.7,1,0,0,1,0,0,20,0,0,6,8,6,10.33,0,0,6,7,4,11.44,0,11.3,1.9,0.46,Graduate
1,3,1,33,1,13,151.2,1,25,12,5,2,174.6,0,0,1,0,0,0,20,0,0,6,8,0,0,0,0,6,8,2,12.69,0,10.7,2.0,0.56,Dropout
1,5,3,9670,1,1,154.8,1,11,16,4,12,109.7,1,0,0,0,0,0,24,0,0,6,8,0,0,0,0,6,7,1,10.78,0,6.1,3.2,2.21,Dropout
1,15,5,9130,1,4,176.6,1,13,23,8,8,148.4,0,0,0,1,1,0,19,0,0,6,6,5,10.26,0,0,6,7,5,15.9,0,10.9,0.8,1.34,Graduate
1,4,1,9070,1,8,149.5,1,1,13,1,3,109.9,0,0,0,1,1,0,23,0,0,6,9,6,11.38,0,0,6,7,6,12.79,0,8.1,1.7,0.20,Graduate
1,8,1,9130,1,7,147.9,1,8,11,7,10,138.4,0,0,0,1,0,0,18,0,0,6,7,4,13.56,0,0,6,7,5,13.32,0,5.7,1.5,1.16,Graduate
1,17,6,9147,1,9,134.6,1,18,1,8,5,138.5,0,0,1,0,1,0,20,0,0,6,6,1,10.13,0,0,6,6,0,0,0,4.9,3.1,-0.43,Dropout
1,16,2,9773,1,15,155.7,1,19,20,12,11,114.9,0,0,1,0,0,0,27,0,0,6,7,0,0,0,0,6,9,0,0,0,6.4,0.6,2.27,Dropout
1,16,1,9773,1,4,144.2,1,15,29,2,4,116.8,1,0,0,1,0,0,21,0,0,6,6,4,14.97,0,0,6,8,5,13.59,0,7.9,0.5,-1.54,Enrolled
1,14,1,9773,1,5,153.6,1,1,18,8,10,183.5,1,0,1,1,1,0,19,0,0,6,9,6,13.27,0,0,6,9,4,13.55,0,4.0,2.8,0.10,Graduate
1,12,2,9147,1,13,123.0,1,29,8,8,9,136.8,1,0,0,1,0,0,18,0,0,6,6,5,13.51,0,0,6,7,6,12.54,0,4.5,2.0,2.20,Graduate
1,3,6,9853,1,9,159.3,1,23,27,7,11,109.5,1,0,0,1,0,0,20,0,0,6,9,6,13.44,0,0,6,7,6,12.48,0,9.0,2.4,-1.21,Graduate
1,15,2,9238,1,5,137.5,1,7,7,11,2,119.9,1,0,0,1,1,1,21,0,0,6,9,6,11.32,0,0,6,6,5,12.4,0,3.6,3.1,0.68,Graduate
1,4,6,9085,0,9,161.1,1,6,18,5,12,101.3,1,0,0,1,0,0,18,0,0,6,6,5,12.16,0,0,6,8,5,12.92,0,11.4,0.7,-1.44,Graduate
1,9,5,9670,1,10,150.0,1,29,10,7,11,149.5,1,0,0,1,1,0,25,0,0,6,6,1,10.25,0,0,6,6,0,0,0,7.9,2.1,-0.78,Dropout
1,15,3,9238,1,6,167.3,1,8,22,7,1,114.1,0,0,0,1,0,0,19,0,0,6,6,4,14.16,0,0,6,7,6,13.32,0,4.1,2.6,-0.19,Enrolled
2,7,2,9070,1,14,134.4,1,2,15,8,6,134.1,1,0,1,1,0,0,21,0,0,6,9,4,16.06,0,0,6,9,4,11.79,0,11.3,2.3,-1.42,Enrolled
1,12,5,9773,1,7,139.9,1,3,8,1,7,125.0,1,0,0,1,1,0,21,0,0,6,7,6,12.4,0,0,6,6,4,16.24,0,8.6,2.2,1.83,Graduate
1,2,3,9254,1,15,138.8,1,24,5,10,4,171.5,1,0,0,1,0,0,21,0,0,6,6,5,15.79,0,0,6,8,6,11.83,0,3.7,1.3,-0.25,Graduate
1,10,6,171,1,3,166.7,1,29,22,7,3,184.2,1,0,0,1,0,0,22,0,0,6,8,6,15.08,0,0,6,8,6,11.75,0,4.2,2.6,0.64,Graduate
1,9,2,9003,1,12,112.0,1,5,15,6,8,113.2,1,0,0,1,0,0,19,0,0,6,6,4,12.41,0,0,6,8,5,16.76,0,5.3,3.1,-1.56,Graduate
1,8,6,9070,1,3,116.1,1,6,14,6,10,134.8,0,0,0,1,0,0,18,0,0,6,7,4,14.39,0,0,6,8,6,15.6,0,6.2,2.4,-1.23,Graduate
1,2,6,9991,1,11,163.7,1,11,18,1,3,103.5,0,0,0,1,0,0,18,0,0,6,9,6,10.21,0,0,6,8,5,16.01,0,3.7,3.1,-0.71,Enrolled
2,4,3,9254,1,15,129.0,1,6,18,11,4,149.2,0,0,0,1,1,1,20,0,0,6,8,4,15.96,0,0,6,7,4,15.25,0,7.5,2.0,0.21,Enrolled
2,5,4,33,1,9,162.2,1,16,20,10,4,130.7,1,0,0,1,1,1,23,0,0,6,9,6,16.38,0,0,6,8,4,11.95,0,5.7,2.8,0.02,Graduate
1,9,5,9119,1,1,181.0,1,1,21,1,12,107.7,1,0,1,1,1,0,20,0,0,6,9,2,11.35,0,0,6,7,2,11.25,0,9.8,0.6,-0.90,Dropout
2,7,1,171,1,8,121.1,1,20,23,11,11,149.0,0,0,0,1,0,0,21,0,0,6,8,5,11.18,0,0,6,6,4,11.55,0,6.5,2.8,0.23,Graduate
1,13,5,9773,1,2,122.2,1,29,20,5,10,187.5,1,0,1,1,0,0,26,0,0,6,6,0,0,0,0,6,8,2,12.54,0,8.8,3.2,-0.47,Dropout
1,4,4,9670,1,9,167.9,1,29,20,3,11,182.3,0,0,0,1,1,1,21,0,0,6,7,6,11.66,0,0,6,9,6,16.15,0,9.7,0.9,2.28,Graduate
1,2,3,9773,1,6,131.7,1,11,26,12,7,172.9,1,0,0,1,1,0,19,0,0,6,8,4,10.48,0,0,6,9,5,12.35,0,8.0,3.3,-0.82,Graduate
1,13,1,171,1,14,182.9,1,22,5,10,1,127.7,1,0,0,1,0,1,20,0,0,6,9,4,14.68,0,0,6,6,4,15.7,0,11.6,2.1,1.53,Graduate
1,9,3,9085,1,11,140.1,1,18,29,6,3,187.1,1,0,0,1,0,0,18,0,0,6,9,4,16.1,0,0,6,8,6,13.62,0,8.1,2.4,-0.57,Graduate
1,11,3,9238,1,4,135.4,1,21,18,8,3,161.7,1,0,0,1,1,0,27,0,0,6,9,1,11.53,0,0,6,7,2,10.61,0,6.8,2.4,1.76,Dropout
1,10,2,9773,1,12,117.0,1,3,22,8,3,125.7,1,0,1,1,0,0,20,0,0,6,9,1,12.7,0,0,6,8,1,11.67,0,9.8,2.5,-0.31,Dropout
1,17,5,9773,1,8,154.7,1,2,7,2,6,157.6,0,0,0,1,0,0,21,0,0,6,9,4,11.4,0,0,6,8,5,15.78,0,3.9,2.8,2.22,Graduate
2,5,6,9238,0,3,124.7,1,7,12,7,1,161.4,0,0,0,0,0,0,18,0,0,6,8,2,12.56,0,0,6,9,1,10.05,0,7.7,1.0,1.85,Dropout
1,10,4,9130,1,1,183.7,1,3,20,3,3,131.7,1,0,0,1,1,0,21,0,0,6,9,5,16.98,0,0,6,6,4,14.21,0,4.2,1.0,-1.15,Graduate
1,10,1,9147,1,6,165.8,1,6,6,8,7,145.4,0,0,1,1,0,0,19,0,0,6,8,1,12.54,0,0,6,6,1,11.16,0,7.2,2.1,-0.33,Dropout
1,9,5,9070,1,11,129.8,1,3,14,1,2,115.7,1,0,1,1,1,0,21,0,0,6,8,5,12.66,0,0,6,6,4,10.63,0,11.3,1.6,1.99,Enrolled
1,10,3,9853,1,6,169.9,1,27,20,8,11,172.8,1,0,0,1,0,0,18,0,0,6,9,2,10.98,0,0,6,9,0,0,0,6.4,2.4,-0.39,Dropout
1,9,6,9556,1,1,117.4,1,8,4,7,2,178.7,1,0,1,1,1,0,29,0,0,6,8,1,11.59,0,0,6,6,0,0,0,11.4,1.7,1.48,Dropout
1,14,1,9003,1,9,152.5,1,11,12,12,12,104.6,1,0,0,1,1,0,22,0,0,6,9,4,15.48,0,0,6,7,4,13.83,0,5.8,0.6,1.96,Graduate
1,8,5,8014,1,11,133.9,1,18,11,7,5,182.8,1,0,1,1,0,0,19,0,0,6,6,3,11.29,0,0,6,7,2,10.42,0,7.5,2.0,-1.45,Dropout
1,4,4,9991,0,4,187.6,1,24,10,5,5,108.8,1,0,0,1,0,0,20,0,0,6,8,6,13.89,0,0,6,7,4,10.92,0,4.3,1.5,0.49,Graduate
1,18,5,9147,1,1,179.8,1,1,18,8,9,154.1,1,0,0,0,0,0,22,0,0,6,7,0,0,0,0,6,6,1,10.63,0,5.6,2.5,-0.13,Dropout
2,1,2,9119,0,5,169.2,1,25,29,7,5,130.3,1,0,0,1,0,0,23,0,0,6,6,4,15.86,0,0,6,9,4,10.78,0,7.2,3.0,-1.09,Graduate
1,2,6,33,1,10,153.8,1,2,12,1,8,189.1,1,0,0,1,0,0,19,0,0,6,7,6,12.18,0,0,6,9,5,16.87,0,9.0,1.3,1.08,Graduate
2,13,6,9500,1,4,178.2,1,29,11,9,4,189.3,0,0,0,1,0,0,20,0,0,6,6,6,13.9,0,0,6,9,6,15.84,0,5.7,0.8,-0.24,Graduate
1,15,4,33,1,2,142.2,1,27,24,4,8,182.0,0,1,0,1,0,0,18,0,0,6,7,6,12.42,0,0,6,9,4,14.59,0,10.4,3.1,1.94,Enrolled
1,11,5,9147,1,15,186.8,1,27,7,1,8,132.9,1,0,0,1,0,0,21,0,0,6,7,4,15.76,0,0,6,9,6,14.11,0,3.9,3.2,0.25,Graduate
1,2,2,9130,1,7,138.4,1,22,18,7,4,168.4,0,0,0,1,0,0,22,0,0,6,6,5,16.97,0,0,6,7,6,10.03,0,10.7,2.1,0.21,Graduate
1,1,2,9500,1,3,180.8,1,18,3,5,4,135.7,0,0,1,1,0,0,26,0,0,6,9,2,10.45,0,0,6,8,0,0,0,5.9,1.1,2.08,Dropout
1,8,4,8014,1,5,172.4,1,23,22,7,4,130.7,1,0,0,1,0,0,20,0,0,6,6,5,13.27,0,0,6,7,6,12,0,9.8,1.3,-1.01,Graduate
1,15,5,9085,1,5,130.6,1,4,2,2,2,171.3,1,0,0,1,1,1,18,0,0,6,6,6,11.09,0,0,6,7,6,16.36,0,10.2,0.8,0.99,Graduate
1,15,3,9991,1,5,146.5,1,28,20,6,8,135.3,0,0,0,1,0,1,26,0,0,6,7,3,12.23,0,0,6,7,2,10.95,0,10.2,1.1,0.83,Dropout
1,17,5,9119,1,14,142.3,1,22,14,9,8,112.0,0,0,1,0,0,0,24,0,0,6,8,3,10.92,0,0,6,7,1,12.5,0,6.7,2.7,2.19,Dropout
1,7,4,171,1,4,184.4,1,15,29,1,4,120.9,1,0,1,1,0,0,19,0,0,6,6,6,15.03,0,0,6,7,4,14.1,0,11.5,2.7,-1.63,Graduate
2,10,5,9670,1,12,102.3,1,3,21,12,6,139.5,1,0,1,1,0,0,18,0,0,6,6,6,12.56,0,0,6,9,4,14.3,0,4.3,0.8,-0.16,Graduate
2,5,2,9556,0,8,127.5,1,27,26,8,6,184.9,0,0,0,1,1,1,20,0,0,6,9,5,10.14,0,0,6,6,4,12.77,0,11.1,1.2,-1.11,Enrolled
1,17,3,9670,1,13,169.8,1,11,18,10,4,100.2,0,0,1,0,0,0,24,0,0,6,9,3,11.77,0,0,6,9,0,0,0,8.3,1.6,0.73,Dropout
1,11,1,9130,1,2,132.5,1,28,26,3,2,110.8,1,1,0,1,0,1,18,0,0,6,6,6,12.51,0,0,6,6,6,15.42,0,10.2,1.5,1.81,Graduate
1,2,2,9085,1,12,127.0,1,3,3,6,11,107.9,1,0,1,1,1,0,21,0,0,6,9,5,10.75,0,0,6,6,6,15.31,0,3.7,1.9,1.07,Enrolled
1,13,6,9670,1,1,126.6,1,28,17,1,12,119.2,1,0,0,1,1,0,20,0,0,6,9,6,12.82,0,0,6,7,6,14.07,0,10.2,1.1,1.27,Enrolled
1,15,4,33,0,7,123.1,1,22,4,7,4,179.3,1,0,0,1,0,1,18,0,0,6,7,6,14.9,0,0,6,8,5,13.16,0,5.8,3.2,2.07,Graduate
1,9,2,9853,1,5,135.5,1,4,9,3,6,107.0,1,0,0,1,0,1,18,0,0,6,7,5,16.23,0,0,6,7,5,11.05,0,11.5,2.9,-1.33,Enrolled
1,3,2,9500,1,11,103.8,1,22,27,2,1,177.4,1,0,0,1,0,0,22,0,0,6,7,5,14.79,0,0,6,9,6,10.19,0,5.2,1.5,0.34,Enrolled
1,17,4,9147,1,8,100.1,1,22,13,7,2,109.0,0,0,0,1,0,0,26,0,0,6,6,2,12.99,0,0,6,9,0,0,0,5.0,2.3,2.17,Dropout
1,9,2,9773,1,11,122.7,1,22,23,8,12,159.4,1,0,0,1,1,0,22,0,0,6,6,4,16.09,0,0,6,9,4,13.02,0,9.7,0.9,-0.03,Graduate
2,2,6,171,1,6,110.8,1,24,17,5,12,120.5,1,0,0,1,1,0,19,0,0,6,8,5,12.03,0,0,6,9,4,10.79,0,9.0,2.4,0.07,Graduate
1,6,6,9119,1,15,133.1,1,15,17,4,12,121.9,0,0,0,1,1,0,23,0,0,6,6,6,14.31,0,0,6,7,5,16.35,0,7.3,2.5,-0.61,Enrolled
1,18,6,9500,1,4,128.6,1,20,17,4,12,141.7,0,0,0,1,0,1,19,0,0,6,6,6,13.15,0,0,6,6,5,16.9,0,6.6,2.7,1.46,Graduate
1,13,4,8014,1,15,183.2,1,1,10,9,7,170.0,1,0,0,1,0,1,23,0,0,6,8,4,14.16,0,0,6,9,6,15.16,0,8.7,2.8,1.38,Graduate
1,9,3,9556,1,14,188.3,1,8,4,8,4,129.6,0,0,0,1,0,1,18,0,0,6,9,4,15.19,0,0,6,7,4,11.04,0,9.0,2.0,1.44,Graduate
1,14,1,8014,1,7,148.7,1,18,4,6,3,151.0,0,0,1,0,0,0,28,0,0,6,6,0,0,0,0,6,8,1,11.6,0,5.3,1.2,-0.32,Dropout
1,13,5,9670,0,3,158.2,1,7,5,11,11,142.1,1,0,0,1,0,0,21,0,0,6,7,5,13.76,0,0,6,9,4,16.64,0,5.8,1.0,-1.13,Graduate
1,9,3,9070,1,7,158.2,1,3,11,12,4,184.6,0,0,0,1,0,0,19,0,0,6,8,5,16.41,0,0,6,6,4,10.05,0,6.3,1.1,0.62,Graduate
1,9,3,9500,1,12,158.4,1,12,4,9,12,160.5,0,0,0,1,0,0,19,0,0,6,7,4,14.58,0,0,6,9,4,16.36,0,10.9,2.2,-1.60,Graduate
1,5,4,9991,1,10,159.2,1,8,18,1,4,105.9,0,1,0,1,0,0,22,0,0,6,6,6,16.93,0,0,6,6,6,12.74,0,6.1,2.8,-0.33,Graduate
1,15,2,9003,1,15,103.3,1,18,18,5,7,119.6,1,0,0,1,0,0,21,0,0,6,7,5,14.6,0,0,6,9,6,13.32,0,4.6,3.0,2.15,Graduate
1,2,2,9853,1,4,183.7,1,2,4,8,4,109.1,0,0,0,1,1,0,23,0,0,6,6,4,11.33,0,0,6,9,6,14.5,0,6.6,3.4,-1.41,Graduate
1,10,6,9254,1,1,160.8,1,21,25,8,12,142.7,1,0,0,1,1,0,22,0,0,6,7,5,13.56,0,0,6,9,6,14.26,0,3.8,1.5,-0.93,Graduate
1,10,2,9003,1,7,169.3,1,23,15,1,9,111.9,0,0,0,1,0,0,18,0,0,6,6,6,10.79,0,0,6,7,5,12.57,0,9.5,0.5,1.38,Enrolled
1,14,6,9500,1,8,182.2,1,7,15,3,1,139.6,1,0,0,0,0,0,29,0,0,6,7,0,0,0,0,6,9,1,11.75,0,6.4,2.9,0.25,Dropout
1,4,4,171,1,1,120.9,1,2,24,10,6,174.2,0,0,0,1,0,0,18,0,0,6,6,6,12.32,0,0,6,7,5,13.51,0,9.7,0.6,1.80,Enrolled
1,11,1,9238,1,11,154.5,1,10,21,7,3,102.9,1,0,0,1,0,0,23,0,0,6,6,4,14.22,0,0,6,9,5,16.32,0,7.1,2.2,1.08,Enrolled
1,11,5,9853,1,7,106.7,1,22,4,3,11,168.4,1,0,0,1,0,0,19,0,0,6,9,4,12.48,0,0,6,7,6,16.54,0,3.9,3.2,2.10,Enrolled
1,17,6,171,0,9,155.0,1,16,6,5,6,121.2,0,0,0,1,0,0,19,0,0,6,8,5,14.98,0,0,6,8,5,13.2,0,9.7,2.7,-0.97,Enrolled
1,14,5,9130,0,14,157.6,1,15,25,3,6,172.3,0,0,1,0,1,0,19,0,0,6,7,0,0,0,0,6,9,2,10.41,0,9.8,1.8,-1.61,Dropout
1,7,6,9070,1,5,171.4,1,12,10,7,2,162.6,0,0,1,1,1,0,26,0,0,6,8,3,10.92,0,0,6,7,2,10.72,0,11.1,2.1,0.03,Dropout
1,14,2,9773,1,12,178.8,1,29,22,9,7,177.8,0,0,0,1,1,0,19,0,0,6,8,5,15.11,0,0,6,9,4,11.67,0,6.1,1.4,-0.78,Enrolled
1,2,1,8014,1,5,141.6,1,19,11,5,6,113.6,1,0,1,1,0,0,22,0,0,6,6,0,0,0,0,6,9,2,12.26,0,7.7,3.1,1.06,Dropout
1,15,6,9556,1,12,188.7,1,7,27,10,5,114.7,1,0,0,1,1,0,20,0,0,6,9,4,10.29,0,0,6,9,6,12.56,0,9.0,1.8,0.43,Graduate
1,5,1,9670,1,4,161.7,1,13,11,5,5,167.2,0,0,0,1,1,0,23,0,0,6,7,4,15.87,0,0,6,8,5,11.63,0,4.7,1.0,1.86,Graduate
1,6,3,33,1,10,103.5,1,11,20,12,10,171.8,1,0,1,1,1,0,29,0,0,6,9,2,11.43,0,0,6,7,1,10.21,0,8.4,3.2,-0.98,Dropout
1,4,1,9500,1,12,183.5,1,25,15,2,3,153.1,1,0,1,1,1,1,27,0,0,6,7,1,10.15,0,0,6,7,0,0,0,5.2,3.0,-1.20,Dropout
1,5,6,9670,0,11,154.8,1,6,29,8,1,147.0,0,0,0,1,0,0,20,0,0,6,9,4,16.11,0,0,6,6,5,13.28,0,5.1,0.9,-0.56,Graduate
1,2,3,9070,1,4,161.0,1,18,10,6,1,126.7,1,0,0,1,0,0,23,0,0,6,9,6,15.49,0,0,6,6,4,10.02,0,7.7,1.9,1.77,Enrolled
1,11,4,171,0,9,150.1,1,22,20,8,5,178.0,0,0,0,1,0,1,21,0,0,6,6,6,10.89,0,0,6,7,6,15.3,0,10.4,0.4,-1.35,Graduate
1,10,2,9070,1,14,161.6,1,8,5,5,6,175.5,0,0,0,1,0,0,21,0,0,6,7,3,10.44,0,0,6,6,0,0,0,7.5,2.0,-1.49,Dropout
1,5,2,9003,1,13,187.4,1,16,29,3,9,109.5,1,0,0,1,1,0,22,0,0,6,9,4,15.28,0,0,6,8,5,12.38,0,11.0,0.8,-1.19,Graduate
1,8,1,9556,1,12,110.2,1,7,12,9,7,105.4,1,0,0,1,0,1,20,0,0,6,8,0,0,0,0,6,6,1,10.12,0,10.9,2.4,0.56,Dropout
1,10,5,9254,1,13,172.4,1,20,5,7,8,107.6,1,0,0,1,0,0,21,0,0,6,7,3,12.66,0,0,6,8,0,0,0,8.4,1.8,0.95,Dropout
1,5,6,9147,1,13,164.0,1,28,17,2,1,178.0,1,0,1,1,0,0,23,0,0,6,8,3,11.77,0,0,6,9,2,10.53,0,8.8,1.2,-0.00,Dropout
1,4,6,9991,1,10,102.5,1,6,13,3,7,124.6,1,0,0,1,0,0,19,0,0,6,6,4,14.78,0,0,6,7,5,12.64,0,5.4,3.0,-1.40,Graduate
1,15,6,9500,1,1,102.0,1,1,23,11,2,101.6,0,0,0,1,0,0,19,0,0,6,9,4,14.15,0,0,6,9,5,14.15,0,9.4,3.3,0.14,Graduate
1,12,3,9119,1,5,125.1,1,13,21,2,1,100.2,1,0,0,1,0,0,21,0,0,6,6,4,12.69,0,0,6,9,4,11.57,0,4.8,3.3,0.52,Graduate
1,6,3,171,1,12,165.9,1,15,28,3,10,114.0,0,0,0,0,1,0,20,0,0,6,6,2,11.07,0,0,6,7,1,10.52,0,10.8,2.6,-0.27,Dropout
1,13,2,9670,1,2,120.0,1,8,4,6,6,138.1,0,0,0,1,0,0,20,0,0,6,8,6,11.11,0,0,6,9,5,16.43,0,10.7,2.0,-0.34,Graduate
1,17,1,9500,1,10,102.1,1,10,18,2,5,168.7,1,0,0,1,0,1,23,0,0,6,9,4,15.54,0,0,6,6,6,14.98,0,7.9,1.7,1.60,Graduate
1,13,5,9853,1,4,101.6,1,27,12,12,10,118.7,1,0,0,1,1,1,20,0,0,6,6,4,12.15,0,0,6,7,6,12.29,0,9.1,2.9,-0.56,Enrolled
2,15,6,9670,1,15,121.6,1,2,24,9,12,171.0,1,0,0,1,1,0,20,0,0,6,7,5,10.92,0,0,6,6,4,14.06,0,9.3,2.9,-0.10,Enrolled
1,5,4,9070,1,1,128.0,1,12,13,9,1,151.3,0,0,0,1,0,0,18,0,0,6,6,4,11.75,0,0,6,9,5,10.93,0,4.4,0.5,-1.38,Graduate
1,4,5,9500,1,10,142.9,1,5,16,5,7,113.2,1,0,0,1,0,0,21,0,0,6,6,5,15.08,0,0,6,8,5,12.9,0,5.6,2.3,1.32,Enrolled
1,16,6,9991,1,8,140.7,1,23,19,10,12,180.3,1,0,0,1,0,0,21,0,0,6,7,4,16.41,0,0,6,8,6,16.57,0,8.6,2.2,1.78,Enrolled
1,1,1,9238,0,10,174.0,1,27,28,4,6,156.4,0,0,1,1,0,0,21,0,0,6,9,1,11.37,0,0,6,8,2,12.63,0,6.0,1.5,0.27,Dropout
1,6,3,8014,1,10,176.0,1,24,8,4,3,148.7,1,0,1,1,0,0,18,0,0,6,6,2,11.12,0,0,6,7,1,11.17,0,10.9,0.6,1.73,Dropout
1,10,3,9670,1,3,158.4,1,22,24,4,1,183.6,1,0,0,1,0,0,20,0,0,6,7,5,14.57,0,0,6,7,6,16.44,0,6.9,2.7,-0.83,Graduate
1,7,3,9119,1,13,167.6,1,10,4,1,5,144.4,1,0,0,1,0,0,18,0,0,6,6,6,11.62,0,0,6,9,5,13.1,0,11.5,3.3,0.95,Graduate
1,2,4,9130,1,14,133.9,1,13,22,8,4,137.8,0,0,1,1,0,0,25,0,0,6,9,0,0,0,0,6,7,1,11.66,0,11.4,0.6,2.03,Dropout
1,8,3,9991,1,14,109.3,1,11,8,3,7,180.6,0,0,0,1,1,0,19,0,0,6,8,6,11.1,0,0,6,7,5,15.3,0,11.4,1.2,1.17,Graduate
1,15,4,9003,1,6,149.4,1,7,8,4,9,124.2,0,0,0,1,0,1,19,0,0,6,8,6,12.51,0,0,6,7,5,14.99,0,7.3,3.4,-1.55,Enrolled
1,7,6,9085,0,3,120.2,1,20,4,2,6,154.4,1,0,1,0,1,0,25,0,0,6,7,3,11.55,0,0,6,6,1,10.53,0,11.3,2.4,2.02,Dropout
1,6,3,9119,1,12,151.9,1,3,12,12,8,126.1,1,0,0,1,1,0,21,0,0,6,7,5,15.72,0,0,6,9,5,16.57,0,9.0,0.8,-1.63,Graduate
1,18,2,33,1,6,185.4,1,11,29,5,3,112.7,1,0,0,0,1,0,28,0,0,6,8,0,0,0,0,6,9,1,11.94,0,7.0,1.0,0.23,Dropout
1,7,2,9556,1,9,150.3,1,11,7,4,9,126.6,1,0,0,1,0,0,27,0,0,6,8,2,12.02,0,0,6,7,2,12.26,0,4.1,1.8,-1.69,Dropout
1,8,5,9254,1,14,129.8,1,27,21,12,9,179.1,1,0,0,1,0,0,23,0,0,6,9,6,15.38,0,0,6,8,5,13.45,0,7.8,1.3,2.14,Graduate
1,11,1,9254,1,2,107.1,1,12,22,10,7,156.4,0,0,0,1,1,0,21,0,0,6,8,4,13.46,0,0,6,9,5,12.83,0,9.4,1.3,1.36,Graduate
1,1,6,9147,1,11,111.8,1,20,9,8,3,139.3,1,0,0,1,1,0,22,0,0,6,9,6,15.65,0,0,6,7,6,13.13,0,11.0,2.2,-1.34,Graduate
1,12,5,9773,1,6,158.8,1,26,18,12,10,188.3,0,0,0,1,0,0,23,0,0,6,6,4,15.41,0,0,6,6,4,14.52,0,10.5,1.2,-1.17,Graduate
1,15,2,9003,1,6,185.4,1,7,26,8,5,111.2,0,0,0,1,1,1,23,0,0,6,6,5,15.67,0,0,6,9,6,11.68,0,4.4,0.9,2.14,Graduate
1,18,3,171,1,8,121.7,1,4,11,8,9,102.5,0,0,1,1,0,1,27,0,0,6,9,1,10.95,0,0,6,8,2,11.34,0,8.5,1.9,0.95,Dropout
1,5,4,9085,1,15,105.4,1,1,19,4,7,150.6,1,0,0,1,1,1,18,0,0,6,6,5,14.95,0,0,6,9,5,15.25,0,10.2,1.0,-1.46,Graduate
1,8,1,9670,1,11,112.5,1,2,28,2,12,167.8,1,0,1,1,0,0,24,0,0,6,9,1,10.98,0,0,6,9,2,10.66,0,9.0,1.7,-1.17,Dropout
1,16,5,9991,1,11,142.7,1,3,1,3,7,118.4,1,0,0,1,0,0,22,0,0,6,6,6,14.33,0,0,6,8,5,16.41,0,4.7,1.3,-0.25,Enrolled
1,5,2,9003,1,4,141.3,1,7,14,11,11,175.4,1,0,1,0,0,0,21,0,0,6,8,2,10.56,0,0,6,7,2,10.34,0,9.0,3.2,0.85,Dropout
1,2,4,9991,1,1,144.9,1,25,14,1,12,128.2,1,0,1,0,0,0,29,0,0,6,6,2,10.06,0,0,6,8,2,10.52,0,6.9,0.9,0.01,Dropout
1,7,4,9500,1,12,137.0,1,24,17,11,9,116.2,1,0,0,1,1,0,18,0,0,6,9,6,10.9,0,0,6,9,5,11.43,0,5.0,3.2,0.22,Graduate
1,4,3,9670,1,15,143.4,1,29,18,8,5,126.9,1,0,0,1,0,0,19,0,0,6,9,5,10.01,0,0,6,7,4,14.24,0,5.9,1.0,0.90,Graduate
1,14,4,9070,1,4,133.9,1,28,26,2,5,122.0,1,0,0,1,1,0,22,0,0,6,9,6,14.19,0,0,6,9,4,14,0,6.4,0.4,-0.48,Graduate
1,5,1,9119,1,10,139.5,1,21,17,7,3,139.9,0,0,0,1,0,1,22,0,0,6,6,4,15.42,0,0,6,7,5,13.7,0,10.1,2.4,-0.45,Enrolled
1,12,2,8014,0,6,143.6,1,29,19,12,9,157.8,0,0,1,1,1,0,19,0,0,6,9,1,11.66,0,0,6,6,2,10.97,0,9.8,2.8,1.35,Dropout
1,3,3,9119,1,1,167.4,1,23,27,8,10,145.7,1,0,0,1,0,0,21,0,0,6,6,6,16.44,0,0,6,9,5,12.46,0,5.8,2.7,-0.36,Graduate
1,17,5,9773,1,13,156.3,1,5,12,10,12,104.0,0,0,0,1,1,0,22,0,0,6,9,5,10.18,0,0,6,9,6,16.4,0,8.2,0.8,-0.77,Graduate
2,18,6,9147,1,6,132.5,1,4,26,8,10,175.5,0,0,0,1,0,0,19,0,0,6,9,5,16.13,0,0,6,8,4,13.86,0,10.4,2.6,0.20,Enrolled
1,3,5,9070,1,1,121.3,1,29,18,8,8,128.4,0,0,0,1,0,0,23,0,0,6,8,5,10.69,0,0,6,9,4,10.66,0,7.5,2.1,-1.49,Graduate
1,16,5,9130,1,3,160.2,1,16,22,12,4,172.6,0,0,0,1,0,0,23,0,0,6,6,4,12.01,0,0,6,6,6,15.32,0,4.8,2.6,1.73,Graduate
1,4,4,171,1,11,184.9,1,5,16,5,9,158.2,1,0,0,1,1,0,21,0,0,6,7,2,11.88,0,0,6,6,0,0,0,6.1,0.5,0.74,Dropout
1,14,5,9238,1,15,104.5,1,5,4,3,4,104.5,0,0,0,1,0,0,23,0,0,6,8,4,12.17,0,0,6,9,5,16.91,0,10.4,3.1,-0.72,Graduate
1,16,4,9119,1,10,147.8,1,8,8,12,12,163.1,1,0,0,1,0,0,23,0,0,6,9,6,16.06,0,0,6,9,6,12.15,0,10.8,2.0,1.62,Enrolled
2,5,1,9147,1,11,105.9,1,17,7,5,10,122.5,1,0,0,1,0,1,25,0,0,6,7,3,10.3,0,0,6,7,2,12.54,0,6.9,2.3,1.53,Dropout
2,10,1,9130,1,11,179.4,1,11,26,10,7,181.3,1,0,0,1,1,0,23,0,0,6,7,5,14.9,0,0,6,6,4,11.01,0,10.4,3.2,1.98,Enrolled
1,11,6,9991,1,10,131.7,1,19,16,2,8,135.5,0,0,0,1,0,0,23,0,0,6,9,6,14.78,0,0,6,9,5,15.73,0,3.7,1.8,1.03,Graduate
1,17,6,9130,1,4,117.2,1,28,25,12,7,140.2,1,0,0,1,0,0,18,0,0,6,9,2,11.75,0,0,6,6,0,0,0,9.9,2.6,1.84,Dropout
1,1,3,9254,1,9,140.1,1,12,24,10,10,133.5,0,0,0,1,1,0,23,0,0,6,6,5,10.3,0,0,6,9,5,16.21,0,10.8,1.9,-1.49,Graduate
1,12,5,9070,1,6,123.6,1,22,13,7,12,104.3,0,0,0,1,1,0,21,0,0,6,9,1,11.65,0,0,6,7,1,10.58,0,4.1,3.4,2.28,Dropout
1,9,1,9500,0,4,109.8,1,28,9,2,10,148.5,1,0,0,1,0,0,18,0,0,6,8,5,12.57,0,0,6,9,6,14.56,0,4.2,2.9,1.20,Enrolled
1,4,1,8014,1,9,149.2,1,2,15,8,2,123.1,0,0,0,1,0,1,18,0,0,6,8,4,12.95,0,0,6,8,4,15.05,0,9.1,2.9,1.23,Graduate
1,12,1,9254,1,1,159.1,1,20,6,12,7,117.5,1,0,1,0,0,0,27,0,0,6,8,1,10.2,0,0,6,8,2,11.81,0,5.7,3.1,-0.14,Dropout
1,7,2,8014,1,4,158.0,1,23,7,1,7,163.7,0,0,0,1,0,0,22,0,0,6,7,1,10.96,0,0,6,6,2,11.04,0,9.5,0.7,-0.41,Dropout
1,1,3,9773,0,8,163.6,1,11,5,1,3,113.8,0,0,0,0,1,0,25,0,0,6,9,0,0,0,0,6,6,2,10.41,0,7.9,1.7,-0.86,Dropout
1,11,2,9254,1,3,134.5,1,26,25,1,3,122.0,0,0,0,1,0,1,22,0,0,6,6,6,13.21,0,0,6,6,6,14.42,0,5.3,0.6,-1.59,Graduate
1,17,3,9670,1,5,125.7,1,19,21,2,7,146.2,0,0,0,1,1,0,19,0,0,6,6,6,11.46,0,0,6,7,4,16.97,0,8.0,1.3,1.81,Graduate
1,8,4,9003,1,5,121.7,1,13,13,9,11,119.7,1,0,0,1,0,1,18,0,0,6,8,5,15.35,0,0,6,9,6,15.71,0,4.2,1.3,2.05,Graduate
1,18,3,9085,1,1,137.3,1,17,20,3,4,165.4,1,0,0,1,0,0,27,0,0,6,7,0,0,0,0,6,6,0,0,0,3.9,2.5,0.54,Dropout
1,6,4,9003,1,12,146.7,1,4,16,3,9,145.4,0,0,0,1,1,0,18,0,0,6,7,4,16.51,0,0,6,9,6,13.27,0,4.5,0.7,1.49,Graduate
1,6,6,9254,1,11,174.3,1,2,24,8,12,151.8,1,0,0,1,0,0,19,0,0,6,9,5,16.39,0,0,6,7,5,10.06,0,8.0,0.5,0.43,Enrolled
1,13,4,9070,1,1,100.5,1,28,3,7,8,175.3,0,0,0,1,0,1,19,0,0,6,7,4,11.29,0,0,6,6,6,15.69,0,4.6,2.5,0.85,Enrolled
1,18,6,171,1,7,166.0,1,15,17,9,5,178.1,0,0,0,0,0,0,21,0,0,6,9,1,10.93,0,0,6,9,0,0,0,6.4,3.2,1.46,Dropout
2,14,2,9556,0,8,131.5,1,16,8,9,10,118.9,1,0,0,1,0,1,19,0,0,6,8,4,14.89,0,0,6,7,6,16.97,0,9.4,3.0,-1.23,Graduate
1,4,3,171,1,6,140.3,1,2,24,7,7,140.2,1,0,0,1,0,0,21,0,0,6,8,6,11.14,0,0,6,6,4,13.35,0,4.2,2.0,1.43,Graduate
1,8,5,9147,1,14,115.0,1,6,28,8,3,144.2,1,0,1,0,1,0,20,0,0,6,6,1,11.8,0,0,6,8,1,11.78,0,5.9,2.8,1.02,Dropout
1,9,2,9773,1,8,157.6,1,24,17,5,2,138.7,1,0,0,1,1,1,18,0,0,6,9,5,15.8,0,0,6,7,4,15.25,0,9.3,2.0,1.52,Graduate
1,9,3,9130,1,4,124.9,1,22,26,4,9,115.3,0,0,0,1,0,0,23,0,0,6,6,4,15.06,0,0,6,8,5,10.47,0,10.7,0.9,0.29,Graduate
1,10,1,8014,0,4,118.6,1,25,22,7,4,188.9,1,0,0,1,1,0,19,0,0,6,8,6,11.14,0,0,6,6,6,16.45,0,6.8,2.0,-0.28,Graduate
1,13,4,9500,1,9,134.5,1,27,12,5,11,130.0,1,0,0,1,1,0,18,0,0,6,6,6,16.13,0,0,6,8,4,12.5,0,9.7,2.8,1.32,Graduate
2,13,4,9085,1,4,126.5,1,29,6,11,4,116.5,1,0,0,1,0,0,22,0,0,6,6,6,10.03,0,0,6,8,6,13.8,0,4.8,2.6,-0.11,Enrolled
1,13,6,171,1,8,170.2,1,14,29,6,1,121.9,0,0,0,1,1,0,22,0,0,6,6,4,11.83,0,0,6,7,6,12.08,0,6.3,3.0,-0.45,Graduate
1,5,1,171,1,4,170.5,1,1,5,5,1,116.8,0,0,0,1,0,0,19,0,0,6,7,0,0,0,0,6,9,1,12.87,0,7.5,0.9,-1.11,Dropout
1,6,3,9500,1,4,145.3,1,11,5,11,4,108.9,1,0,0,1,1,0,19,0,0,6,9,0,0,0,0,6,8,0,0,0,5.8,2.0,-0.01,Dropout
1,1,4,171,1,7,136.2,1,15,27,12,11,133.4,0,0,0,1,0,0,18,0,0,6,9,3,10.87,0,0,6,8,1,11.82,0,10.8,2.3,0.31,Dropout
1,4,6,8014,1,1,145.5,1,6,9,2,9,105.3,0,0,0,1,0,0,22,0,0,6,9,0,0,0,0,6,9,0,0,0,10.2,3.0,-1.50,Dropout
1,11,1,9147,1,5,163.9,1,2,10,3,2,173.4,0,0,1,1,1,0,28,0,0,6,9,2,10.64,0,0,6,7,1,11.34,0,6.2,1.6,0.70,Dropout
2,1,1,33,1,9,164.0,1,25,8,4,7,143.3,0,0,1,0,0,0,20,0,0,6,8,2,11.76,0,0,6,6,0,0,0,9.2,3.2,-1.58,Dropout
2,13,3,9085,1,3,184.9,1,9,7,9,6,177.3,0,0,0,1,0,0,22,0,0,6,7,2,10,0,0,6,7,0,0,0,5.0,1.1,-0.27,Dropout
1,8,2,9556,1,5,112.2,1,1,5,6,7,119.8,0,0,1,0,1,0,25,0,0,6,7,2,10.27,0,0,6,9,1,10.66,0,11.2,2.5,2.18,Dropout
1,1,2,9254,1,11,160.4,1,14,24,4,10,157.9,1,0,0,1,0,1,22,0,0,6,9,6,15.07,0,0,6,7,5,16.6,0,5.6,2.3,1.48,Graduate
1,6,3,9130,1,15,178.9,1,2,11,2,9,100.6,1,0,0,1,1,0,21,0,0,6,6,6,11.63,0,0,6,6,4,16.01,0,4.1,0.7,-0.46,Graduate
2,15,4,9119,0,8,169.9,1,6,15,7,4,174.4,0,0,1,1,1,0,19,0,0,6,9,0,0,0,0,6,8,0,0,0,7.5,1.4,-1.59,Dropout
1,16,2,9147,0,2,172.5,1,12,13,7,4,161.5,0,0,0,1,0,0,21,0,0,6,8,5,13.48,0,0,6,7,4,16.05,0,7.9,2.5,-0.14,Graduate
1,9,2,9238,1,12,108.5,1,10,5,12,9,116.6,1,0,1,0,1,0,27,0,0,6,8,3,10.3,0,0,6,7,1,10.55,0,8.5,1.0,1.03,Dropout
1,14,4,171,0,8,174.1,1,20,8,9,7,157.4,1,0,0,1,0,0,22,0,0,6,6,6,15.94,0,0,6,8,6,13.13,0,9.8,2.4,0.01,Graduate
1,7,4,33,1,8,137.0,1,10,4,2,1,137.7,1,0,0,1,1,0,19,0,0,6,6,5,12.44,0,0,6,7,5,12.04,0,9.4,2.5,2.11,Graduate
1,2,3,9853,1,5,119.1,1,20,25,5,10,181.6,1,0,1,1,0,0,19,0,0,6,6,5,16.11,0,0,6,7,4,12.12,0,5.3,0.4,1.71,Graduate
1,8,4,9070,1,4,178.9,1,22,21,6,2,112.6,0,0,0,1,0,1,23,0,0,6,7,5,16.5,0,0,6,7,4,14.87,0,9.7,1.1,1.90,Enrolled
1,5,2,9670,0,14,161.4,1,27,10,12,10,162.6,1,0,0,1,1,0,19,0,0,6,9,5,11.02,0,0,6,9,4,14.42,0,9.5,0.9,0.68,Graduate
1,1,1,171,1,10,171.1,1,8,8,7,8,167.0,1,0,0,1,0,0,19,0,0,6,8,6,14.16,0,0,6,9,4,12.28,0,6.7,3.0,0.79,Graduate
1,12,6,9003,1,6,147.1,1,21,3,6,10,125.4,0,0,0,0,1,0,26,0,0,6,7,2,11.68,0,0,6,8,1,11.31,0,9.1,2.7,0.50,Dropout
1,10,4,9070,1,3,147.3,1,11,13,8,11,149.3,0,0,1,1,0,1,22,0,0,6,7,4,16.54,0,0,6,7,5,12.71,0,8.0,2.1,0.84,Graduate
1,18,3,171,1,8,133.0,1,29,13,5,3,140.2,1,0,0,1,0,0,19,0,0,6,9,4,10.86,0,0,6,9,4,16.95,0,9.7,0.8,-1.60,Graduate
2,13,3,9556,1,6,144.3,1,26,6,9,12,100.6,0,0,0,1,0,0,23,0,0,6,8,0,0,0,0,6,9,0,0,0,10.4,1.2,1.62,Dropout
1,18,1,9254,1,2,124.5,1,14,5,4,1,126.4,1,0,0,0,0,0,20,0,0,6,6,3,12.74,0,0,6,9,1,11.85,0,11.5,1.1,-1.15,Dropout
1,6,6,9670,1,5,163.0,1,14,21,7,8,173.5,1,0,0,1,0,1,20,0,0,6,6,6,12.28,0,0,6,6,5,16.37,0,9.5,1.5,0.59,Graduate
1,5,5,33,1,1,155.3,1,23,22,2,1,161.3,1,0,0,0,1,0,23,0,0,6,7,1,12.87,0,0,6,9,0,0,0,4.3,0.6,1.30,Dropout
1,13,5,9773,1,9,109.4,1,23,4,1,11,115.2,0,0,1,0,0,0,29,0,0,6,9,0,0,0,0,6,9,2,10.04,0,10.0,2.4,-0.81,Dropout
2,6,6,9991,1,13,125.8,1,16,24,4,9,177.7,1,0,0,1,0,0,18,0,0,6,7,4,16,0,0,6,7,4,15.5,0,9.3,1.3,1.97,Graduate
1,11,6,9254,1,15,183.0,1,27,26,7,5,112.5,1,0,0,1,0,0,19,0,0,6,6,5,12.84,0,0,6,9,5,11.97,0,4.5,2.6,1.19,Enrolled
1,5,5,9003,1,13,144.8,1,25,6,7,1,157.8,1,0,1,1,0,1,18,0,0,6,7,6,15.3,0,0,6,7,5,16.53,0,8.2,0.9,1.34,Graduate
1,12,3,9003,1,8,130.9,1,2,23,1,9,141.4,1,0,0,1,1,0,23,0,0,6,7,4,13.61,0,0,6,7,5,11.3,0,7.1,1.9,-1.56,Enrolled
1,7,6,9003,1,9,114.9,1,3,27,6,10,155.6,1,0,0,1,1,1,18,0,0,6,9,6,11.88,0,0,6,9,4,10.56,0,8.8,2.8,-0.46,Graduate
1,15,4,9556,1,1,106.1,1,20,13,10,1,165.2,1,0,0,1,1,1,19,0,0,6,9,6,11.16,0,0,6,7,4,13.63,0,10.9,1.3,1.81,Enrolled
1,4,6,9085,1,10,156.5,1,17,26,2,10,104.6,0,0,0,1,0,0,22,0,0,6,7,4,10.06,0,0,6,8,5,12.32,0,8.3,2.0,1.18,Graduate
1,17,1,9500,1,3,128.8,1,23,14,12,5,140.5,1,0,1,1,1,0,23,0,0,6,7,2,11.67,0,0,6,6,1,11.24,0,4.6,2.0,-0.15,Dropout
1,1,4,33,1,11,139.6,1,6,7,11,1,102.7,0,0,0,1,0,1,18,0,0,6,9,5,14.5,0,0,6,8,4,12.92,0,7.2,1.9,-0.61,Enrolled
1,16,2,9254,1,8,169.1,1,8,4,6,5,102.0,0,0,1,0,0,0,25,0,0,6,9,2,11.48,0,0,6,9,0,0,0,7.0,1.6,1.02,Dropout
1,1,1,9070,0,1,103.2,1,14,3,7,11,103.0,1,0,0,1,0,0,18,0,0,6,7,6,15.88,0,0,6,7,5,12.71,0,9.7,0.9,-0.60,Graduate
1,1,1,33,1,8,142.6,1,24,13,1,1,132.3,1,0,1,0,0,0,21,0,0,6,9,2,11.26,0,0,6,8,1,10.41,0,8.0,3.2,1.65,Dropout
1,6,4,9085,1,11,143.9,1,1,3,2,8,131.5,0,0,0,1,1,1,21,0,0,6,6,5,10.14,0,0,6,6,6,11.89,0,6.7,0.6,0.83,Enrolled
1,2,6,9147,1,10,168.5,1,16,13,8,1,130.5,1,0,1,0,1,0,21,0,0,6,7,2,10.46,0,0,6,8,1,12.73,0,5.8,2.4,2.19,Dropout
1,7,4,9670,1,15,121.6,1,19,25,2,8,165.5,1,0,0,1,1,0,23,0,0,6,7,4,10.73,0,0,6,7,6,11.63,0,9.8,1.5,-1.53,Enrolled
1,16,5,9238,1,1,101.0,1,18,29,4,7,171.5,1,0,1,1,1,0,24,0,0,6,9,3,12.9,0,0,6,6,1,12.1,0,5.1,2.5,-1.35,Dropout
2,16,3,9500,1,7,107.9,1,2,24,2,7,134.1,1,0,1,1,1,0,24,0,0,6,8,3,10.12,0,0,6,7,1,10.43,0,10.2,1.6,0.84,Dropout
2,3,1,33,1,10,137.9,1,29,24,1,10,175.8,0,0,0,1,1,1,22,0,0,6,7,4,16.72,0,0,6,8,4,15.38,0,8.1,1.0,1.12,Enrolled
2,9,5,8014,1,6,106.1,1,3,11,1,3,185.8,0,0,0,1,1,0,23,0,0,6,6,3,11.82,0,0,6,9,0,0,0,6.8,1.9,1.64,Dropout
1,16,6,9773,1,11,140.4,1,12,2,5,8,127.6,0,0,0,1,1,0,21,0,0,6,8,4,13.57,0,0,6,9,6,11.22,0,9.0,3.0,1.58,Graduate
2,1,6,9670,1,1,120.8,1,20,22,2,11,164.3,1,0,1,1,1,0,23,0,0,6,6,1,12.64,0,0,6,9,0,0,0,6.6,1.3,-1.38,Dropout
1,13,6,9085,1,11,119.1,1,20,15,6,2,169.4,1,0,0,1,0,0,18,0,0,6,6,6,16.26,0,0,6,6,4,11.46,0,10.5,1.5,1.71,Enrolled
1,11,2,9500,1,13,154.3,1,8,12,12,7,100.0,0,0,0,1,0,0,20,0,0,6,7,5,13.82,0,0,6,9,5,14.99,0,7.0,0.8,-0.31,Graduate
1,7,3,9147,1,6,185.1,1,12,4,12,7,174.0,0,0,0,1,1,0,22,0,0,6,9,5,10.23,0,0,6,6,6,10.02,0,11.1,1.4,1.47,Graduate
1,10,3,9991,1,10,187.5,1,3,8,7,7,128.2,1,0,0,1,0,0,23,0,0,6,6,6,13.17,0,0,6,9,6,16.92,0,8.6,2.8,1.76,Graduate
1,14,6,33,1,11,138.6,1,6,5,8,7,136.3,1,0,0,1,1,0,19,0,0,6,9,5,13.81,0,0,6,8,5,10.26,0,10.6,2.8,0.72,Graduate
2,2,4,9119,1,15,183.3,1,23,17,10,5,150.6,1,0,0,1,1,0,19,0,0,6,7,6,16.16,0,0,6,6,6,13.94,0,6.0,1.6,-0.62,Graduate
1,18,2,171,1,8,139.3,1,21,1,1,10,101.6,1,0,0,1,0,0,21,0,0,6,9,4,12.53,0,0,6,6,5,16.38,0,4.9,1.3,1.19,Graduate
1,4,3,9238,1,15,109.9,1,28,19,12,8,128.3,1,0,0,1,0,0,19,0,0,6,6,5,12.63,0,0,6,9,4,10.69,0,9.5,1.4,-1.45,Graduate
1,12,4,9130,1,8,169.5,1,9,8,2,7,188.3,1,0,0,1,0,0,21,0,0,6,7,4,13.26,0,0,6,8,6,11.48,0,3.7,2.9,0.84,Enrolled
1,12,6,9085,1,1,110.7,1,27,18,4,12,180.6,1,0,1,1,0,0,29,0,0,6,7,1,11.67,0,0,6,9,2,10.67,0,5.9,0.4,1.52,Dropout
1,8,6,9670,1,6,130.3,1,9,27,11,6,119.0,1,0,0,1,1,0,21,0,0,6,7,4,11.83,0,0,6,6,5,16,0,11.3,1.1,1.88,Graduate
1,8,1,9773,0,10,137.3,1,27,10,2,3,112.3,1,0,0,1,0,0,29,0,0,6,9,2,11.71,0,0,6,7,1,10.74,0,9.1,1.5,1.22,Dropout
1,1,2,9238,1,10,184.2,1,17,28,11,3,109.2,1,0,1,0,0,0,20,0,0,6,9,1,11,0,0,6,6,2,12.82,0,10.3,1.0,1.80,Dropout
1,1,5,8014,1,13,137.9,1,3,10,10,5,133.7,1,0,1,0,0,1,22,0,0,6,7,0,0,0,0,6,9,0,0,0,9.9,0.5,-1.25,Dropout
2,5,3,9556,1,5,151.1,1,27,9,1,7,186.6,0,0,0,1,1,0,27,0,0,6,8,1,12.95,0,0,6,7,2,10.33,0,9.4,1.8,-1.49,Dropout
1,16,2,9670,1,3,150.8,1,22,15,5,8,119.2,0,0,1,0,1,0,27,0,0,6,8,0,0,0,0,6,8,1,12.91,0,5.2,3.4,-0.46,Dropout
1,17,1,9147,1,14,127.0,1,12,2,2,7,167.0,0,0,0,1,0,0,28,0,0,6,8,1,10.06,0,0,6,6,1,10.91,0,9.1,2.4,0.07,Dropout
1,18,6,9853,0,3,105.9,1,6,14,12,7,148.2,0,0,0,1,1,0,22,0,0,6,6,5,11.26,0,0,6,6,6,15.77,0,9.6,3.2,-0.79,Graduate
1,11,3,9070,1,7,153.0,1,23,9,8,8,183.0,0,0,1,1,0,1,27,0,0,6,8,3,11.61,0,0,6,7,2,11.91,0,10.6,1.3,-0.46,Dropout
1,14,5,171,1,10,162.3,1,14,11,12,11,101.5,0,0,0,0,1,0,19,0,0,6,9,3,12.56,0,0,6,7,0,0,0,11.3,0.4,0.36,Dropout
1,1,1,9070,1,8,112.0,1,4,20,5,3,115.8,1,0,0,1,0,1,18,0,0,6,9,6,11.48,0,0,6,8,4,13.52,0,7.0,1.5,0.16,Enrolled
1,5,6,171,1,11,179.9,1,14,7,2,8,113.2,1,0,1,1,0,0,19,0,0,6,8,5,13.73,0,0,6,6,4,12.39,0,7.8,1.2,-1.03,Graduate
1,13,3,9500,1,1,117.5,1,13,18,11,10,107.4,1,0,0,1,0,1,21,0,0,6,7,6,14.71,0,0,6,6,5,10.94,0,5.5,3.2,-0.66,Graduate
2,1,4,9254,1,14,122.5,1,18,14,7,10,117.2,0,0,1,1,1,0,23,0,0,6,8,3,11.38,0,0,6,8,0,0,0,4.3,2.4,-1.37,Dropout
1,12,4,9003,0,5,145.5,1,23,13,3,9,185.0,0,0,0,1,0,0,22,0,0,6,8,4,11.6,0,0,6,7,6,14.1,0,10.2,2.8,0.94,Graduate
1,18,5,8014,1,13,170.9,1,23,12,8,7,143.7,0,0,0,1,0,0,22,0,0,6,8,4,14.97,0,0,6,7,5,14.15,0,9.2,3.2,-0.03,Graduate
1,2,2,9773,1,2,102.8,1,28,23,8,8,189.0,1,0,0,1,0,0,22,0,0,6,6,6,16.55,0,0,6,6,6,16.33,0,3.8,1.8,-1.17,Graduate
1,14,6,9003,1,11,151.1,1,23,6,7,2,135.3,0,1,0,1,0,0,23,0,0,6,6,6,15.2,0,0,6,7,4,10.77,0,4.7,1.2,1.93,Enrolled
1,6,3,9853,1,3,141.4,1,1,5,6,4,143.5,1,0,0,1,1,1,22,0,0,6,7,4,14.99,0,0,6,7,5,11.27,0,9.9,1.1,0.21,Graduate
1,1,4,9147,1,12,162.3,1,1,21,10,8,132.8,0,0,0,1,0,0,19,0,0,6,9,4,15.93,0,0,6,8,6,11.37,0,10.7,1.8,-1.50,Graduate
1,16,6,9500,0,6,170.2,1,23,7,9,12,119.2,0,0,1,0,1,0,23,0,0,6,6,3,12.07,0,0,6,8,2,10.56,0,5.5,1.1,1.73,Dropout
1,13,3,9853,0,8,130.1,1,3,14,5,6,169.6,1,0,1,1,1,0,24,0,0,6,7,0,0,0,0,6,7,2,11.19,0,5.1,1.7,-1.68,Dropout
1,17,5,8014,1,10,111.2,1,3,13,7,9,160.7,1,0,1,1,1,0,29,0,0,6,6,3,12.18,0,0,6,7,1,10.6,0,5.2,1.3,1.58,Dropout
1,11,6,9070,1,15,170.7,1,11,13,5,4,128.2,0,0,0,0,0,0,29,0,0,6,9,2,12.43,0,0,6,9,2,10.3,0,5.5,0.9,-1.31,Dropout
1,12,4,9119,1,2,124.2,1,12,22,12,7,134.1,0,0,0,1,1,0,20,0,0,6,7,5,11.58,0,0,6,7,4,15.67,0,7.0,2.4,1.86,Graduate
1,17,6,9238,0,9,175.0,1,22,7,1,1,180.9,0,0,0,1,0,0,19,0,0,6,9,6,12.6,0,0,6,9,4,16.85,0,11.2,0.5,1.23,Graduate
1,7,2,9238,1,15,112.0,1,15,3,1,6,127.8,1,0,0,1,1,0,19,0,0,6,7,5,16.1,0,0,6,6,5,10.8,0,9.8,3.1,1.59,Graduate
2,9,4,9003,1,8,124.3,1,14,10,9,7,179.3,0,0,0,0,0,0,24,0,0,6,6,2,12.46,0,0,6,8,2,11.35,0,11.2,2.1,0.07,Dropout
1,2,3,9991,1,4,117.9,1,9,20,9,9,145.1,1,0,1,1,0,0,27,0,0,6,6,0,0,0,0,6,6,1,13,0,7.3,2.6,-0.21,Dropout
1,14,5,9070,1,4,122.5,1,6,9,3,8,178.2,1,0,0,1,0,0,22,0,0,6,7,4,10.12,0,0,6,9,5,16.63,0,9.2,1.6,-0.17,Enrolled
1,13,5,9070,1,8,141.0,1,14,6,2,9,184.5,1,0,1,1,0,0,20,0,0,6,8,5,10.53,0,0,6,8,6,11,0,10.2,0.9,-1.60,Graduate
1,7,1,9119,1,3,177.1,1,14,15,12,6,172.7,1,0,0,1,0,1,18,0,0,6,6,4,12.49,0,0,6,6,6,12.74,0,10.9,1.1,0.10,Graduate
1,18,1,9853,0,3,169.5,1,20,5,4,8,129.0,0,0,0,1,1,0,19,0,0,6,7,6,14.3,0,0,6,7,4,10.62,0,11.3,0.7,0.86,Enrolled
2,18,4,33,1,9,108.7,1,17,5,4,8,181.5,1,0,1,1,0,0,23,0,0,6,9,2,10.46,0,0,6,9,1,10.06,0,7.0,2.2,-0.18,Dropout
1,8,5,171,1,8,121.7,1,9,29,12,6,101.2,1,0,1,0,0,0,21,0,0,6,6,2,10.93,0,0,6,8,1,12.78,0,10.3,1.4,0.65,Dropout
1,1,2,9070,1,11,178.9,1,25,4,12,5,143.1,1,0,1,0,1,0,22,0,0,6,9,0,0,0,0,6,7,0,0,0,7.6,3.3,0.74,Dropout
1,2,3,9085,1,5,131.9,1,12,18,12,8,138.2,0,0,1,0,0,0,21,0,0,6,9,1,10.85,0,0,6,9,0,0,0,6.4,3.2,1.78,Dropout
1,11,2,9085,0,1,174.2,1,21,25,1,10,181.5,0,0,1,1,1,0,27,0,0,6,8,2,10.61,0,0,6,6,1,12.82,0,3.8,1.1,0.69,Dropout
1,9,3,9238,1,14,181.1,1,22,13,10,3,169.5,0,0,0,1,1,0,20,0,0,6,7,6,11.82,0,0,6,7,5,13.6,0,5.9,0.9,-0.95,Graduate
1,2,5,171,1,6,187.0,1,11,19,12,7,151.7,1,0,0,1,1,0,19,0,0,6,8,4,13.12,0,0,6,6,6,14.07,0,7.3,2.0,2.01,Graduate
1,3,2,9119,1,13,153.8,1,17,18,7,11,127.2,1,0,0,1,0,0,20,0,0,6,8,6,11.77,0,0,6,6,4,11.98,0,5.8,2.1,-1.58,Graduate
1,9,3,9085,1,2,186.9,1,9,2,12,7,126.6,0,0,1,0,0,0,26,0,0,6,9,0,0,0,0,6,7,0,0,0,11.3,2.4,1.34,Dropout
1,14,4,9773,1,7,182.5,1,26,20,3,10,101.9,1,0,0,1,1,0,21,0,0,6,9,6,11.82,0,0,6,9,6,14.75,0,6.1,1.8,1.73,Enrolled
1,6,3,9085,1,10,183.2,1,4,20,9,9,170.6,0,0,0,1,1,0,22,0,0,6,8,4,14.22,0,0,6,7,6,12.91,0,3.8,2.7,0.79,Graduate
1,7,2,9070,1,2,120.2,1,9,8,4,9,163.4,1,0,0,1,0,0,20,0,0,6,8,5,16.93,0,0,6,6,6,10.08,0,6.5,1.3,1.52,Enrolled
1,14,1,9070,1,14,115.1,1,14,15,2,4,115.4,1,0,1,0,0,0,25,0,0,6,6,3,12.49,0,0,6,8,2,10.21,0,6.0,3.2,1.96,Dropout
1,9,2,9130,1,12,174.2,1,23,5,2,11,136.2,1,0,0,1,1,0,18,0,0,6,7,4,15.22,0,0,6,6,5,15.76,0,5.7,0.6,1.03,Enrolled
1,13,6,9119,1,11,145.5,1,9,12,6,10,169.3,1,0,0,1,1,0,19,0,0,6,7,4,10.1,0,0,6,9,5,14.5,0,4.8,3.2,-0.30,Graduate
1,9,3,9147,1,2,116.4,1,15,12,3,7,123.7,1,0,0,1,0,0,21,0,0,6,6,4,13.06,0,0,6,7,6,10.84,0,7.6,3.2,-1.06,Graduate
1,4,2,9556,1,13,160.1,1,9,25,3,5,167.9,0,0,0,0,1,0,25,0,0,6,8,2,10.16,0,0,6,6,0,0,0,7.0,3.4,0.25,Dropout
1,8,5,9003,0,15,102.0,1,5,2,9,8,166.8,1,0,0,1,0,0,21,0,0,6,7,4,14.15,0,0,6,9,5,10.26,0,10.5,2.3,-0.79,Enrolled
1,4,6,9085,1,8,132.6,1,7,16,1,5,137.4,1,0,0,1,0,0,20,0,0,6,6,6,14.52,0,0,6,6,6,12.51,0,10.5,2.7,1.56,Graduate
2,16,6,9003,1,3,126.9,1,6,19,5,11,179.8,0,0,0,1,0,1,18,0,0,6,6,5,10.9,0,0,6,9,6,13.65,0,9.0,2.1,1.71,Graduate
2,4,3,171,1,14,165.6,1,12,14,2,8,115.2,0,0,0,1,1,0,22,0,0,6,8,6,14,0,0,6,7,4,16.81,0,4.2,2.2,0.63,Graduate
1,4,2,9238,1,2,107.0,1,10,3,8,7,105.0,1,0,0,1,1,0,19,0,0,6,6,4,13.42,0,0,6,7,4,11.55,0,8.3,1.1,-1.18,Graduate
1,6,2,9238,1,3,162.6,1,13,12,12,10,126.3,0,0,1,0,0,0,21,0,0,6,6,0,0,0,0,6,8,1,10.19,0,9.0,0.8,-0.37,Dropout
1,3,6,9147,0,6,172.7,1,4,10,7,10,117.7,0,0,0,1,0,0,22,0,0,6,6,5,11.46,0,0,6,6,6,11.7,0,11.1,1.2,-0.57,Enrolled
1,18,1,171,1,3,161.7,1,23,18,2,7,107.5,0,0,1,0,1,0,19,0,0,6,7,2,11.24,0,0,6,9,1,10.9,0,7.2,2.5,1.01,Dropout
1,1,2,9238,1,4,171.8,1,26,14,4,5,151.4,1,0,0,1,0,0,23,0,0,6,8,6,15.02,0,0,6,6,5,12.66,0,11.1,2.8,0.56,Graduate
1,13,3,9254,0,4,132.2,1,22,10,7,6,147.8,0,0,0,1,1,0,20,0,0,6,8,5,12.8,0,0,6,8,4,11.4,0,6.4,1.7,-1.03,Graduate
1,1,5,9238,1,4,150.3,1,2,24,1,8,163.0,0,0,0,1,0,0,22,0,0,6,9,4,14.53,0,0,6,9,5,14.23,0,10.3,1.7,0.04,Graduate
1,9,5,9853,0,1,148.7,1,17,1,12,8,186.9,0,0,1,0,1,0,28,0,0,6,6,3,11.81,0,0,6,8,0,0,0,4.6,2.4,0.12,Dropout
1,17,1,9238,1,4,126.2,1,4,10,7,1,133.9,1,0,1,0,1,0,20,0,0,6,8,3,11.83,0,0,6,7,0,0,0,9.2,0.9,1.03,Dropout
1,8,2,9085,1,12,189.8,1,21,5,6,2,169.3,1,0,1,1,0,0,22,0,0,6,8,0,0,0,0,6,7,0,0,0,8.2,3.4,0.34,Dropout
1,10,5,9556,1,3,174.0,1,8,29,8,9,139.2,0,0,0,1,1,1,19,0,0,6,6,6,13.23,0,0,6,7,4,14.3,0,3.7,2.6,0.84,Enrolled
1,15,4,9991,0,5,169.4,1,2,1,10,6,151.4,0,0,0,1,0,0,22,0,0,6,9,1,12.04,0,0,6,7,0,0,0,10.2,2.8,1.16,Dropout
1,17,1,9119,1,8,119.2,1,14,19,8,9,160.1,1,0,0,1,1,0,20,0,0,6,7,5,12.67,0,0,6,9,5,14.52,0,10.3,2.6,-1.09,Graduate
1,13,1,9556,0,13,134.6,1,8,10,11,11,116.7,1,0,0,1,0,0,18,0,0,6,6,6,11.11,0,0,6,8,5,13.84,0,4.4,3.3,1.78,Enrolled
1,4,4,9238,1,10,188.4,1,3,27,8,9,172.1,0,0,0,1,0,0,20,0,0,6,6,4,10.89,0,0,6,8,6,10.93,0,6.9,1.1,-0.14,Graduate
1,3,2,9119,0,8,146.0,1,16,3,7,9,131.7,0,0,0,1,1,0,23,0,0,6,9,6,16.46,0,0,6,8,6,15.6,0,11.1,2.3,-1.01,Graduate
1,4,3,9070,1,5,135.0,1,12,25,1,4,137.1,0,0,1,1,1,0,22,0,0,6,7,0,0,0,0,6,9,2,12,0,11.5,0.8,0.52,Dropout
1,13,5,9238,1,10,131.1,1,29,4,1,11,189.0,1,0,0,1,1,0,21,0,0,6,7,3,10.02,0,0,6,8,0,0,0,9.5,2.8,1.38,Dropout
1,4,6,9254,1,2,103.5,1,21,18,12,11,148.2,1,0,0,1,0,0,21,0,0,6,6,6,13.16,0,0,6,6,4,16.61,0,4.6,1.1,-1.24,Graduate
1,15,2,9500,1,11,185.1,1,16,7,9,7,172.6,0,0,1,0,1,1,19,0,0,6,6,1,11.19,0,0,6,8,2,10.36,0,9.8,2.8,-0.05,Dropout
2,5,1,9130,1,6,105.4,1,27,22,8,1,173.1,1,0,0,1,1,1,23,0,0,6,9,5,10.67,0,0,6,8,4,15.66,0,6.4,2.7,1.73,Enrolled
1,11,3,9670,1,5,110.4,1,23,9,9,12,184.5,1,0,0,1,0,0,20,0,0,6,7,6,13.27,0,0,6,6,5,15.82,0,8.6,1.7,-1.10,Graduate
1,15,5,8014,1,14,160.8,1,17,17,11,10,159.5,1,0,0,0,0,0,27,0,0,6,6,3,12.17,0,0,6,9,2,12.04,0,7.3,3.1,1.60,Dropout
1,14,4,9853,0,13,134.8,1,15,10,3,12,105.1,0,0,0,1,1,0,21,0,0,6,7,6,13.41,0,0,6,9,5,15.32,0,8.4,3.2,-0.04,Graduate
1,10,1,33,1,10,155.2,1,8,1,11,10,152.2,1,0,0,1,1,0,19,0,0,6,6,4,10.83,0,0,6,8,5,15.33,0,6.9,3.1,0.44,Enrolled
1,15,5,9147,1,9,148.4,1,14,15,3,9,154.0,1,0,1,0,0,0,21,0,0,6,7,3,12.24,0,0,6,9,0,0,0,4.6,3.1,0.66,Dropout
2,4,1,9254,1,4,116.6,1,11,29,12,6,181.2,0,0,1,1,0,0,26,0,0,6,9,1,11.18,0,0,6,6,0,0,0,8.8,3.1,-0.80,Dropout
1,10,5,9070,1,8,142.8,1,13,11,12,2,156.5,0,0,0,1,0,0,20,0,0,6,7,6,15.89,0,0,6,8,4,11.47,0,10.9,2.6,1.06,Graduate
1,17,6,9556,1,5,175.8,1,9,23,8,8,135.5,0,0,0,1,0,0,20,0,0,6,7,4,11.66,0,0,6,7,5,16.72,0,6.1,2.8,-0.55,Graduate
1,9,2,9238,1,8,119.0,1,19,18,1,10,160.0,1,0,0,1,0,0,23,0,0,6,8,6,15.09,0,0,6,7,6,15.16,0,9.5,2.4,-0.12,Enrolled
1,5,2,9254,0,3,151.6,1,2,12,10,1,163.7,1,0,0,1,0,1,18,0,0,6,7,5,10.81,0,0,6,9,6,11.23,0,8.3,1.5,1.47,Graduate
1,16,1,9991,1,15,148.7,1,20,22,2,11,175.0,1,0,0,1,0,0,20,0,0,6,6,4,16.15,0,0,6,8,6,16.6,0,7.6,1.8,1.48,Enrolled
1,15,1,9853,1,15,177.0,1,2,22,1,3,128.0,1,0,0,0,1,0,20,0,0,6,8,0,0,0,0,6,6,0,0,0,8.8,2.7,0.81,Dropout
1,16,3,9670,1,9,126.6,1,4,11,11,9,160.6,1,0,0,1,1,1,19,0,0,6,7,5,14.61,0,0,6,8,6,16.43,0,10.2,2.1,0.32,Graduate
1,9,4,9853,0,6,105.2,1,2,9,3,6,108.5,1,0,1,0,0,1,23,0,0,6,7,0,0,0,0,6,6,1,11.71,0,11.2,1.3,-0.35,Dropout
1,17,5,9773,1,12,136.7,1,7,15,1,3,152.0,0,0,0,1,0,0,18,0,0,6,8,5,13.25,0,0,6,9,6,13.01,0,7.8,2.0,1.39,Enrolled
1,18,6,9853,1,13,107.5,1,11,25,6,10,185.6,1,0,0,1,1,1,21,0,0,6,9,6,12,0,0,6,8,5,13.87,0,7.7,1.5,-0.39,Graduate
1,6,5,171,1,1,131.0,1,25,7,10,5,182.4,0,0,0,0,1,0,29,0,0,6,8,0,0,0,0,6,8,0,0,0,9.9,1.9,1.38,Dropout
1,15,4,9003,1,2,164.3,1,17,17,3,1,153.1,1,0,0,1,1,0,22,0,0,6,8,6,15.87,0,0,6,7,5,12.4,0,11.6,0.5,1.30,Graduate
1,14,4,9085,1,8,162.9,1,16,1,7,8,172.8,1,0,0,1,1,0,22,0,0,6,6,5,12.66,0,0,6,9,6,13.01,0,4.4,0.6,1.44,Graduate
1,7,3,9254,1,15,144.5,1,3,27,9,12,157.2,0,0,0,1,1,0,18,0,0,6,9,5,13.75,0,0,6,6,6,12.76,0,5.4,3.3,0.53,Graduate
1,9,2,9085,1,4,166.8,1,2,19,4,10,181.2,0,0,1,0,0,0,23,0,0,6,8,0,0,0,0,6,6,2,10.28,0,11.0,2.9,-1.64,Dropout
1,2,1,9070,0,4,145.5,1,27,14,7,6,149.7,1,0,0,1,1,0,18,0,0,6,6,4,10.54,0,0,6,7,4,13.87,0,8.6,3.3,-0.59,Graduate
1,8,6,9773,1,13,149.4,1,8,9,2,1,165.5,1,0,1,0,0,0,22,0,0,6,9,1,11.73,0,0,6,9,2,10.23,0,5.7,2.5,-1.20,Dropout
1,17,1,8014,1,1,140.9,1,25,8,8,9,189.8,0,0,1,0,1,0,24,0,0,6,7,3,11.83,0,0,6,6,2,12.45,0,8.8,3.1,-1.37,Dropout
1,1,3,9085,1,3,131.9,1,17,24,12,9,108.1,0,0,0,1,0,0,22,0,0,6,8,4,14.79,0,0,6,6,4,12.02,0,9.3,3.1,-0.24,Graduate
1,14,2,8014,1,5,152.2,1,7,24,11,5,112.6,1,0,0,1,0,1,19,0,0,6,9,6,14.37,0,0,6,7,4,13.87,0,6.8,2.7,0.23,Graduate
1,16,4,9085,1,15,168.5,1,4,29,3,3,167.3,1,0,0,1,0,0,22,0,0,6,6,4,13.14,0,0,6,8,6,14.96,0,3.8,2.7,-1.07,Graduate
1,17,6,9130,1,8,118.2,1,14,21,5,9,142.5,1,0,1,0,0,0,24,0,0,6,7,2,11.61,0,0,6,9,0,0,0,4.3,0.7,0.78,Dropout
1,13,2,9556,1,10,174.0,1,26,9,2,2,152.0,0,0,0,1,1,0,21,0,0,6,6,4,13.87,0,0,6,6,5,16.25,0,9.0,1.1,0.39,Graduate
1,15,1,9238,1,15,158.0,1,20,19,10,11,179.2,1,0,1,0,1,0,18,0,0,6,8,2,12.93,0,0,6,9,1,10.68,0,7.2,2.7,-0.62,Dropout
1,12,2,9773,1,4,118.6,1,1,5,8,5,102.2,0,0,0,1,0,1,20,0,0,6,7,5,16.73,0,0,6,7,6,11.85,0,3.7,2.6,1.04,Graduate
1,16,4,9119,1,3,140.1,1,11,15,12,4,134.0,1,0,1,1,1,0,26,0,0,6,9,0,0,0,0,6,6,2,10.58,0,11.2,1.1,0.88,Dropout
1,8,6,9556,1,9,130.6,1,9,3,1,8,165.5,1,0,1,0,0,1,23,0,0,6,7,2,11.56,0,0,6,8,2,11.01,0,9.5,2.6,2.22,Dropout
1,7,4,9070,1,6,160.3,1,4,11,5,7,183.9,0,0,0,1,0,0,21,0,0,6,7,4,12.75,0,0,6,7,6,14.37,0,8.2,2.3,1.47,Graduate
2,3,5,9085,1,7,155.7,1,19,11,3,7,128.6,0,0,0,1,1,0,23,0,0,6,7,4,15.47,0,0,6,7,6,11.74,0,10.3,1.9,1.87,Graduate
1,6,2,9238,1,12,132.4,1,28,18,9,12,114.6,1,0,0,1,0,1,20,0,0,6,9,4,11.94,0,0,6,8,4,16.34,0,11.4,0.9,1.05,Graduate
1,6,4,9670,1,5,180.4,1,15,18,10,11,102.3,1,0,0,0,0,0,19,0,0,6,9,0,0,0,0,6,6,1,10.1,0,8.2,1.4,-0.26,Dropout
1,7,3,9991,1,13,154.3,1,16,24,6,3,131.2,0,0,0,1,0,0,20,0,0,6,7,6,16.42,0,0,6,8,5,11,0,10.3,2.0,0.39,Graduate
1,15,1,8014,1,7,168.7,1,11,5,6,2,156.5,1,0,1,1,1,0,28,0,0,6,8,3,11.12,0,0,6,7,2,10.02,0,3.8,3.3,-0.75,Dropout
1,8,1,9070,1,1,136.6,1,17,19,1,1,120.4,1,0,1,0,0,0,23,0,0,6,9,0,0,0,0,6,6,0,0,0,6.0,1.6,1.38,Dropout
1,6,1,9130,1,8,111.3,1,2,20,3,5,141.0,1,0,1,1,0,0,28,0,0,6,9,2,12.36,0,0,6,9,1,12.54,0,11.6,1.3,-1.29,Dropout
1,6,1,8014,1,11,155.7,1,10,2,6,6,142.4,1,0,0,1,0,1,19,0,0,6,8,6,14.5,0,0,6,9,4,16.34,0,5.3,0.7,-1.67,Graduate
1,6,1,9670,1,9,164.2,1,16,1,10,7,159.2,1,0,0,1,1,1,19,0,0,6,6,2,10.41,0,0,6,9,0,0,0,10.2,1.9,1.77,Dropout
1,3,5,9003,1,8,188.2,1,4,9,2,8,183.6,1,0,1,0,0,0,27,0,0,6,8,3,10.98,0,0,6,8,2,12.4,0,8.3,2.3,0.59,Dropout
1,15,6,9130,1,3,105.6,1,28,16,10,11,140.7,1,0,0,0,1,0,24,0,0,6,8,1,11.98,0,0,6,9,1,11.74,0,4.6,1.3,0.55,Dropout
1,4,4,9119,1,12,102.0,1,1,10,6,12,113.3,0,0,0,1,1,0,20,0,0,6,9,4,16.75,0,0,6,8,5,15.36,0,4.1,2.7,2.25,Graduate
1,17,4,9500,1,1,143.8,1,7,25,6,10,135.5,1,0,1,1,1,1,18,0,0,6,8,6,15.18,0,0,6,8,5,11.83,0,7.8,3.1,1.17,Graduate
1,11,4,9070,1,4,158.8,1,23,25,2,10,132.5,1,0,0,1,0,1,21,0,0,6,6,4,14.8,0,0,6,6,6,10,0,10.8,2.7,1.51,Graduate
1,16,4,9070,1,6,156.4,1,21,13,10,8,180.3,0,0,0,1,1,1,20,0,0,6,6,6,11.46,0,0,6,7,5,10.11,0,5.8,1.8,0.04,Graduate
1,10,2,9130,1,4,161.0,1,14,28,2,12,188.0,1,0,0,1,0,0,25,0,0,6,7,0,0,0,0,6,9,1,11.32,0,10.1,3.0,1.33,Dropout
1,9,2,9130,1,5,132.7,1,18,25,3,5,136.0,1,0,0,1,0,0,20,0,0,6,7,5,12.74,0,0,6,7,4,14.99,0,7.0,1.0,0.41,Graduate
1,2,3,9556,1,2,118.4,1,10,10,4,11,165.1,1,0,0,1,1,0,19,0,0,6,6,6,15.35,0,0,6,8,6,16.58,0,8.8,2.5,1.10,Graduate
1,5,1,9853,0,2,167.2,1,25,12,5,2,112.6,1,0,1,1,1,1,26,0,0,6,8,2,11.33,0,0,6,7,1,12.03,0,8.1,1.4,-0.51,Dropout
1,12,2,8014,1,5,169.7,1,12,12,7,11,127.4,0,0,0,1,0,0,20,0,0,6,8,6,15.16,0,0,6,6,4,13.52,0,5.5,1.8,-0.61,Enrolled
1,18,3,9254,1,12,136.7,1,18,29,12,6,176.8,1,0,0,1,1,0,20,0,0,6,8,6,15.49,0,0,6,6,5,13.91,0,10.9,0.7,-0.76,Enrolled
1,4,6,9773,1,13,182.8,1,15,3,11,5,121.9,0,0,0,1,0,0,19,0,0,6,6,4,12.09,0,0,6,8,5,12.45,0,6.8,3.3,-0.77,Graduate
1,15,3,9119,1,7,188.1,1,19,22,11,4,146.0,1,0,0,1,0,1,23,0,0,6,8,6,10.58,0,0,6,6,5,15.73,0,11.4,0.9,1.99,Graduate
2,17,6,9254,1,10,119.8,1,12,19,10,1,119.4,0,0,1,1,0,0,23,0,0,6,6,0,0,0,0,6,7,1,11.73,0,5.2,3.3,-0.36,Dropout
1,17,5,9500,1,3,167.7,1,21,29,11,11,176.8,1,0,0,1,0,0,22,0,0,6,8,5,15.34,0,0,6,8,4,16.9,0,9.2,1.0,1.60,Graduate
1,13,1,9991,1,8,106.4,1,8,22,2,1,168.6,1,0,0,1,1,0,19,0,0,6,6,6,10.3,0,0,6,7,4,12.1,0,7.0,1.7,-0.31,Graduate
1,14,2,9070,1,8,141.3,1,5,3,10,8,112.9,0,0,0,1,1,0,19,0,0,6,7,4,15.82,0,0,6,8,5,10.57,0,6.4,2.6,0.62,Graduate
1,15,5,8014,1,3,138.7,1,3,22,2,4,167.1,1,0,1,1,1,0,23,0,0,6,6,6,11.78,0,0,6,9,4,10.18,0,4.6,0.9,-1.61,Graduate
1,6,1,9119,1,2,145.8,1,1,13,3,7,140.3,0,1,0,1,0,0,20,0,0,6,6,5,11.16,0,0,6,9,6,15.14,0,9.0,3.4,-1.28,Graduate
1,6,6,9853,1,9,113.4,1,1,11,7,2,141.4,1,0,0,1,0,1,18,0,0,6,8,4,16.11,0,0,6,6,6,12.62,0,8.0,1.4,1.45,Graduate
1,18,2,9853,1,1,173.0,1,24,10,5,7,135.2,0,0,0,0,0,0,22,0,0,6,6,0,0,0,0,6,7,0,0,0,5.7,3.1,-0.90,Dropout
1,4,2,9147,1,13,105.8,1,8,4,3,10,111.2,1,0,0,1,1,0,23,0,0,6,7,5,13.72,0,0,6,8,5,16.92,0,10.0,1.9,0.39,Graduate
1,13,3,9556,1,11,118.0,1,13,4,9,7,109.7,1,0,0,1,0,1,20,0,0,6,7,6,15.83,0,0,6,9,4,14.54,0,10.0,0.6,-0.26,Enrolled
1,13,6,9853,1,14,175.5,1,3,12,12,9,172.7,1,0,1,1,1,0,21,0,0,6,7,2,11.03,0,0,6,7,1,11.18,0,6.5,1.0,1.10,Dropout
1,7,1,9556,1,6,101.4,1,15,27,2,6,110.5,0,1,0,1,0,0,21,0,0,6,8,6,15.03,0,0,6,7,5,13.52,0,5.0,1.5,-1.50,Graduate
1,1,1,9254,1,13,162.1,1,2,21,8,1,114.0,1,0,0,0,1,0,20,0,0,6,8,3,10.07,0,0,6,7,2,10.12,0,9.4,0.9,-0.67,Dropout
2,4,1,33,1,14,119.3,1,2,3,5,2,109.3,1,0,0,1,1,1,20,0,0,6,9,5,10.13,0,0,6,7,6,15.7,0,6.8,0.6,-1.19,Enrolled
1,17,4,9119,1,12,182.4,1,2,4,12,10,179.3,0,0,1,1,0,0,21,0,0,6,7,4,10.94,0,0,6,9,4,11.36,0,4.9,2.9,-1.48,Enrolled
1,1,4,171,1,14,166.6,1,23,29,10,2,157.8,1,0,0,1,0,1,22,0,0,6,7,6,15.27,0,0,6,9,4,11.3,0,6.4,1.2,1.32,Enrolled
1,13,1,9238,1,3,172.4,1,3,7,11,9,144.6,1,0,1,0,1,0,28,0,0,6,8,3,11.34,0,0,6,9,0,0,0,10.4,2.6,1.54,Dropout
2,6,3,9070,1,9,174.6,1,16,16,4,3,124.8,1,0,0,1,1,0,21,0,0,6,8,4,10.75,0,0,6,6,4,12.61,0,11.2,3.0,1.22,Graduate
1,3,5,9853,1,2,185.0,1,6,5,12,2,129.6,0,0,0,1,1,0,23,0,0,6,7,4,16.68,0,0,6,8,6,14.23,0,8.5,1.4,0.08,Enrolled
1,6,4,33,1,14,107.8,1,20,22,4,1,153.6,1,0,1,0,1,0,28,0,0,6,7,2,11.1,0,0,6,6,2,11.71,0,6.5,2.1,1.21,Dropout
1,11,1,9773,1,7,111.5,1,28,3,11,9,184.1,1,0,1,0,0,0,23,0,0,6,9,3,12.99,0,0,6,9,0,0,0,7.1,1.4,2.17,Dropout
1,16,4,33,1,12,137.6,1,7,20,8,5,186.3,0,0,0,1,0,0,20,0,0,6,7,2,10.73,0,0,6,8,1,12.85,0,7.7,1.9,1.29,Dropout
1,5,1,9147,1,13,108.8,1,18,18,8,4,104.0,1,0,0,1,1,0,21,0,0,6,9,6,13.35,0,0,6,8,5,13.23,0,8.3,2.3,-0.77,Graduate
1,8,1,9238,1,13,132.9,1,7,25,3,8,136.7,1,0,1,1,1,1,19,0,0,6,6,5,10.98,0,0,6,7,4,16.04,0,4.9,3.4,-0.54,Graduate
1,7,6,9556,1,8,189.8,1,6,28,8,11,131.4,0,0,0,1,1,0,25,0,0,6,8,0,0,0,0,6,9,0,0,0,6.5,0.9,-1.36,Dropout
1,18,1,171,0,3,174.4,1,23,14,2,6,109.0,1,0,0,1,0,0,22,0,0,6,8,6,12.93,0,0,6,8,6,13.77,0,6.1,2.4,-1.62,Enrolled
1,2,5,9130,1,12,159.2,1,6,12,12,2,180.1,1,0,0,0,0,0,23,0,0,6,9,2,12.19,0,0,6,8,2,12.29,0,4.9,1.8,2.25,Dropout
1,15,5,9003,1,6,154.5,1,25,18,9,4,141.0,1,0,0,0,0,0,27,0,0,6,8,2,10.86,0,0,6,8,2,12.58,0,10.9,1.5,1.98,Dropout
1,15,4,9500,1,1,137.9,1,5,11,6,10,114.7,1,0,0,1,0,0,19,0,0,6,7,0,0,0,0,6,9,2,12.4,0,8.8,2.1,2.02,Dropout
1,18,5,9991,1,12,114.9,1,27,24,4,10,159.6,0,0,0,1,0,0,22,0,0,6,6,5,12.88,0,0,6,7,4,14.46,0,11.0,3.0,-1.43,Graduate
1,7,3,33,1,10,182.3,1,21,12,12,3,113.0,1,0,0,1,1,0,19,0,0,6,8,6,12.98,0,0,6,6,5,13.88,0,9.3,2.5,2.22,Graduate
1,12,4,171,1,3,124.5,1,24,29,3,5,101.0,0,0,0,0,1,0,28,0,0,6,6,1,12.41,0,0,6,8,2,10.88,0,9.5,1.9,0.81,Dropout
1,3,6,9853,1,11,142.7,1,5,13,6,10,112.6,0,0,0,1,0,0,21,0,0,6,8,5,16.75,0,0,6,8,5,10.79,0,7.7,2.5,-1.12,Graduate
1,2,3,171,1,12,131.4,1,25,2,1,9,157.6,0,0,0,1,0,0,20,0,0,6,8,6,14.08,0,0,6,8,5,11.37,0,8.3,1.8,1.52,Enrolled
1,11,1,9773,1,14,149.1,1,29,2,10,8,108.9,1,0,0,1,0,1,18,0,0,6,7,6,13.73,0,0,6,8,6,15.86,0,3.9,2.7,1.74,Graduate
1,18,4,9500,1,14,168.3,1,8,16,7,9,168.1,1,0,0,1,0,1,18,0,0,6,9,6,12.43,0,0,6,8,6,14.02,0,7.9,0.7,1.43,Graduate
1,4,3,9085,1,5,183.1,1,27,8,3,8,169.5,1,0,0,1,0,0,21,0,0,6,6,6,11.25,0,0,6,6,4,15.94,0,7.6,0.7,1.07,Graduate
1,18,5,9119,1,11,123.4,1,20,7,6,3,113.6,0,0,0,1,1,0,19,0,0,6,8,6,15.56,0,0,6,9,6,16.79,0,11.0,3.0,0.96,Graduate
1,17,2,9130,1,11,159.4,1,4,20,12,8,129.8,0,0,0,1,1,0,23,0,0,6,7,6,12.77,0,0,6,7,5,15.92,0,11.3,2.2,1.82,Enrolled
2,15,6,9773,1,1,137.2,1,10,20,6,11,104.4,1,0,0,1,0,1,23,0,0,6,6,4,11.24,0,0,6,9,4,16.18,0,9.3,0.6,0.23,Graduate
1,2,1,9773,1,3,125.4,1,9,7,2,10,102.3,1,0,1,0,0,0,21,0,0,6,9,1,10.93,0,0,6,9,1,11.53,0,9.2,3.3,-0.42,Dropout
2,4,4,9070,1,9,144.6,1,5,3,2,6,185.6,0,0,0,1,0,0,18,0,0,6,8,4,15.95,0,0,6,7,4,16.75,0,5.8,2.9,-0.06,Graduate
1,8,1,9085,0,4,100.5,1,22,17,6,12,183.0,0,0,0,1,0,1,23,0,0,6,7,4,14.71,0,0,6,7,6,11.33,0,7.0,1.3,1.50,Graduate
1,18,3,8014,1,1,184.6,1,19,8,8,7,180.3,1,0,0,1,0,0,22,0,0,6,7,5,16.53,0,0,6,9,4,10.69,0,5.3,1.1,-1.60,Graduate
1,17,3,9070,1,5,160.4,1,6,10,2,11,179.7,1,0,0,1,0,0,22,0,0,6,9,4,13.56,0,0,6,9,6,13.37,0,6.3,0.6,-0.04,Enrolled
1,7,5,9085,1,12,156.9,1,24,15,9,2,119.5,0,0,1,1,1,0,24,0,0,6,6,2,12.46,0,0,6,7,1,11.66,0,10.5,2.0,2.17,Dropout
1,7,5,9773,0,14,158.0,1,22,23,7,12,141.7,0,0,1,1,0,0,22,0,0,6,8,0,0,0,0,6,9,0,0,0,9.8,1.9,-1.05,Dropout
1,17,3,9670,1,13,167.8,1,25,5,12,3,147.3,0,0,1,1,0,0,19,0,0,6,6,1,10.66,0,0,6,7,1,10.69,0,5.4,3.4,-0.06,Dropout
1,7,6,9085,1,3,112.1,1,4,8,12,3,135.8,1,0,0,1,1,1,21,0,0,6,8,5,15.63,0,0,6,6,5,16.63,0,10.3,0.7,1.50,Graduate
1,11,1,9070,1,4,119.8,1,17,1,11,11,158.8,0,0,0,1,0,0,19,0,0,6,7,4,12.84,0,0,6,8,5,15.43,0,9.8,1.4,-0.35,Graduate
1,10,1,9773,0,12,153.3,1,2,7,11,10,172.8,1,0,1,1,0,0,18,0,0,6,6,3,12.82,0,0,6,7,1,12.3,0,5.5,3.0,-1.09,Dropout
1,12,3,9238,1,10,117.3,1,6,1,12,6,123.8,1,0,0,1,1,0,20,0,0,6,8,5,14.72,0,0,6,7,6,10.93,0,4.6,1.8,-1.48,Graduate
1,7,6,9670,1,9,169.2,1,20,11,2,4,185.1,1,0,0,1,0,0,22,0,0,6,7,3,10.04,0,0,6,9,0,0,0,10.7,3.4,0.98,Dropout
1,12,2,9773,0,15,125.9,1,12,29,3,7,176.6,0,0,0,1,0,1,21,0,0,6,6,6,15.45,0,0,6,7,5,10.07,0,7.4,0.5,1.89,Enrolled
1,17,2,33,1,14,134.9,1,1,8,9,5,170.1,1,0,0,1,0,0,21,0,0,6,6,5,12.55,0,0,6,6,5,11.29,0,7.4,0.9,1.63,Graduate
1,8,3,9254,1,11,132.8,1,21,23,9,7,163.3,1,0,0,1,1,0,20,0,0,6,9,5,16.87,0,0,6,9,6,10.01,0,6.3,1.6,-0.60,Graduate
1,5,2,9773,1,7,153.2,1,19,23,10,3,158.8,0,0,0,1,0,0,22,0,0,6,7,4,13.36,0,0,6,7,5,14.15,0,8.5,1.2,2.19,Graduate
1,2,5,9556,1,2,105.1,1,26,26,9,12,113.0,1,0,0,1,0,1,22,0,0,6,7,4,14.87,0,0,6,7,4,14.68,0,5.6,1.6,2.23,Graduate
1,15,6,9070,1,13,103.1,1,26,9,12,7,106.4,1,0,1,1,1,0,19,0,0,6,9,3,12.41,0,0,6,9,2,12.46,0,8.1,1.2,1.24,Dropout
1,2,1,9130,1,5,116.9,1,1,25,4,5,119.0,0,0,1,1,0,0,19,0,0,6,8,3,10.41,0,0,6,7,0,0,0,4.7,0.8,-1.50,Dropout
1,4,5,9556,1,9,102.7,1,29,14,9,6,165.7,0,1,0,1,1,0,18,0,0,6,7,3,11.46,0,0,6,8,1,12.64,0,6.3,1.2,-0.23,Dropout
1,6,1,9238,1,8,184.0,1,19,1,12,12,117.7,1,0,1,1,0,0,27,0,0,6,7,1,11.23,0,0,6,7,2,10.84,0,5.4,1.8,1.65,Dropout
1,9,5,9500,0,2,113.0,1,3,28,6,2,152.2,1,0,0,1,0,0,23,0,0,6,7,2,10.65,0,0,6,9,0,0,0,7.6,0.9,0.25,Dropout
1,4,4,9670,0,15,158.8,1,24,3,1,10,158.4,0,0,0,1,0,0,23,0,0,6,8,5,12.72,0,0,6,8,5,14.57,0,7.1,1.1,1.20,Enrolled
1,5,5,171,1,12,134.2,1,19,14,3,11,129.5,0,0,0,1,1,1,22,0,0,6,7,4,10.01,0,0,6,6,4,15.76,0,6.1,2.2,0.36,Enrolled
1,15,2,9254,1,11,141.1,1,7,5,4,8,108.7,1,0,0,1,0,0,20,0,0,6,7,6,14.72,0,0,6,7,6,13.04,0,5.7,1.4,1.06,Graduate
1,12,4,9130,1,12,151.4,1,18,29,2,2,133.2,1,0,0,1,0,1,20,0,0,6,9,6,12.9,0,0,6,6,5,15.89,0,5.1,2.5,1.74,Enrolled
1,6,5,9085,1,7,128.1,1,28,13,5,8,185.3,1,0,0,1,0,1,23,0,0,6,7,4,14.84,0,0,6,7,6,11.18,0,7.4,2.5,1.60,Graduate
1,1,2,9003,1,2,135.4,1,20,21,11,8,113.2,1,0,1,1,0,0,29,0,0,6,8,3,11.55,0,0,6,8,2,12.98,0,11.5,1.8,-0.58,Dropout
2,1,4,171,1,15,156.1,1,26,19,12,12,170.3,1,0,1,1,0,0,26,0,0,6,6,1,10.63,0,0,6,6,2,10.17,0,11.0,0.9,-1.18,Dropout
1,16,2,9130,0,8,158.3,1,24,11,3,6,186.6,0,0,1,1,0,0,18,0,0,6,9,0,0,0,0,6,9,1,10.79,0,8.4,2.2,1.43,Dropout
1,8,1,9119,1,2,127.5,1,23,22,12,11,179.6,0,0,0,1,1,0,18,0,0,6,9,6,13.85,0,0,6,6,4,15.17,0,11.2,2.3,0.85,Graduate
1,1,6,9991,1,7,100.4,1,4,1,11,3,188.0,1,0,0,1,0,0,19,0,0,6,6,5,12.17,0,0,6,9,5,10.31,0,5.6,1.6,1.46,Graduate
1,10,3,9070,1,1,119.1,1,4,11,4,2,167.0,1,0,0,1,0,1,21,0,0,6,7,4,13.38,0,0,6,9,6,11.72,0,6.4,3.1,0.37,Graduate
1,17,2,9670,1,11,100.0,1,27,27,2,5,166.6,1,0,0,1,0,0,22,0,0,6,9,6,14.29,0,0,6,7,5,16.84,0,7.7,3.2,1.11,Graduate
1,13,5,8014,1,13,137.2,1,27,14,6,6,150.3,0,0,0,0,0,0,22,0,0,6,7,1,10.24,0,0,6,9,1,10.38,0,8.8,2.3,0.38,Dropout
1,11,5,9853,1,13,153.1,1,12,1,3,8,125.0,1,0,0,1,1,0,20,0,0,6,6,4,13.99,0,0,6,7,4,13.94,0,7.6,2.8,0.02,Graduate
1,14,5,9085,1,1,163.5,1,26,16,10,10,104.6,1,0,0,1,1,0,20,0,0,6,9,4,15.35,0,0,6,8,5,15.34,0,8.7,0.5,-1.56,Graduate
1,2,4,9147,1,9,174.2,1,29,6,2,8,139.2,1,0,1,1,0,0,27,0,0,6,8,1,12.3,0,0,6,9,2,11.19,0,11.3,1.6,1.20,Dropout
1,11,3,9130,1,4,133.4,1,15,26,9,4,144.7,1,0,0,1,1,0,19,0,0,6,9,4,12.06,0,0,6,9,6,10.82,0,7.6,2.6,1.73,Graduate
1,5,2,9085,0,9,164.3,1,11,3,2,6,108.2,1,0,0,1,1,1,21,0,0,6,8,6,15.09,0,0,6,8,4,16.01,0,6.4,0.5,0.17,Graduate
1,2,1,8014,1,7,113.2,1,17,2,12,11,142.9,1,0,1,0,0,0,27,0,0,6,6,3,10.43,0,0,6,7,2,12.26,0,7.7,0.4,0.15,Dropout
1,15,1,9130,1,7,182.2,1,26,22,1,4,136.3,1,0,1,1,1,0,22,0,0,6,6,6,15.43,0,0,6,8,4,12.89,0,5.5,3.0,-1.04,Graduate
1,14,3,9670,1,1,159.0,1,4,8,6,5,182.9,1,0,0,1,0,1,21,0,0,6,7,4,11.52,0,0,6,8,5,10.51,0,4.5,3.4,-0.81,Enrolled
1,9,5,171,0,12,166.3,1,23,13,5,12,127.7,1,0,0,1,1,0,20,0,0,6,9,5,15.84,0,0,6,9,4,10.22,0,11.5,2.5,-1.26,Graduate
1,12,4,9556,1,11,124.1,1,25,24,4,8,140.2,1,1,0,1,1,0,22,0,0,6,8,2,12.4,0,0,6,7,0,0,0,11.6,1.2,-1.43,Dropout
1,3,2,9853,1,3,147.6,1,17,3,8,5,143.9,1,0,0,1,1,0,19,0,0,6,8,5,10.86,0,0,6,9,5,15.02,0,11.3,2.8,-1.51,Graduate
1,5,5,9500,1,4,105.1,1,3,15,4,7,188.0,1,0,1,0,0,0,18,0,0,6,8,3,10.29,0,0,6,7,2,10.74,0,7.6,2.5,-0.94,Dropout
1,7,4,9003,1,14,137.0,1,8,28,4,3,189.2,1,0,0,0,0,0,26,0,0,6,8,3,11.39,0,0,6,9,1,10.95,0,7.4,1.0,-0.89,Dropout
1,12,1,9130,1,5,116.0,1,18,26,8,4,145.5,1,0,1,1,0,0,20,0,0,6,7,2,10.12,0,0,6,7,0,0,0,8.7,3.3,-0.63,Dropout
1,1,2,9003,1,14,127.1,1,27,10,6,6,106.7,0,0,0,1,0,0,22,0,0,6,8,5,16.34,0,0,6,7,4,11.9,0,8.3,1.9,0.52,Graduate
1,13,4,9254,1,2,119.2,1,26,5,9,7,142.6,1,0,0,1,0,1,21,0,0,6,8,6,16.34,0,0,6,9,4,12.74,0,11.5,1.6,1.95,Graduate
1,14,6,9003,1,14,116.4,1,27,10,3,9,187.8,1,0,0,1,1,0,22,0,0,6,8,6,12.92,0,0,6,9,6,13.43,0,9.8,0.4,-0.71,Enrolled
1,7,3,9670,1,4,144.5,1,22,1,1,12,118.3,1,0,0,0,0,0,22,0,0,6,7,2,10.26,0,0,6,8,1,12.46,0,3.8,1.3,1.61,Dropout
1,8,6,9556,0,15,155.8,1,10,28,7,1,130.1,1,0,1,0,0,0,25,0,0,6,7,3,10.61,0,0,6,7,0,0,0,9.2,3.0,-0.30,Dropout
1,3,3,33,1,5,143.6,1,5,25,4,12,114.4,0,0,1,1,1,0,28,0,0,6,8,0,0,0,0,6,9,0,0,0,4.5,0.9,0.02,Dropout
1,18,1,9500,0,3,122.7,1,11,20,1,7,121.6,1,0,0,1,1,0,23,0,0,6,6,4,13.88,0,0,6,8,4,11.87,0,10.8,2.1,0.01,Graduate
1,4,1,9070,1,6,138.1,1,18,2,8,4,130.4,1,0,0,1,0,0,20,0,0,6,9,4,16.8,0,0,6,7,4,11.61,0,11.0,3.0,1.19,Enrolled
1,18,3,9254,1,9,162.0,1,5,11,8,12,178.0,0,0,0,1,1,0,21,0,0,6,8,6,12.98,0,0,6,9,6,10.96,0,4.0,0.8,-1.24,Enrolled
1,4,5,9500,1,9,151.2,1,5,6,7,10,144.1,1,0,0,1,1,0,20,0,0,6,8,5,16.19,0,0,6,9,5,16.88,0,7.2,3.1,1.22,Graduate
1,15,2,9991,1,5,171.6,1,15,3,8,8,175.6,1,0,0,0,0,0,23,0,0,6,9,2,12.65,0,0,6,6,2,12.07,0,5.8,2.6,0.02,Dropout
1,13,1,9238,1,7,133.0,1,1,18,7,12,161.6,1,0,0,1,0,0,20,0,0,6,6,5,10.31,0,0,6,8,4,12.27,0,10.9,2.7,1.14,Graduate
1,10,5,8014,1,7,174.6,1,24,16,10,3,141.3,0,0,0,1,0,0,18,0,0,6,8,4,16.43,0,0,6,6,6,12.15,0,4.7,3.2,-0.99,Enrolled
1,1,2,8014,0,5,156.2,1,10,13,7,8,123.9,1,0,0,1,1,0,21,0,0,6,9,4,13.16,0,0,6,6,4,10.17,0,8.1,2.6,0.40,Graduate
2,16,5,33,1,11,126.5,1,14,2,7,5,162.6,1,0,0,1,0,0,19,0,0,6,6,5,13.84,0,0,6,9,4,12.76,0,5.9,1.1,0.18,Graduate
1,6,3,171,1,8,109.7,1,18,21,8,12,136.6,1,0,0,1,0,0,23,0,0,6,8,3,11.2,0,0,6,9,0,0,0,11.1,2.3,1.32,Dropout
1,9,6,9991,1,13,150.4,1,18,2,10,12,147.0,0,0,0,1,0,1,22,0,0,6,9,6,15.57,0,0,6,9,4,14.99,0,5.6,2.1,1.11,Enrolled
1,18,2,9070,1,2,147.7,1,13,13,10,2,154.9,1,0,0,1,0,0,20,0,0,6,8,5,15.94,0,0,6,7,6,15.77,0,9.5,3.2,2.16,Graduate
1,13,5,9085,1,9,122.2,1,1,15,3,4,127.5,0,0,0,1,1,0,23,0,0,6,8,5,14.05,0,0,6,8,6,14.72,0,7.0,2.8,1.91,Graduate
1,12,2,9556,1,15,131.6,1,9,23,10,12,149.6,0,0,0,1,1,0,22,0,0,6,6,6,13.26,0,0,6,7,6,12.35,0,5.2,2.3,-1.29,Graduate
1,9,4,9773,1,11,186.0,1,13,19,10,1,156.8,0,0,0,1,1,0,21,0,0,6,7,4,16.72,0,0,6,9,6,14.98,0,9.4,1.4,-0.50,Graduate
1,13,2,9085,1,13,126.1,1,19,3,5,10,183.3,1,0,1,0,0,0,24,0,0,6,7,0,0,0,0,6,6,2,12.83,0,8.3,0.6,-0.83,Dropout
1,8,1,9130,0,13,135.6,1,19,12,4,3,177.1,1,0,0,1,1,1,19,0,0,6,9,4,16.89,0,0,6,6,5,10.27,0,10.9,2.0,0.11,Enrolled
1,7,4,9238,1,4,122.2,1,19,4,5,3,114.6,0,0,0,1,0,0,22,0,0,6,6,4,12,0,0,6,6,4,12.88,0,9.4,2.0,-0.72,Graduate
1,12,1,9085,1,14,139.4,1,27,12,6,5,133.6,0,0,1,1,0,0,19,0,0,6,7,3,11.54,0,0,6,9,0,0,0,11.3,1.7,0.89,Dropout
1,18,5,9085,1,3,118.8,1,14,23,2,3,158.6,0,0,1,0,1,0,20,0,0,6,7,1,11.25,0,0,6,9,1,10.66,0,4.2,2.3,2.12,Dropout
1,8,1,9003,1,15,161.1,1,7,3,4,2,181.1,1,0,1,0,1,0,26,0,0,6,9,2,10.99,0,0,6,7,1,11.51,0,10.7,0.7,0.72,Dropout
2,7,2,9556,1,9,132.3,1,10,27,10,4,142.8,1,0,1,1,1,0,25,0,0,6,8,0,0,0,0,6,9,1,10.95,0,5.1,3.0,-0.68,Dropout
2,17,6,171,1,13,139.7,1,12,13,11,4,123.8,1,0,1,1,0,0,24,0,0,6,7,3,12.09,0,0,6,9,2,11.24,0,6.4,2.0,-0.76,Dropout
1,17,5,9070,1,9,139.0,1,29,4,7,3,174.9,0,0,1,1,0,1,22,0,0,6,8,2,11.87,0,0,6,9,0,0,0,3.7,0.6,0.29,Dropout
1,6,5,9853,1,1,130.6,1,17,2,9,5,119.9,0,0,0,1,1,0,21,0,0,6,9,6,16.82,0,0,6,7,6,16.2,0,8.2,2.6,2.21,Graduate
1,9,1,9070,1,3,121.5,1,17,2,9,10,124.8,1,0,0,1,0,0,21,0,0,6,8,4,14.28,0,0,6,7,5,15.84,0,9.6,2.3,0.79,Enrolled
1,14,1,9238,1,15,183.7,1,11,12,2,7,163.3,1,0,1,0,1,0,19,0,0,6,9,3,10.57,0,0,6,8,1,10.1,0,7.9,2.6,0.38,Dropout
1,6,3,9085,1,4,134.0,1,5,9,2,6,120.8,0,0,1,1,1,0,19,0,0,6,7,2,11.94,0,0,6,7,2,11.59,0,3.7,0.7,0.55,Dropout
2,1,6,9991,1,6,111.5,1,6,12,5,8,159.4,0,0,0,1,1,0,23,0,0,6,6,4,14.8,0,0,6,9,4,14.51,0,7.0,0.9,0.03,Enrolled
1,10,4,9130,1,8,120.8,1,14,7,3,1,183.6,1,0,0,1,0,0,21,0,0,6,8,4,10.44,0,0,6,6,6,14.57,0,5.9,2.6,-0.75,Graduate
1,9,6,9670,1,13,153.4,1,16,6,4,4,168.6,0,0,0,0,0,0,21,0,0,6,7,0,0,0,0,6,6,0,0,0,7.8,2.1,1.67,Dropout
1,10,2,9991,1,2,111.0,1,26,14,2,11,146.5,0,0,0,1,0,1,21,0,0,6,7,5,11.27,0,0,6,7,4,13.93,0,10.9,2.4,0.72,Graduate
1,7,2,33,0,12,183.9,1,5,22,7,6,117.6,1,0,0,1,0,0,23,0,0,6,9,5,12.97,0,0,6,8,6,14.09,0,11.1,1.3,0.11,Graduate
1,9,2,9500,1,5,178.5,1,11,7,6,11,123.3,0,0,1,1,0,1,21,0,0,6,6,6,16.1,0,0,6,9,4,10.97,0,5.5,2.8,-0.50,Graduate
1,6,5,9003,1,9,112.2,1,12,7,11,7,157.4,0,0,0,1,0,0,20,0,0,6,9,4,11.66,0,0,6,9,4,15.87,0,5.3,1.3,1.13,Graduate
1,6,6,9853,1,10,158.9,1,6,26,3,6,144.9,0,0,0,1,1,1,22,0,0,6,7,4,15.39,0,0,6,9,4,14.63,0,8.4,2.2,-1.68,Graduate
1,14,6,9773,1,12,126.4,1,27,13,8,1,163.3,0,0,1,0,0,0,20,0,0,6,9,2,10.75,0,0,6,7,1,12.88,0,3.7,1.0,0.95,Dropout
2,11,3,9119,1,13,151.2,1,12,5,1,10,120.3,1,0,0,1,1,0,18,0,0,6,8,4,13.67,0,0,6,9,5,13.96,0,10.5,0.6,-1.07,Graduate
1,2,1,9853,1,14,159.6,1,2,6,7,6,168.6,1,0,1,0,0,0,18,0,0,6,9,3,11.12,0,0,6,6,1,10.89,0,10.9,1.9,-0.75,Dropout
2,13,5,9085,1,11,137.6,1,22,28,10,9,171.3,1,0,0,1,0,1,19,0,0,6,6,5,11.81,0,0,6,7,5,11.23,0,11.3,1.9,-0.51,Graduate
1,14,6,9853,0,15,135.8,1,26,27,9,4,100.6,1,0,0,1,0,1,23,0,0,6,6,6,14.69,0,0,6,6,4,13.29,0,3.9,1.0,-1.38,Graduate
1,17,3,9003,0,7,110.5,1,27,6,6,8,162.3,1,0,0,1,1,0,18,0,0,6,7,4,13.7,0,0,6,6,4,12.78,0,9.0,1.1,1.58,Graduate
1,12,1,33,1,4,101.3,1,16,6,10,7,174.8,0,0,0,1,0,0,29,0,0,6,9,1,10.01,0,0,6,8,0,0,0,6.3,1.7,1.56,Dropout
2,12,3,8014,1,13,146.3,1,25,7,12,12,164.6,1,0,1,1,1,0,21,0,0,6,7,3,11.92,0,0,6,9,2,12.2,0,6.1,1.1,1.36,Dropout
2,5,4,9070,0,12,131.9,1,22,26,7,8,132.0,0,0,0,1,1,0,18,0,0,6,7,6,16.91,0,0,6,7,6,15.64,0,4.0,0.5,-0.06,Enrolled
1,12,4,9254,1,6,124.5,1,24,16,10,7,188.4,0,0,0,1,0,0,22,0,0,6,6,4,10.67,0,0,6,6,6,11.11,0,4.0,1.0,-0.97,Graduate
1,8,3,33,1,8,102.4,1,24,28,8,10,138.3,1,0,0,1,0,0,23,0,0,6,7,4,11.08,0,0,6,6,5,13.24,0,6.3,2.3,0.42,Graduate
1,11,2,9500,1,13,159.4,1,4,18,5,11,185.3,0,0,0,1,1,0,18,0,0,6,9,6,15.4,0,0,6,9,6,12.74,0,9.6,1.5,-1.05,Graduate
1,2,6,9991,0,15,132.6,1,10,1,12,3,167.2,1,0,0,1,0,0,22,0,0,6,9,6,15.97,0,0,6,7,4,13.09,0,6.8,2.9,-0.30,Enrolled
1,11,6,9556,1,12,151.1,1,20,17,8,11,133.9,0,0,0,1,0,0,22,0,0,6,7,4,14.02,0,0,6,6,6,11.27,0,5.8,1.8,1.11,Graduate
1,4,6,9085,1,13,170.7,1,17,6,7,5,107.4,0,0,0,1,0,0,19,0,0,6,6,5,14.61,0,0,6,8,6,14.14,0,4.5,2.9,0.77,Enrolled
1,4,4,9853,1,14,107.9,1,10,13,10,5,122.2,1,0,0,1,0,0,19,0,0,6,8,4,15.71,0,0,6,8,5,16.11,0,5.8,3.0,0.02,Graduate
1,3,6,9254,0,9,182.4,1,21,10,5,8,155.4,0,0,1,1,0,0,24,0,0,6,9,1,12.69,0,0,6,9,2,10.91,0,6.5,0.5,0.37,Dropout
1,10,6,8014,0,13,103.3,1,8,1,6,3,177.4,1,0,0,1,0,0,22,0,0,6,6,5,10.3,0,0,6,8,6,15.26,0,4.5,2.2,0.73,Graduate
1,16,5,9070,1,3,169.9,1,29,1,1,10,128.8,0,0,1,0,1,0,18,0,0,6,8,3,12.99,0,0,6,7,2,12.28,0,10.9,1.1,-1.25,Dropout
1,6,6,9670,1,7,131.9,1,19,24,2,11,170.1,1,0,0,1,0,0,22,0,0,6,8,6,11.52,0,0,6,7,4,12.53,0,3.7,3.2,-0.26,Graduate
1,1,3,33,1,7,178.4,1,8,14,9,8,189.9,0,0,0,0,1,1,26,0,0,6,9,0,0,0,0,6,8,2,11.43,0,8.1,1.0,-0.40,Dropout
2,14,5,9119,1,9,151.4,1,28,9,6,8,167.1,1,0,1,0,1,0,25,0,0,6,6,2,11.64,0,0,6,8,1,10.07,0,10.1,1.8,-0.50,Dropout
1,17,5,8014,1,12,131.6,1,5,16,10,3,143.6,1,0,0,1,1,0,18,0,0,6,6,6,12.19,0,0,6,8,6,13.5,0,5.6,1.8,0.82,Graduate
1,7,6,9147,1,5,171.7,1,13,20,7,10,165.3,1,1,0,1,0,0,27,0,0,6,6,1,10.23,0,0,6,6,2,12.28,0,7.5,0.7,0.56,Dropout
1,4,4,33,1,5,120.3,1,4,18,12,11,164.8,1,0,0,1,0,0,18,0,0,6,8,5,15.17,0,0,6,8,6,11.82,0,11.4,1.0,2.29,Graduate
2,2,6,9003,1,13,187.1,1,12,28,4,6,147.2,0,0,1,1,0,0,20,0,0,6,7,5,16.06,0,0,6,8,4,12.22,0,7.0,1.0,0.12,Graduate
1,14,4,9003,0,4,129.1,1,6,14,3,11,100.1,1,0,1,1,1,0,24,0,0,6,9,1,10.6,0,0,6,7,1,12.45,0,6.3,2.9,1.72,Dropout
1,5,2,9130,1,1,149.8,1,26,26,12,8,160.5,0,0,0,1,0,0,20,0,0,6,8,6,13.41,0,0,6,9,5,15.86,0,10.2,2.3,-0.38,Enrolled
1,8,3,9853,1,4,112.3,1,26,20,9,11,134.5,1,0,0,1,0,0,22,0,0,6,7,6,13.84,0,0,6,9,4,15.42,0,6.3,2.7,1.26,Graduate
1,4,3,9003,1,10,101.4,1,1,28,5,8,117.2,1,0,0,1,0,0,18,0,0,6,6,5,14.1,0,0,6,7,5,10.96,0,10.7,2.6,0.87,Enrolled
1,10,6,9670,1,3,146.7,1,19,3,3,9,184.2,1,0,1,0,0,0,27,0,0,6,7,1,10.66,0,0,6,9,1,10.05,0,5.5,2.6,1.86,Dropout
1,9,3,9853,1,11,179.9,1,15,8,9,11,140.2,0,0,0,1,0,0,21,0,0,6,9,6,14.37,0,0,6,8,5,11.59,0,7.0,0.5,1.66,Enrolled
1,3,2,9556,0,12,118.4,1,14,7,4,1,127.9,1,0,0,1,1,0,19,0,0,6,7,5,13.65,0,0,6,6,5,10.85,0,11.2,0.8,1.27,Graduate
1,8,3,9238,1,1,137.8,1,19,17,6,7,109.1,1,0,0,1,0,0,20,0,0,6,6,5,13.93,0,0,6,8,5,15.63,0,11.5,1.7,0.13,Graduate
1,13,6,9238,1,3,144.9,1,1,4,11,4,149.5,0,0,1,1,0,0,21,0,0,6,8,6,13.36,0,0,6,7,5,14.26,0,11.0,0.8,1.40,Graduate
1,18,2,9238,1,12,164.6,1,5,24,2,9,130.1,1,0,0,1,0,0,19,0,0,6,7,6,13.71,0,0,6,9,5,12.57,0,7.2,0.5,-0.59,Graduate
2,4,6,9991,1,6,137.7,1,7,28,11,8,187.3,1,0,0,1,1,0,19,0,0,6,6,4,15.19,0,0,6,6,4,16.13,0,10.3,3.1,1.13,Graduate
1,6,3,9147,1,9,135.0,1,13,10,6,7,132.3,0,1,0,1,0,1,23,0,0,6,6,4,16.53,0,0,6,6,4,12.97,0,4.6,0.9,-0.88,Graduate
1,10,4,9070,1,3,149.4,1,27,2,10,12,135.8,0,0,0,1,1,0,23,0,0,6,7,6,12.07,0,0,6,7,6,12.61,0,8.3,1.2,2.21,Graduate
1,6,6,8014,1,10,115.4,1,1,14,7,3,177.6,1,0,0,1,0,0,21,0,0,6,7,5,11.64,0,0,6,8,5,11.6,0,6.8,1.1,-1.59,Graduate
1,17,4,9773,0,3,122.5,1,23,9,2,1,127.8,1,0,0,1,0,0,18,0,0,6,9,1,10.63,0,0,6,7,0,0,0,4.7,2.1,-0.26,Dropout
1,4,4,9670,1,14,135.8,1,24,3,10,2,166.9,1,0,0,1,0,0,28,0,0,6,7,0,0,0,0,6,6,0,0,0,6.0,0.5,0.57,Dropout
1,1,4,171,1,6,164.1,1,25,8,4,10,138.2,1,0,0,1,1,1,20,0,0,6,9,4,13.73,0,0,6,7,4,11.36,0,8.9,0.5,1.19,Enrolled
1,5,5,9130,1,4,181.2,1,22,13,10,6,131.8,0,0,0,1,0,0,22,0,0,6,6,5,15.61,0,0,6,8,5,13.76,0,8.0,1.0,0.96,Graduate
1,8,6,9556,1,9,148.9,1,6,19,10,12,123.2,0,0,0,1,0,0,20,0,0,6,8,4,16.82,0,0,6,7,4,12.81,0,11.3,2.1,0.58,Enrolled
1,15,4,9991,1,8,111.1,1,21,8,10,2,118.3,1,0,0,1,1,0,20,0,0,6,9,6,11.01,0,0,6,8,5,13.08,0,8.9,2.8,1.66,Enrolled
1,17,5,171,1,15,182.3,1,25,2,2,7,103.8,0,0,0,1,0,1,18,0,0,6,9,6,12.71,0,0,6,8,4,13.64,0,5.1,3.1,1.01,Graduate
1,18,3,9773,1,7,112.5,1,21,14,12,12,124.8,0,0,1,0,0,0,26,0,0,6,8,3,11.19,0,0,6,8,1,11.43,0,8.0,3.3,0.05,Dropout
1,5,1,9991,1,10,118.6,1,14,25,4,7,111.8,1,0,0,1,0,0,22,0,0,6,7,6,14.99,0,0,6,9,4,13.71,0,6.5,2.2,0.15,Enrolled
2,2,2,9670,1,3,157.3,1,11,23,6,4,158.5,0,0,0,1,0,0,19,0,0,6,9,5,16.68,0,0,6,7,5,10.73,0,4.5,1.6,2.05,Graduate
1,5,6,9238,1,2,185.6,1,22,27,1,5,129.7,1,0,0,1,0,1,29,0,0,6,7,1,12.58,0,0,6,9,0,0,0,11.3,2.1,-0.49,Dropout
1,4,6,9070,1,3,139.0,1,1,20,12,4,107.6,0,0,0,1,1,1,23,0,0,6,7,6,15.04,0,0,6,9,5,14.07,0,9.7,3.0,-0.44,Graduate
1,9,4,33,1,12,188.4,1,28,22,10,10,131.6,1,0,0,1,1,0,21,0,0,6,7,4,16.61,0,0,6,9,6,13.64,0,7.7,2.2,0.99,Graduate
1,7,1,9130,1,5,162.4,1,12,4,8,6,165.8,1,0,0,1,0,0,23,0,0,6,9,5,11.01,0,0,6,7,5,12.98,0,6.1,2.5,2.08,Graduate
1,2,5,9254,1,13,148.5,1,14,15,1,6,123.0,1,0,1,0,0,0,27,0,0,6,7,1,10.71,0,0,6,7,0,0,0,6.9,1.0,-1.46,Dropout
1,4,2,33,1,8,150.0,1,27,14,2,11,152.3,1,0,0,1,0,1,23,0,0,6,7,5,13.46,0,0,6,9,4,15.82,0,9.3,3.3,0.40,Enrolled
1,6,5,171,1,3,189.1,1,21,29,8,10,106.7,0,0,1,1,1,0,24,0,0,6,6,3,11.53,0,0,6,6,0,0,0,10.4,2.0,1.70,Dropout
1,18,6,8014,1,5,134.3,1,28,17,2,9,152.1,0,0,0,1,0,0,23,0,0,6,8,1,10.71,0,0,6,9,2,12.86,0,9.3,1.2,0.25,Dropout
2,2,2,9003,1,9,105.0,1,5,12,11,1,142.7,0,0,0,1,1,1,21,0,0,6,9,5,12.07,0,0,6,8,4,16.68,0,10.7,0.8,1.68,Graduate
1,3,6,9500,1,5,106.7,1,18,16,5,7,125.6,1,0,0,0,0,0,25,0,0,6,9,1,11.59,0,0,6,7,2,12.42,0,9.0,3.1,0.15,Dropout
1,4,3,9147,1,11,168.4,1,27,28,4,5,189.7,1,0,0,1,1,0,22,0,0,6,7,4,16.3,0,0,6,8,5,14.1,0,8.2,1.5,-0.52,Graduate
1,11,1,9147,1,9,176.9,1,20,8,12,9,128.9,1,0,0,0,0,0,27,0,0,6,7,0,0,0,0,6,8,0,0,0,8.2,2.7,1.37,Dropout
1,7,2,9556,1,9,162.7,1,27,25,10,2,117.1,1,0,0,1,0,0,18,0,0,6,7,4,11.77,0,0,6,6,6,12.07,0,6.4,2.2,0.88,Graduate
1,18,5,9147,1,13,109.2,1,25,3,3,3,186.1,1,0,0,1,0,0,20,0,0,6,9,4,13.07,0,0,6,8,4,12.26,0,7.4,1.5,1.10,Graduate
1,13,4,9147,1,15,140.4,1,22,11,11,5,160.4,1,0,0,1,1,1,23,0,0,6,6,4,11.05,0,0,6,9,4,10.02,0,9.2,3.1,-0.27,Graduate
1,2,3,9853,1,10,141.7,1,29,13,7,12,165.5,0,0,0,1,1,1,19,0,0,6,7,5,13.81,0,0,6,9,5,16.98,0,9.6,2.8,0.53,Enrolled
1,9,5,9070,1,14,173.2,1,21,11,6,3,103.3,0,0,1,1,0,1,23,0,0,6,7,1,12.93,0,0,6,7,1,11.99,0,11.5,2.4,-0.78,Dropout
1,13,3,9556,1,12,145.1,1,27,11,5,12,169.2,0,0,1,1,0,0,21,0,0,6,6,5,15.33,0,0,6,6,5,13.86,0,11.5,1.0,-0.70,Enrolled
1,6,4,9119,1,12,118.0,1,19,7,2,12,120.8,0,0,1,1,1,0,24,0,0,6,9,3,12.7,0,0,6,8,1,10.43,0,3.9,2.7,0.60,Dropout
1,7,6,8014,1,7,100.3,1,6,28,9,12,104.8,1,0,1,0,1,0,21,0,0,6,8,0,0,0,0,6,9,1,11.13,0,7.3,2.7,-0.31,Dropout
1,10,1,9147,1,8,126.4,1,25,12,7,4,110.8,0,0,0,1,1,1,18,0,0,6,8,0,0,0,0,6,7,0,0,0,4.6,2.8,-1.40,Dropout
2,16,2,9991,1,15,122.7,1,17,27,4,3,173.3,1,0,0,0,0,0,25,0,0,6,9,1,10.8,0,0,6,8,1,10.02,0,9.0,0.9,1.07,Dropout
1,14,1,9670,1,13,136.9,1,2,1,1,2,176.5,1,0,0,1,0,0,20,0,0,6,7,4,14.08,0,0,6,8,5,15.07,0,6.8,2.1,-0.80,Graduate
1,14,6,9070,1,13,168.5,1,15,29,1,5,140.5,0,0,0,1,0,1,28,0,0,6,6,0,0,0,0,6,6,1,11.02,0,4.0,0.8,-0.08,Dropout
1,13,3,9991,1,11,151.6,1,8,26,7,11,147.1,1,0,1,0,0,0,21,0,0,6,8,0,0,0,0,6,8,0,0,0,4.7,2.3,1.52,Dropout
1,15,3,9119,1,14,188.2,1,17,26,10,5,111.2,1,0,0,1,0,0,22,0,0,6,8,6,14.79,0,0,6,8,5,13.79,0,4.4,0.8,-0.54,Enrolled
1,4,2,9254,1,15,136.6,1,12,27,4,6,187.1,1,0,0,1,0,0,20,0,0,6,7,4,10.57,0,0,6,6,5,10.32,0,11.0,1.2,0.64,Graduate
1,4,6,171,1,2,157.8,1,16,24,1,12,186.1,1,1,0,1,1,1,20,0,0,6,6,4,11.08,0,0,6,7,4,16.97,0,7.2,1.3,1.66,Graduate
1,4,6,9556,1,6,100.1,1,21,13,10,4,153.3,0,0,0,1,0,0,22,0,0,6,8,6,12.18,0,0,6,9,5,16.58,0,10.8,2.5,0.80,Graduate
1,5,5,9670,1,14,115.3,1,4,1,2,12,133.9,0,0,0,1,0,0,23,0,0,6,8,6,10.81,0,0,6,9,4,15.94,0,7.7,3.1,-1.07,Graduate
1,15,3,33,1,2,158.0,1,5,10,4,1,129.2,1,0,0,1,1,0,23,0,0,6,8,5,16.82,0,0,6,8,4,13.48,0,4.5,1.5,-0.97,Graduate
1,11,4,9238,1,15,134.7,1,2,6,1,5,181.3,1,0,0,1,1,0,21,0,0,6,9,2,12.1,0,0,6,7,0,0,0,4.1,1.9,-1.41,Dropout
1,10,6,9773,1,5,123.0,1,4,5,1,3,152.5,1,0,0,1,0,0,19,0,0,6,7,2,12.62,0,0,6,6,1,12.93,0,11.0,0.6,0.15,Dropout
1,16,1,8014,1,10,112.7,1,18,26,8,1,122.4,0,0,0,1,0,0,20,0,0,6,9,4,16.15,0,0,6,6,5,13.78,0,10.6,2.5,-0.16,Graduate
1,16,6,9003,1,11,179.3,1,13,29,1,12,142.3,1,0,0,1,0,0,23,0,0,6,6,4,16.18,0,0,6,9,5,13.43,0,6.7,3.1,-1.26,Graduate
1,14,1,9670,1,2,184.5,1,16,17,3,4,180.8,1,0,0,1,0,0,20,0,0,6,7,0,0,0,0,6,9,2,12.06,0,5.7,1.2,1.08,Dropout
2,9,5,9773,1,10,108.3,1,1,5,10,7,178.6,1,0,0,1,0,1,19,0,0,6,9,4,15.12,0,0,6,9,4,13.85,0,4.4,2.2,-0.32,Graduate
1,4,5,9238,0,10,156.8,1,7,11,8,1,137.6,1,0,0,1,1,0,21,0,0,6,9,5,15.49,0,0,6,6,4,12.47,0,4.6,2.0,2.02,Graduate
1,9,5,9238,1,10,124.3,1,16,23,6,1,109.9,1,0,0,1,1,0,19,0,0,6,6,3,10.18,0,0,6,6,0,0,0,7.6,1.0,-0.03,Dropout
1,10,1,9070,0,8,130.2,1,3,1,4,6,111.5,1,0,0,1,0,0,20,0,0,6,6,6,14.66,0,0,6,9,4,12.16,0,10.7,3.1,-0.17,Graduate
1,10,4,9003,1,3,157.3,1,9,24,10,4,118.9,1,0,0,1,1,0,23,0,0,6,9,2,11.9,0,0,6,7,2,10.79,0,4.7,1.7,-1.56,Dropout
1,9,1,9773,1,5,173.8,1,8,5,5,4,188.1,1,0,0,1,0,1,22,0,0,6,7,6,10.66,0,0,6,8,4,10.14,0,4.9,0.9,0.77,Graduate
1,8,5,9991,1,8,132.4,1,26,3,1,10,100.0,1,0,1,0,0,0,24,0,0,6,6,2,10.85,0,0,6,7,0,0,0,5.4,1.6,-0.11,Dropout
1,1,2,9556,1,2,102.5,1,2,7,6,12,185.5,0,0,0,1,0,0,23,0,0,6,9,2,10.9,0,0,6,6,0,0,0,9.0,2.1,2.29,Dropout
1,15,6,9130,1,8,154.1,1,25,8,2,6,181.8,0,1,0,1,1,0,23,0,0,6,9,5,15.24,0,0,6,6,6,15.22,0,9.1,2.2,0.62,Enrolled
1,4,4,9130,1,10,142.0,1,22,24,10,3,128.5,1,0,1,0,0,0,20,0,0,6,8,2,12.08,0,0,6,6,0,0,0,9.3,2.8,-0.74,Dropout
1,2,2,9130,1,11,110.7,1,17,10,8,1,169.7,0,0,0,1,0,0,18,0,0,6,7,5,13.54,0,0,6,9,4,13.1,0,6.9,0.5,1.44,Enrolled
1,9,3,9670,1,9,121.6,1,2,21,6,10,114.2,1,0,0,1,0,1,20,0,0,6,6,4,15.16,0,0,6,7,4,15.33,0,9.6,2.1,0.67,Enrolled
2,3,6,9254,1,3,167.8,1,12,22,2,4,137.4,1,0,0,1,1,0,22,0,0,6,6,5,10.6,0,0,6,7,5,11.96,0,4.9,2.0,-0.06,Graduate
1,10,1,9773,1,6,183.5,1,15,2,9,10,143.9,0,0,0,1,1,0,18,0,0,6,6,4,10.29,0,0,6,7,4,10.69,0,8.7,2.2,0.83,Enrolled
1,15,5,9254,1,10,100.5,1,23,7,8,2,141.3,0,0,0,0,1,0,25,0,0,6,9,2,12.66,0,0,6,8,0,0,0,7.3,1.5,0.66,Dropout
1,7,2,9556,1,5,163.6,1,27,28,6,11,153.2,1,0,0,1,0,1,19,0,0,6,7,5,13.23,0,0,6,6,5,11.15,0,10.9,3.0,0.09,Graduate
1,12,5,9119,1,11,155.3,1,23,15,9,1,174.3,1,0,0,1,1,0,20,0,0,6,8,4,14.64,0,0,6,9,6,10.33,0,7.8,2.8,-0.89,Graduate
1,10,5,9147,1,8,178.0,1,24,14,7,6,172.5,0,1,0,1,1,0,19,0,0,6,7,0,0,0,0,6,8,2,10.25,0,10.5,3.4,-0.47,Dropout
1,6,4,9500,1,14,176.0,1,18,9,11,4,142.0,1,0,1,1,1,0,19,0,0,6,7,1,12.08,0,0,6,6,2,12.65,0,4.4,2.7,1.57,Dropout
2,8,6,9853,1,13,120.7,1,7,23,4,3,158.5,0,0,0,1,0,0,21,0,0,6,8,6,15.02,0,0,6,8,5,14.28,0,8.3,3.0,0.28,Graduate
1,4,1,9130,1,3,178.8,1,5,21,4,7,147.9,1,0,0,1,0,0,21,0,0,6,6,6,15.05,0,0,6,6,5,11.05,0,6.4,3.0,0.45,Graduate
1,5,1,9119,1,4,132.9,1,9,16,4,7,189.5,1,0,1,1,1,0,18,0,0,6,6,5,12.73,0,0,6,9,6,11.79,0,10.2,1.6,2.16,Enrolled
1,1,1,8014,1,11,110.6,1,5,1,11,5,146.6,0,0,1,1,0,0,25,0,0,6,7,2,11.79,0,0,6,6,2,11.88,0,5.7,1.0,1.35,Dropout
1,16,1,9853,1,5,144.1,1,5,3,7,7,117.7,1,0,0,1,0,0,20,0,0,6,6,4,15.38,0,0,6,7,4,15.99,0,9.6,2.6,1.19,Graduate
1,13,4,9254,1,2,173.9,1,16,6,2,3,150.3,1,0,0,1,1,1,23,0,0,6,9,5,16.25,0,0,6,9,6,14.73,0,4.7,0.6,1.56,Graduate
2,17,6,9773,1,3,150.0,1,22,9,2,4,147.3,1,0,0,1,0,1,18,0,0,6,6,4,10.78,0,0,6,6,5,10.52,0,10.6,1.0,-0.55,Graduate
2,16,5,9991,0,4,116.8,1,2,20,7,6,153.8,1,0,0,1,1,1,19,0,0,6,6,6,15.02,0,0,6,8,6,14.2,0,6.4,0.7,-1.48,Graduate
1,13,2,9773,1,10,147.6,1,10,12,6,11,175.6,1,0,1,1,0,0,29,0,0,6,7,1,11.26,0,0,6,7,1,12.97,0,5.4,3.3,0.91,Dropout
1,7,4,9853,1,14,157.7,1,1,7,11,8,132.7,1,0,0,1,1,0,18,0,0,6,9,4,16.5,0,0,6,7,4,11.65,0,8.9,1.2,0.14,Graduate
1,1,6,8014,0,12,148.7,1,6,9,11,8,144.2,1,0,0,1,1,0,19,0,0,6,7,4,13.43,0,0,6,7,5,10.93,0,6.9,3.3,-0.04,Graduate
1,17,1,9238,1,12,182.9,1,25,17,8,8,137.9,1,0,0,1,0,0,21,0,0,6,7,5,11.69,0,0,6,7,5,11.69,0,7.9,0.5,0.15,Enrolled
1,12,1,9670,1,10,189.5,1,2,22,4,6,114.0,1,0,0,1,0,0,19,0,0,6,6,2,12.52,0,0,6,6,2,12.52,0,5.4,1.0,1.58,Dropout
1,11,3,9254,1,4,169.7,1,11,4,4,5,145.6,1,0,0,1,1,1,23,0,0,6,6,5,14.21,0,0,6,7,4,13.4,0,10.1,2.8,2.02,Graduate
1,10,1,9254,1,15,160.0,1,29,24,5,4,184.5,0,0,0,1,1,0,26,0,0,6,8,1,11.27,0,0,6,7,2,11.19,0,11.4,2.3,-1.07,Dropout
1,9,1,9130,1,4,134.2,1,6,8,9,10,187.6,0,0,0,1,0,0,22,0,0,6,6,5,15.24,0,0,6,8,5,14.16,0,8.9,1.9,0.06,Graduate
1,5,3,9003,1,15,154.0,1,7,23,4,8,181.9,0,0,0,1,0,0,18,0,0,6,7,6,12.53,0,0,6,7,5,12.54,0,4.8,1.2,1.50,Enrolled
1,9,2,9556,1,3,146.4,1,25,11,1,8,167.3,1,0,0,1,1,0,21,0,0,6,7,4,11.63,0,0,6,9,4,12.41,0,4.3,1.0,-1.34,Graduate
1,17,6,9556,1,11,176.8,1,13,12,2,2,183.3,0,0,1,1,0,0,18,0,0,6,7,5,12.51,0,0,6,9,4,12.41,0,6.4,2.9,-0.09,Graduate
1,1,1,9500,1,8,159.9,1,4,15,9,10,187.6,1,0,1,1,0,0,26,0,0,6,7,2,12.9,0,0,6,6,1,10.67,0,9.7,0.4,2.14,Dropout
1,15,1,9130,0,8,131.9,1,27,29,1,7,174.0,0,0,0,1,1,0,22,0,0,6,6,4,12.43,0,0,6,6,4,14.23,0,11.0,1.8,1.62,Enrolled
1,2,1,9500,1,9,173.3,1,19,2,8,4,146.1,1,0,1,1,0,0,23,0,0,6,6,5,15.01,0,0,6,7,5,12.96,0,7.2,0.7,1.61,Graduate
1,11,4,9254,1,7,161.9,1,24,13,10,4,125.0,1,0,0,1,0,0,20,0,0,6,7,4,14.31,0,0,6,8,4,12.63,0,8.2,1.5,-0.94,Graduate
1,17,5,9238,1,11,144.0,1,27,27,2,2,146.6,0,0,0,1,0,0,18,0,0,6,9,5,12.73,0,0,6,8,4,12.94,0,5.5,0.8,1.27,Enrolled
1,8,3,9556,1,3,158.9,1,10,9,3,11,164.2,1,0,1,1,0,0,22,0,0,6,7,6,12.83,0,0,6,9,4,10.27,0,10.0,0.9,-1.67,Graduate
1,3,4,9070,1,7,139.3,1,11,27,4,6,117.1,0,0,0,1,0,1,19,0,0,6,6,4,14.38,0,0,6,9,6,12.37,0,10.9,2.3,1.65,Graduate
1,8,3,9500,1,8,104.4,1,20,26,12,2,145.8,1,0,1,0,1,0,26,0,0,6,8,2,10.6,0,0,6,7,0,0,0,10.4,3.4,-1.13,Dropout
2,9,4,9238,1,6,110.4,1,12,3,12,1,104.4,1,0,0,1,0,0,19,0,0,6,7,2,10.14,0,0,6,8,2,12.39,0,6.2,2.1,0.85,Dropout
2,9,5,9003,1,1,109.3,1,23,17,12,2,101.2,1,0,0,1,0,0,19,0,0,6,7,4,13.35,0,0,6,9,6,11.36,0,6.1,2.3,1.62,Graduate
1,12,2,9130,0,12,179.6,1,10,12,9,9,109.1,1,0,0,1,0,1,18,0,0,6,6,6,10.61,0,0,6,6,5,11.79,0,8.4,2.5,-0.85,Graduate
1,14,5,9147,1,14,142.3,1,24,3,3,9,157.2,1,0,0,1,1,1,20,0,0,6,7,5,13.25,0,0,6,6,4,11.08,0,6.9,3.0,-1.66,Graduate
1,16,6,9853,1,15,119.6,1,9,18,10,7,176.0,1,0,1,1,0,0,26,0,0,6,7,2,12.39,0,0,6,8,0,0,0,10.0,0.9,2.12,Dropout
1,3,6,9773,1,15,128.3,1,23,1,7,8,115.6,0,0,0,1,0,0,22,0,0,6,9,4,10.24,0,0,6,9,6,12.87,0,9.1,2.5,0.16,Graduate
1,12,5,9991,1,1,153.7,1,1,9,12,4,157.5,0,0,0,1,1,1,18,0,0,6,6,5,11.85,0,0,6,8,5,11.53,0,7.3,1.5,-0.99,Graduate
2,12,5,9670,1,1,139.4,1,24,29,9,11,119.1,0,0,0,0,0,0,24,0,0,6,7,3,10.28,0,0,6,6,1,11.56,0,5.3,2.9,1.17,Dropout
1,9,1,9254,0,15,180.6,1,25,20,4,1,117.5,1,0,0,0,1,0,25,0,0,6,8,1,12,0,0,6,8,1,11.36,0,6.9,1.8,1.06,Dropout
1,8,1,9991,1,5,129.3,1,26,25,1,9,115.3,0,0,0,1,0,0,20,0,0,6,8,5,11.95,0,0,6,6,6,10.99,0,7.7,2.0,-1.16,Graduate
1,15,2,9070,1,11,116.6,1,14,5,4,7,179.3,1,0,0,1,1,0,23,0,0,6,7,4,11.68,0,0,6,9,5,10.42,0,6.4,1.0,-1.65,Graduate
1,5,1,9003,0,8,179.9,1,21,21,1,9,101.1,1,0,0,1,1,0,20,0,0,6,6,3,12,0,0,6,7,1,11.57,0,9.8,2.6,-0.52,Dropout
1,8,4,8014,1,11,147.0,1,4,27,2,5,176.5,1,0,0,1,0,0,18,0,0,6,8,6,14.9,0,0,6,6,5,11.63,0,6.5,2.2,0.83,Graduate
1,5,6,9238,1,9,167.2,1,11,16,10,7,101.1,1,0,0,1,1,1,20,0,0,6,7,4,13.94,0,0,6,7,5,13.75,0,11.5,1.3,0.62,Graduate
2,14,6,171,1,13,135.0,1,10,25,2,9,104.4,1,0,0,1,1,0,18,0,0,6,9,6,15.95,0,0,6,8,5,12.82,0,10.8,1.8,0.67,Graduate
1,8,1,9773,1,6,102.8,1,3,3,11,6,142.9,0,0,0,1,1,0,18,0,0,6,6,6,16.28,0,0,6,8,5,13.17,0,4.5,3.4,1.15,Graduate
1,13,3,9556,1,14,123.6,1,25,14,3,8,137.0,0,0,0,1,1,0,22,0,0,6,7,6,13.31,0,0,6,6,4,14.07,0,8.0,0.6,1.96,Graduate
1,18,5,9853,1,4,168.0,1,27,23,3,9,142.5,0,0,0,1,1,1,19,0,0,6,9,5,14.77,0,0,6,7,6,15.89,0,11.4,1.3,0.54,Enrolled
2,9,4,9991,1,10,126.7,1,22,15,7,10,131.6,0,0,0,1,0,1,21,0,0,6,9,5,14.56,0,0,6,8,6,10.89,0,9.8,1.6,2.19,Graduate
1,16,2,9853,1,11,105.8,1,9,19,5,4,131.5,1,0,0,1,1,0,19,0,0,6,6,4,15.68,0,0,6,7,5,10.48,0,6.0,2.5,-0.80,Graduate
1,16,2,9991,1,5,132.9,1,26,13,9,7,104.9,1,0,0,1,1,0,21,0,0,6,6,0,0,0,0,6,7,0,0,0,4.1,0.8,2.09,Dropout
1,2,6,9991,1,11,176.7,1,2,3,11,9,184.0,1,0,0,1,1,0,19,0,0,6,6,4,14.99,0,0,6,9,6,12.44,0,10.9,2.6,0.64,Graduate
1,17,1,9085,1,15,104.1,1,1,14,3,11,168.5,1,0,1,0,0,0,26,0,0,6,6,1,11.3,0,0,6,7,0,0,0,6.4,0.6,-0.22,Dropout
1,11,3,33,1,14,131.2,1,28,24,1,6,175.2,0,0,0,1,1,0,20,0,0,6,8,6,14.42,0,0,6,6,4,12.75,0,9.2,1.6,0.08,Graduate
1,5,1,9556,1,11,154.2,1,24,16,1,8,127.2,0,0,1,1,0,0,19,0,0,6,6,3,11.39,0,0,6,8,2,12.53,0,5.4,3.4,-1.67,Dropout
1,12,5,9254,1,2,162.4,1,2,17,2,9,172.6,1,0,1,0,1,0,22,0,0,6,8,1,11.51,0,0,6,8,2,10.28,0,4.4,3.1,1.48,Dropout
2,1,6,9670,1,2,178.4,1,11,4,8,1,105.8,0,0,0,1,1,0,18,0,0,6,9,5,16.8,0,0,6,8,5,15.35,0,7.4,2.9,-1.36,Graduate
2,8,1,9085,1,6,162.9,1,19,25,5,4,167.3,0,1,0,1,1,0,23,0,0,6,6,2,12.47,0,0,6,6,1,10.36,0,10.7,2.3,-0.69,Dropout
1,1,4,9773,0,9,122.0,1,3,26,12,5,187.2,0,0,1,0,0,0,20,0,0,6,8,0,0,0,0,6,7,0,0,0,6.7,2.7,1.06,Dropout
1,16,4,9773,1,9,159.0,1,8,7,6,4,155.5,1,0,1,0,0,0,24,0,0,6,7,0,0,0,0,6,8,0,0,0,8.7,2.8,-0.79,Dropout
1,9,2,9238,1,8,181.5,1,9,1,4,11,150.7,1,0,0,1,0,0,20,0,0,6,8,6,10.08,0,0,6,8,4,10.84,0,8.2,2.3,0.71,Graduate
1,12,4,9003,1,8,126.6,1,28,12,6,5,188.0,1,0,0,0,0,0,21,0,0,6,9,2,12.99,0,0,6,8,1,11.34,0,10.4,3.3,2.14,Dropout
1,15,5,9070,1,5,145.4,1,3,15,6,12,188.3,1,0,0,1,1,0,21,0,0,6,7,4,15.85,0,0,6,8,6,16.85,0,10.1,0.6,0.79,Graduate
1,2,5,9254,1,3,151.3,1,9,6,11,3,109.8,1,0,0,1,1,0,27,0,0,6,8,0,0,0,0,6,9,2,12.66,0,4.1,0.9,0.87,Dropout
1,17,4,9119,1,13,147.1,1,28,1,10,2,148.9,0,0,0,1,0,0,24,0,0,6,6,0,0,0,0,6,7,0,0,0,9.3,2.0,0.67,Dropout
1,11,3,9238,1,14,180.8,1,7,4,6,9,169.6,0,0,0,1,1,0,19,0,0,6,6,5,10.43,0,0,6,6,5,12.49,0,8.3,2.0,0.88,Enrolled
1,4,6,9991,1,1,111.1,1,17,28,6,1,174.2,1,0,0,1,1,0,22,0,0,6,7,6,10.47,0,0,6,8,6,10.09,0,7.8,0.5,0.67,Enrolled
1,11,2,9130,0,15,107.0,1,8,26,9,6,115.9,1,0,0,1,1,0,26,0,0,6,9,1,11.12,0,0,6,7,2,12.27,0,4.1,1.6,0.77,Dropout
1,12,1,171,1,15,154.6,1,6,13,10,7,143.4,1,0,0,1,0,0,22,0,0,6,6,6,10.16,0,0,6,9,5,10.14,0,4.2,1.1,1.04,Graduate
1,6,1,9853,1,3,165.4,1,10,3,6,9,134.4,1,0,0,1,0,0,21,0,0,6,6,6,13.43,0,0,6,7,5,10.88,0,3.8,0.5,0.10,Graduate
1,1,2,171,1,10,169.7,1,17,4,1,3,152.8,0,0,1,1,0,0,26,0,0,6,6,0,0,0,0,6,6,1,10.56,0,9.1,2.7,-0.73,Dropout
1,4,2,9773,1,13,105.6,1,25,14,5,3,177.4,1,0,0,1,1,0,23,0,0,6,9,6,15.51,0,0,6,6,6,11.9,0,4.8,1.4,0.22,Enrolled
1,5,6,9991,1,9,141.9,1,10,1,10,3,100.1,0,0,0,1,1,0,18,0,0,6,6,4,11.7,0,0,6,9,5,12.65,0,10.3,2.7,0.15,Graduate
2,14,4,171,1,5,120.7,1,25,1,8,12,141.3,1,0,0,1,0,0,22,0,0,6,6,6,11.36,0,0,6,7,6,10.72,0,4.1,1.5,-0.18,Graduate
1,8,3,9254,1,9,169.1,1,20,14,2,3,122.5,1,0,0,0,1,0,28,0,0,6,7,3,10.29,0,0,6,6,2,10.75,0,5.2,2.7,0.90,Dropout
1,18,5,9853,1,4,128.0,1,6,21,2,8,101.8,0,0,0,1,1,1,18,0,0,6,6,1,11.07,0,0,6,8,2,10.51,0,6.3,1.5,-1.26,Dropout
1,6,5,9085,1,14,161.8,1,26,2,6,2,189.6,1,0,1,1,0,1,27,0,0,6,7,3,11.02,0,0,6,7,0,0,0,3.7,2.1,-0.67,Dropout
1,7,1,171,1,5,152.3,1,10,6,5,9,140.5,1,0,1,1,0,1,21,0,0,6,8,1,10.17,0,0,6,9,2,12.6,0,9.6,3.0,2.12,Dropout
1,15,3,9670,1,13,175.3,1,25,2,3,3,106.1,1,0,0,1,1,0,19,0,0,6,9,6,10.63,0,0,6,6,5,11.98,0,10.0,0.4,0.27,Graduate
1,13,5,9147,1,14,145.6,1,15,26,12,11,165.8,1,0,1,1,1,0,19,0,0,6,8,1,12.21,0,0,6,9,1,10.91,0,9.0,3.2,0.76,Dropout
2,15,5,9556,1,8,136.7,1,4,1,7,9,110.1,1,0,1,0,0,0,23,0,0,6,9,1,10.2,0,0,6,7,0,0,0,5.9,0.9,-0.25,Dropout
1,12,3,9853,1,10,117.0,1,1,26,6,4,130.7,0,0,0,1,0,0,19,0,0,6,8,4,10.56,0,0,6,9,6,14.73,0,8.6,1.9,1.45,Graduate
1,1,6,9853,1,12,107.7,1,7,19,11,3,110.1,1,0,0,1,0,1,20,0,0,6,8,5,11.08,0,0,6,6,5,15.99,0,4.8,3.0,-1.46,Graduate
1,5,3,9853,1,3,186.2,1,3,20,3,7,173.3,0,0,1,1,0,0,23,0,0,6,6,1,11.81,0,0,6,9,0,0,0,5.5,1.6,-0.33,Dropout
1,8,3,171,1,7,115.3,1,29,7,11,11,130.5,1,0,0,1,0,0,21,0,0,6,8,5,16,0,0,6,6,4,11.8,0,6.5,0.6,-1.06,Graduate
1,13,5,9130,1,8,131.8,1,5,14,8,10,145.1,1,0,0,1,1,0,22,0,0,6,7,5,11.44,0,0,6,7,5,13.09,0,4.2,1.9,-0.06,Graduate
1,2,2,9003,1,15,179.1,1,3,22,12,1,136.5,0,0,0,1,0,0,22,0,0,6,8,6,15.26,0,0,6,8,5,10.57,0,7.4,1.0,0.88,Graduate
1,5,5,9070,1,3,122.6,1,16,24,11,11,103.7,0,0,0,1,0,0,20,0,0,6,8,6,16.6,0,0,6,6,5,10.03,0,4.1,0.6,0.65,Graduate
1,9,3,9556,1,7,106.2,1,4,20,12,3,189.4,1,0,0,1,0,0,22,0,0,6,6,6,11.78,0,0,6,9,4,11.33,0,3.7,1.4,-0.46,Graduate
1,3,6,9130,0,8,158.9,1,13,3,7,7,146.1,1,0,1,1,0,0,29,0,0,6,9,0,0,0,0,6,8,0,0,0,4.3,0.7,-1.08,Dropout
1,2,4,8014,1,5,180.3,1,20,26,3,6,154.0,0,0,0,0,0,0,29,0,0,6,8,0,0,0,0,6,8,0,0,0,8.6,0.6,0.35,Dropout
1,17,6,9147,1,6,165.3,1,25,5,1,10,168.1,1,0,0,1,0,0,18,0,0,6,9,4,10.84,0,0,6,7,4,16.76,0,10.8,2.7,0.98,Enrolled
1,8,2,9085,1,14,136.7,1,14,25,3,4,171.3,0,0,0,1,1,0,19,0,0,6,7,6,11.02,0,0,6,6,6,14.29,0,4.2,0.4,2.22,Graduate
1,16,6,9556,1,4,141.9,1,28,20,5,10,164.1,1,0,0,1,0,1,18,0,0,6,7,6,10.19,0,0,6,8,5,16.73,0,7.5,1.0,-1.64,Enrolled
2,4,6,9773,1,7,130.2,1,15,17,12,7,135.0,1,0,0,1,1,0,19,0,0,6,7,6,15.82,0,0,6,8,4,14.11,0,4.7,1.3,-1.59,Graduate
1,5,5,9670,1,13,180.3,1,26,11,11,10,101.4,1,0,0,1,0,0,22,0,0,6,6,6,11.84,0,0,6,7,6,11.8,0,10.4,1.4,-0.71,Graduate
1,9,3,9670,1,2,163.8,1,21,8,5,11,110.1,0,0,0,0,0,0,27,0,0,6,6,3,10.38,0,0,6,9,2,11.98,0,10.5,1.6,0.62,Dropout
1,5,5,9254,1,3,134.5,1,11,4,6,7,131.2,1,0,0,1,0,0,20,0,0,6,6,4,15.84,0,0,6,6,6,12.28,0,10.8,1.2,0.10,Enrolled
1,15,5,9670,1,7,138.0,1,18,11,3,11,103.1,0,0,0,1,1,0,19,0,0,6,7,2,12.35,0,0,6,7,2,10.68,0,4.0,2.9,-1.64,Dropout
1,17,5,9670,0,6,187.2,1,3,4,2,11,125.5,1,0,0,1,0,0,22,0,0,6,8,4,13.08,0,0,6,8,6,10.94,0,7.4,1.7,-1.35,Graduate
1,14,5,9130,1,8,154.7,1,22,29,5,1,118.1,1,0,0,0,0,0,24,0,0,6,7,1,12.3,0,0,6,9,1,12.26,0,4.5,2.3,-1.01,Dropout
1,7,2,9254,1,4,100.0,1,4,19,8,10,141.8,1,0,0,1,0,0,21,0,0,6,7,0,0,0,0,6,7,1,10.05,0,8.6,0.9,0.57,Dropout
1,8,3,9003,1,15,169.0,1,25,19,2,1,185.2,1,0,0,1,0,0,25,0,0,6,8,0,0,0,0,6,6,1,10.8,0,8.8,2.5,-0.73,Dropout
1,17,2,33,0,4,132.7,1,4,19,5,4,142.2,1,0,0,0,1,0,25,0,0,6,6,2,11.3,0,0,6,6,2,11.53,0,8.8,3.3,1.30,Dropout
1,17,2,171,1,5,185.3,1,24,17,11,12,142.7,1,0,0,1,0,0,21,0,0,6,8,4,11.34,0,0,6,6,6,15.71,0,11.6,2.6,1.40,Enrolled
1,8,5,33,1,10,148.4,1,8,21,1,10,184.6,1,0,0,1,0,0,22,0,0,6,6,4,11.75,0,0,6,7,4,10.97,0,6.6,3.1,0.10,Enrolled
1,13,4,9130,0,14,142.8,1,17,11,12,3,144.4,0,0,0,1,0,0,23,0,0,6,8,5,14.68,0,0,6,8,4,14.66,0,9.6,1.7,-1.43,Graduate
1,1,1,9003,1,15,144.4,1,29,1,6,9,177.2,1,0,0,1,0,0,19,0,0,6,6,4,16.25,0,0,6,7,5,11.44,0,5.3,1.2,-1.23,Graduate
2,11,6,33,1,11,131.6,1,16,10,9,6,176.5,1,0,0,1,1,0,19,0,0,6,7,6,10.67,0,0,6,8,6,13.06,0,4.4,2.7,0.02,Graduate
1,17,5,9085,1,15,132.1,1,23,6,2,12,188.2,1,0,1,1,0,0,21,0,0,6,9,2,12.75,0,0,6,7,1,12.16,0,5.4,1.5,1.25,Dropout
1,18,2,9556,1,3,122.8,1,20,14,6,10,164.9,1,0,0,1,0,0,19,0,0,6,7,6,15.86,0,0,6,6,6,13.96,0,4.9,1.2,1.91,Graduate
2,13,2,9991,0,12,124.0,1,14,17,10,2,111.2,1,0,1,0,0,0,26,0,0,6,6,3,12.37,0,0,6,7,0,0,0,11.2,1.1,-0.32,Dropout
1,13,2,8014,1,11,142.2,1,26,22,4,4,123.1,1,0,0,1,0,0,19,0,0,6,8,6,10.11,0,0,6,9,6,11.25,0,10.1,3.4,-0.32,Graduate
1,13,2,9003,1,3,121.6,1,12,27,11,9,112.4,0,0,0,0,1,0,28,0,0,6,8,2,10.66,0,0,6,6,2,12.93,0,10.7,2.1,2.07,Dropout
2,13,4,9556,0,3,123.0,1,5,5,10,1,176.6,0,0,0,1,0,1,22,0,0,6,9,6,10.87,0,0,6,9,5,16.12,0,5.8,3.2,1.17,Graduate
1,13,5,9500,1,5,147.4,1,18,10,3,3,109.2,1,0,0,1,0,0,23,0,0,6,7,6,16.7,0,0,6,7,5,11.57,0,9.0,1.6,1.10,Graduate
1,11,2,9085,1,1,119.5,1,27,16,4,10,183.9,0,0,0,1,0,1,21,0,0,6,6,6,13.7,0,0,6,7,5,10.99,0,8.4,3.3,-1.42,Graduate
1,18,6,9500,1,5,174.1,1,17,9,5,2,147.2,0,0,0,1,0,0,21,0,0,6,8,4,10.18,0,0,6,6,5,14.42,0,11.4,2.2,0.83,Graduate
1,10,4,9853,1,4,103.2,1,12,20,4,11,131.3,1,0,1,1,0,1,18,0,0,6,8,1,10.11,0,0,6,6,1,10.59,0,5.4,2.0,2.26,Dropout
1,4,5,9085,1,7,134.4,1,14,24,2,10,150.9,1,0,0,1,1,0,19,0,0,6,8,5,16.27,0,0,6,6,5,12.52,0,11.5,2.5,-1.16,Graduate
1,12,2,9003,1,2,160.1,1,19,4,11,9,114.7,1,0,1,1,0,1,21,0,0,6,8,4,10.08,0,0,6,8,6,12.45,0,8.6,1.7,2.14,Graduate
1,5,2,9130,1,10,173.8,1,23,12,12,6,114.6,1,0,0,1,0,0,22,0,0,6,9,1,10.93,0,0,6,9,0,0,0,11.3,1.3,-0.10,Dropout
2,18,3,33,0,15,160.2,1,16,26,4,9,115.2,0,0,0,1,0,0,18,0,0,6,9,5,12.92,0,0,6,9,6,11.65,0,4.6,3.0,0.84,Graduate
1,12,2,9773,0,5,100.1,1,11,21,11,5,165.8,0,0,1,1,0,0,19,0,0,6,6,3,10.61,0,0,6,9,2,12.43,0,6.1,2.6,1.68,Dropout
1,3,1,9119,0,7,114.7,1,20,8,10,10,107.4,0,0,0,0,0,0,29,0,0,6,9,1,11.41,0,0,6,9,2,10.51,0,5.5,2.0,-0.76,Dropout
1,6,4,9853,1,2,101.5,1,4,5,8,7,126.1,1,0,1,0,0,0,28,0,0,6,6,0,0,0,0,6,8,1,10.24,0,11.3,0.6,-0.95,Dropout
1,4,6,9070,0,15,132.1,1,2,2,2,10,138.6,1,0,0,1,0,1,18,0,0,6,7,5,13.52,0,0,6,7,6,11.87,0,7.5,2.1,-0.17,Graduate
1,2,5,9670,1,2,151.6,1,19,17,5,9,105.9,0,0,0,1,0,1,20,0,0,6,6,5,15.88,0,0,6,7,4,15.31,0,10.0,0.9,0.50,Graduate
2,9,3,9556,1,15,152.2,1,15,27,3,10,143.8,1,0,0,1,0,0,21,0,0,6,6,5,16.33,0,0,6,9,5,11.22,0,9.8,0.7,-1.09,Graduate
1,2,2,9853,1,13,179.8,1,11,11,2,2,110.7,0,1,0,1,0,0,22,0,0,6,9,5,14.01,0,0,6,9,6,11.86,0,4.1,1.9,0.99,Graduate
1,13,1,9130,1,8,148.5,1,6,20,4,11,187.8,1,0,0,1,1,0,20,0,0,6,9,6,12.13,0,0,6,7,5,14.73,0,7.5,1.9,-1.23,Graduate
2,4,4,9991,1,1,182.4,1,14,14,12,3,151.6,0,0,1,1,1,0,23,0,0,6,9,4,14.9,0,0,6,6,4,11.64,0,7.0,0.5,-0.95,Enrolled
1,18,5,9085,1,14,157.1,1,22,3,9,4,157.1,1,0,1,0,0,0,21,0,0,6,6,1,10.13,0,0,6,7,2,11.63,0,8.7,1.5,0.26,Dropout
2,6,5,9147,1,6,132.8,1,3,8,3,7,138.9,0,0,0,1,0,0,20,0,0,6,8,4,11.87,0,0,6,6,6,12.95,0,8.4,2.6,0.25,Graduate
1,4,5,9147,1,8,169.4,1,23,15,11,7,102.5,0,0,0,1,1,0,19,0,0,6,6,5,12.09,0,0,6,6,5,15.6,0,9.2,3.4,-0.09,Graduate
1,7,6,9500,1,12,102.3,1,12,23,8,6,103.6,0,0,0,0,0,0,20,0,0,6,8,3,12.13,0,0,6,6,1,10.52,0,7.8,0.6,2.00,Dropout
1,11,4,9500,0,6,148.1,1,5,21,3,4,157.3,1,0,0,1,1,0,19,0,0,6,6,5,12.92,0,0,6,9,6,15.4,0,8.7,0.7,0.31,Enrolled
1,2,6,9119,1,2,148.8,1,21,1,9,3,170.3,1,0,0,1,1,0,20,0,0,6,6,6,11.24,0,0,6,7,4,12.96,0,9.1,1.8,1.91,Graduate
1,2,2,9070,1,8,170.4,1,14,1,5,10,102.6,1,0,0,1,0,0,23,0,0,6,8,6,11.37,0,0,6,7,6,12.46,0,4.4,0.9,1.14,Enrolled
1,18,2,9147,1,10,184.4,1,4,20,8,9,138.9,0,0,0,1,0,0,21,0,0,6,8,6,10.62,0,0,6,9,5,12.77,0,7.0,1.9,1.66,Enrolled
1,14,3,9991,1,8,178.5,1,8,17,3,9,103.3,1,0,0,0,0,0,23,0,0,6,9,1,10.88,0,0,6,7,1,11.23,0,4.4,2.9,0.59,Dropout
1,2,1,9556,1,14,144.0,1,6,20,2,9,144.3,1,0,0,1,0,0,23,0,0,6,9,6,16.5,0,0,6,8,5,10.57,0,6.2,1.0,1.71,Graduate
1,5,1,9130,1,5,111.3,1,21,25,11,8,134.1,1,0,0,1,1,0,20,0,0,6,6,5,15.63,0,0,6,6,4,14.57,0,4.2,0.4,-1.52,Graduate
1,17,5,9130,1,6,116.8,1,27,6,5,5,179.7,1,0,0,1,0,0,20,0,0,6,6,6,15.8,0,0,6,6,6,13.59,0,10.4,0.8,0.60,Enrolled
1,18,1,9670,1,13,157.3,1,16,7,3,5,137.2,1,0,1,0,0,1,19,0,0,6,9,2,11.03,0,0,6,6,0,0,0,7.5,1.4,1.72,Dropout
2,13,5,9853,1,8,149.0,1,21,15,10,7,146.7,1,0,1,1,0,0,22,0,0,6,8,6,12.75,0,0,6,9,4,10.34,0,4.7,3.3,2.10,Graduate
1,3,2,9130,1,4,103.3,1,21,25,10,2,176.0,1,0,0,1,0,0,18,0,0,6,9,5,12.5,0,0,6,7,5,16.22,0,7.0,1.7,-0.65,Enrolled
2,8,2,171,1,14,167.4,1,18,10,6,2,110.9,1,0,0,1,1,1,23,0,0,6,7,5,10.89,0,0,6,9,5,13.6,0,10.1,1.1,-0.72,Graduate
1,12,5,33,1,12,145.2,1,21,22,7,4,118.2,0,0,0,1,0,1,23,0,0,6,6,6,14.71,0,0,6,9,4,10.57,0,4.3,1.6,0.50,Enrolled
1,12,1,9991,1,10,153.8,1,3,23,4,1,119.2,1,0,0,1,0,0,22,0,0,6,7,0,0,0,0,6,7,2,10.61,0,5.6,0.5,-0.95,Dropout
1,5,3,9238,1,15,121.7,1,28,3,5,7,158.0,0,0,0,0,0,0,20,0,0,6,6,2,12.84,0,0,6,9,1,12.52,0,6.6,1.9,-1.47,Dropout
1,8,2,9003,1,1,153.3,1,16,24,5,12,160.6,1,0,1,1,0,0,21,0,0,6,6,2,12.33,0,0,6,7,2,12.37,0,7.2,0.7,-1.12,Dropout
1,17,6,171,1,6,116.0,1,1,15,7,9,182.3,0,0,1,1,0,0,22,0,0,6,7,5,12.25,0,0,6,8,5,16.51,0,8.2,0.9,2.27,Graduate
1,5,1,9670,0,9,136.2,1,12,6,10,9,119.1,1,0,0,1,0,0,18,0,0,6,7,5,11.57,0,0,6,8,4,15.1,0,3.8,0.5,-1.14,Enrolled
1,18,1,33,1,5,185.7,1,16,19,3,7,151.6,1,0,0,1,0,0,21,0,0,6,7,4,16.89,0,0,6,8,6,12.29,0,5.6,0.6,-1.67,Graduate
1,7,4,33,1,10,132.8,1,5,23,7,11,114.3,0,0,0,1,1,1,18,0,0,6,9,4,13.42,0,0,6,7,6,14.18,0,8.9,2.5,1.30,Graduate
1,1,3,9147,1,14,119.6,1,9,11,2,10,181.5,0,0,0,0,0,0,26,0,0,6,8,1,11.71,0,0,6,8,1,10.16,0,7.1,0.5,0.95,Dropout
1,1,2,9130,1,9,125.9,1,22,12,5,12,189.0,0,0,0,1,0,1,20,0,0,6,7,4,10.59,0,0,6,6,5,15.62,0,10.2,1.0,1.51,Enrolled
1,13,4,9991,1,4,125.7,1,4,28,11,6,141.9,1,0,0,1,1,0,23,0,0,6,6,6,14.83,0,0,6,8,4,16.53,0,10.6,0.9,0.83,Graduate
2,9,1,171,0,9,133.9,1,24,7,9,9,134.6,0,0,0,1,1,0,22,0,0,6,7,6,12.12,0,0,6,6,5,14.98,0,8.3,3.0,1.34,Graduate
1,7,4,8014,1,11,148.3,1,7,25,12,10,121.3,1,0,0,1,1,0,20,0,0,6,7,5,16.4,0,0,6,9,6,14.28,0,7.0,1.7,-0.34,Graduate
1,18,3,9147,1,5,127.6,1,14,24,1,5,189.0,0,0,0,1,0,0,21,0,0,6,7,5,14.27,0,0,6,8,4,11.32,0,3.7,1.9,1.28,Graduate
2,2,2,9085,1,4,170.1,1,14,24,2,5,112.2,1,0,0,1,0,0,23,0,0,6,9,5,14.92,0,0,6,8,5,11.77,0,11.4,2.6,2.27,Enrolled
1,17,6,9130,1,11,152.1,1,19,29,8,10,167.4,1,0,0,1,0,0,18,0,0,6,6,4,13.05,0,0,6,8,4,12.67,0,4.5,0.5,-1.35,Graduate
1,14,5,171,1,13,167.5,1,4,8,6,3,168.1,0,0,0,1,0,1,23,0,0,6,9,4,14.69,0,0,6,6,6,11.25,0,10.6,1.4,0.03,Enrolled
1,12,2,9119,1,3,112.4,1,17,14,1,6,140.5,1,0,0,1,0,0,19,0,0,6,8,4,15.61,0,0,6,7,6,15.49,0,4.1,1.7,-0.20,Graduate
1,5,2,171,1,2,180.9,1,9,14,9,11,186.5,1,0,0,1,0,0,19,0,0,6,6,5,13.04,0,0,6,9,4,14.82,0,8.9,1.9,1.01,Graduate
1,4,5,9773,1,14,173.0,1,8,26,7,9,124.7,1,0,0,1,0,0,19,0,0,6,8,5,16.3,0,0,6,6,4,15.92,0,10.5,1.4,2.09,Graduate
1,10,1,8014,1,7,121.2,1,10,4,5,2,181.5,1,0,0,1,1,0,20,0,0,6,6,5,11.28,0,0,6,7,5,10.31,0,7.6,1.5,-1.64,Enrolled
1,12,3,9773,1,3,123.8,1,28,12,5,12,103.2,0,0,0,1,0,0,23,0,0,6,7,5,14.41,0,0,6,8,4,16.75,0,7.0,1.2,1.43,Enrolled
1,10,1,9130,1,4,140.8,1,14,12,6,1,176.8,1,0,0,1,1,1,18,0,0,6,6,4,15.63,0,0,6,8,6,12.54,0,10.6,1.8,-0.53,Enrolled
2,2,3,9773,1,4,130.6,1,24,9,5,12,189.3,1,0,0,1,0,0,22,0,0,6,8,0,0,0,0,6,8,1,12.58,0,7.7,2.8,1.90,Dropout
1,17,4,9147,0,11,126.1,1,16,8,8,12,148.1,0,0,0,1,0,0,23,0,0,6,6,4,15.66,0,0,6,7,4,16.69,0,7.4,2.5,-1.07,Graduate
1,8,2,33,1,8,128.6,1,18,24,3,10,189.8,0,0,0,1,0,1,19,0,0,6,9,4,10.33,0,0,6,7,6,14.79,0,3.7,2.9,-0.90,Graduate
1,12,4,9070,1,9,174.4,1,28,16,9,9,136.4,1,0,0,1,1,1,22,0,0,6,7,5,10.73,0,0,6,8,6,13,0,4.9,1.4,-1.65,Enrolled
1,15,5,9070,1,11,157.4,1,9,20,8,5,126.5,1,0,0,1,0,0,20,0,0,6,6,6,16.2,0,0,6,8,4,11.2,0,7.0,1.3,1.86,Graduate
1,12,6,9991,0,3,118.3,1,24,7,9,1,141.5,0,0,1,1,0,0,21,0,0,6,8,3,10.36,0,0,6,9,0,0,0,10.7,1.0,-0.32,Dropout
1,18,6,9991,1,2,112.3,1,22,6,7,5,144.6,0,0,0,1,1,0,20,0,0,6,9,4,16.6,0,0,6,6,4,12.03,0,5.2,1.9,1.96,Graduate
1,5,6,9853,1,13,147.9,1,4,8,12,6,127.2,1,0,1,1,0,0,19,0,0,6,9,3,11.33,0,0,6,8,1,12.68,0,10.6,0.9,2.26,Dropout
1,5,2,9773,1,8,105.0,1,3,1,2,12,175.4,0,0,0,1,1,0,19,0,0,6,7,5,13.42,0,0,6,7,6,14.31,0,4.4,0.7,-0.87,Graduate
1,11,5,9070,1,5,181.5,1,16,2,9,1,110.7,0,0,0,1,0,0,21,0,0,6,8,5,12.46,0,0,6,7,6,16.4,0,10.3,0.5,1.22,Graduate
1,11,4,9991,1,13,162.9,1,4,19,12,7,101.9,0,0,0,1,0,0,23,0,0,6,7,4,10.01,0,0,6,9,6,11.32,0,7.1,2.0,0.43,Graduate
1,15,5,9085,1,5,169.7,1,13,27,2,2,101.7,1,0,0,1,1,0,23,0,0,6,6,4,13.82,0,0,6,9,5,15.84,0,4.6,0.6,0.60,Enrolled
1,5,4,9085,1,5,177.4,1,29,24,7,2,180.1,1,0,0,1,1,0,21,0,0,6,9,4,10.56,0,0,6,6,6,14.7,0,8.8,2.6,0.13,Graduate
2,3,3,8014,1,3,162.8,1,18,14,9,11,116.4,0,0,0,1,1,0,19,0,0,6,8,6,13.35,0,0,6,8,6,11.06,0,8.6,1.2,-1.13,Graduate
1,11,6,171,1,3,106.6,1,20,27,7,11,150.3,0,0,0,1,0,0,20,0,0,6,7,4,11.85,0,0,6,7,4,12.53,0,5.9,1.0,-1.15,Enrolled
1,5,1,9085,1,15,165.4,1,19,23,10,10,131.3,0,0,0,1,1,0,20,0,0,6,8,4,13.87,0,0,6,9,4,12.49,0,4.6,3.1,-1.31,Enrolled
1,8,1,9853,0,3,122.3,1,17,15,9,4,164.5,1,0,0,1,1,0,21,0,0,6,9,4,14.29,0,0,6,6,5,14.44,0,7.9,2.3,0.27,Enrolled
1,7,2,33,1,12,110.0,1,22,3,12,11,138.6,1,0,0,1,0,1,19,0,0,6,9,6,16.52,0,0,6,7,5,10.5,0,7.0,2.4,-1.63,Graduate
1,8,4,9670,1,10,182.9,1,20,7,7,10,164.3,1,0,0,1,1,0,19,0,0,6,6,4,11.88,0,0,6,6,4,16.36,0,7.6,0.7,-0.04,Graduate
1,15,6,9119,1,7,143.0,1,19,1,12,2,166.6,0,0,0,1,1,0,21,0,0,6,6,2,11.58,0,0,6,7,0,0,0,11.4,0.9,-0.60,Dropout
1,14,1,9853,1,11,139.5,1,20,17,6,2,130.8,1,0,0,1,1,0,19,0,0,6,8,2,10.87,0,0,6,6,0,0,0,5.6,1.9,1.57,Dropout
1,7,1,9991,1,15,160.7,1,15,19,2,3,125.5,1,0,0,1,0,0,24,0,0,6,9,1,12.71,0,0,6,9,1,12.2,0,10.9,1.3,1.46,Dropout
1,9,5,171,1,7,139.1,1,7,15,2,1,163.5,1,0,0,1,0,0,29,0,0,6,7,3,10.32,0,0,6,8,2,11.87,0,7.0,2.0,-0.41,Dropout
1,3,2,9238,1,1,162.1,1,17,23,8,11,129.9,1,0,0,1,0,0,19,0,0,6,7,5,11.9,0,0,6,6,5,13.83,0,6.2,2.6,0.14,Graduate
1,12,5,9853,1,4,156.2,1,7,13,7,12,161.6,1,0,0,1,0,0,19,0,0,6,7,5,16.65,0,0,6,8,4,11.18,0,8.5,3.1,-1.50,Graduate
1,8,5,9003,1,1,173.1,1,9,7,3,10,155.2,1,0,0,1,1,0,18,0,0,6,9,2,11.22,0,0,6,8,0,0,0,5.7,0.8,-1.40,Dropout
2,17,4,9238,1,10,184.8,1,9,15,6,7,155.8,1,0,1,0,0,0,21,0,0,6,6,3,10.47,0,0,6,9,0,0,0,4.2,1.6,-1.20,Dropout
1,1,3,9991,1,4,102.3,1,24,17,8,8,133.8,0,0,0,1,1,0,21,0,0,6,9,6,15.73,0,0,6,7,6,13.79,0,4.2,1.4,-1.37,Graduate
1,14,5,9556,1,9,152.6,1,24,21,6,4,188.6,0,0,0,1,1,0,23,0,0,6,7,5,16.6,0,0,6,6,4,14.43,0,10.0,0.7,2.06,Enrolled
1,18,6,9991,1,2,146.5,1,16,25,10,8,158.7,0,0,1,1,1,0,25,0,0,6,6,2,11.54,0,0,6,8,2,10.83,0,11.5,2.0,-0.97,Dropout
1,9,2,9500,1,3,180.6,1,28,22,11,6,134.3,1,0,0,1,1,1,24,0,0,6,8,0,0,0,0,6,8,0,0,0,5.7,1.1,0.07,Dropout
1,9,6,9500,1,12,125.6,1,10,24,8,4,135.7,1,0,0,1,1,0,19,0,0,6,8,4,15,0,0,6,6,4,12.01,0,5.1,2.6,1.70,Graduate
1,12,3,9119,1,14,162.3,1,1,18,10,4,139.1,1,0,1,1,0,0,21,0,0,6,8,0,0,0,0,6,8,0,0,0,9.7,1.9,-1.56,Dropout
1,6,2,171,1,9,119.8,1,20,23,1,6,185.2,1,0,0,1,1,1,18,0,0,6,9,6,12.8,0,0,6,8,4,12.63,0,4.5,1.9,0.83,Graduate
1,14,4,9500,1,4,141.2,1,3,1,5,4,109.9,1,0,1,1,0,0,24,0,0,6,6,0,0,0,0,6,8,2,12.25,0,10.3,1.8,2.10,Dropout
1,17,6,8014,1,11,108.1,1,3,24,5,4,120.9,1,0,0,1,0,1,22,0,0,6,8,6,12.76,0,0,6,6,4,13.25,0,4.6,0.6,-0.29,Enrolled
1,16,5,9254,1,5,103.4,1,14,17,7,8,128.6,1,0,0,1,1,0,18,0,0,6,9,4,14.56,0,0,6,6,6,12.65,0,4.0,2.3,0.02,Graduate
1,6,2,9147,1,7,145.8,1,11,12,10,5,140.5,1,0,0,1,1,0,19,0,0,6,9,4,11.62,0,0,6,7,5,16.11,0,6.5,2.1,-0.32,Graduate
1,11,1,9238,0,3,139.1,1,15,22,10,12,159.1,1,0,0,0,1,0,28,0,0,6,8,1,10.87,0,0,6,6,0,0,0,10.7,2.1,-1.66,Dropout
1,5,4,9254,0,12,124.8,1,8,4,7,12,142.2,1,0,0,1,0,0,23,0,0,6,8,4,12.34,0,0,6,7,6,16.73,0,6.9,1.2,1.75,Graduate
1,2,3,9130,0,14,111.1,1,17,21,1,1,147.7,0,0,0,1,0,0,18,0,0,6,8,4,14.03,0,0,6,7,4,11.3,0,9.7,1.6,1.68,Graduate
1,16,1,9130,1,6,177.3,1,19,16,7,10,170.8,0,0,0,1,1,1,20,0,0,6,9,6,11.82,0,0,6,9,5,14.88,0,6.5,0.7,0.40,Enrolled
1,18,2,9147,1,13,160.7,1,20,3,7,6,144.0,1,0,0,1,1,0,18,0,0,6,8,5,12.03,0,0,6,9,4,10.1,0,4.0,1.7,2.25,Graduate
1,16,5,9500,1,13,115.9,1,3,24,4,12,129.4,1,1,0,1,1,1,21,0,0,6,8,4,14.95,0,0,6,6,6,10.53,0,9.6,1.6,2.06,Enrolled
1,17,6,171,0,13,107.7,1,21,2,10,11,163.1,1,0,0,1,1,1,20,0,0,6,8,4,10.31,0,0,6,8,4,16.89,0,10.1,3.0,0.57,Enrolled
1,8,1,33,1,10,108.0,1,22,29,2,6,123.7,1,0,0,1,1,0,18,0,0,6,7,6,15.59,0,0,6,8,5,10.22,0,6.9,0.8,-0.98,Enrolled
1,5,6,9119,1,10,148.9,1,5,14,1,10,137.6,0,0,0,1,0,0,28,0,0,6,9,3,11.49,0,0,6,6,2,11.65,0,7.0,2.8,-0.70,Dropout
1,17,3,9119,1,10,176.4,1,24,23,7,12,126.3,1,0,0,1,0,0,20,0,0,6,6,5,15.67,0,0,6,8,4,10.78,0,4.8,0.8,1.87,Graduate
1,15,4,9500,1,7,108.2,1,1,13,9,1,162.9,0,0,0,0,1,0,29,0,0,6,7,2,10.14,0,0,6,8,1,12.64,0,11.0,1.8,0.59,Dropout
1,16,4,9254,1,7,126.3,1,25,13,4,11,132.2,1,0,1,0,0,0,29,0,0,6,6,0,0,0,0,6,7,1,12.81,0,9.0,1.1,0.44,Dropout
1,14,4,9003,1,15,117.2,1,6,29,12,2,187.6,0,0,0,1,0,1,23,0,0,6,8,6,15.27,0,0,6,9,4,15.08,0,7.1,3.2,-1.32,Enrolled
1,8,3,9147,1,9,100.5,1,15,4,11,3,102.6,0,0,0,1,1,0,21,0,0,6,8,2,12.93,0,0,6,7,1,11.4,0,9.9,2.0,0.90,Dropout
1,4,3,9119,1,5,155.5,1,22,29,1,4,187.3,0,0,1,1,1,0,22,0,0,6,7,6,12.48,0,0,6,7,4,13.61,0,8.2,2.5,1.39,Graduate
1,9,2,9070,1,13,144.3,1,29,18,6,10,140.9,0,0,0,1,0,0,21,0,0,6,7,6,12.85,0,0,6,9,5,10.94,0,8.9,2.5,-1.64,Enrolled
1,7,1,9130,0,3,100.3,1,22,18,3,10,121.6,0,0,0,1,1,1,20,0,0,6,9,5,15.42,0,0,6,6,6,12.06,0,6.7,1.4,-1.20,Enrolled
1,11,2,9119,1,9,182.9,1,3,13,10,4,109.2,0,0,0,1,1,1,22,0,0,6,6,5,14.29,0,0,6,6,6,13.68,0,11.4,1.9,0.94,Graduate
1,13,6,8014,1,7,123.8,1,5,4,8,8,125.3,0,0,0,1,0,0,20,0,0,6,8,4,15.83,0,0,6,8,6,15.64,0,10.1,2.3,0.61,Graduate
1,15,6,9119,1,8,171.9,1,21,22,11,4,108.6,0,0,0,1,0,0,22,0,0,6,6,4,13.11,0,0,6,8,6,16.83,0,4.8,1.0,0.01,Graduate
1,16,1,9130,1,11,175.8,1,8,28,12,2,112.0,0,0,0,1,0,0,20,0,0,6,8,5,11.24,0,0,6,9,4,14.56,0,5.8,0.6,-0.14,Graduate
1,15,4,9070,1,1,110.9,1,5,3,9,6,103.4,1,0,0,1,0,0,20,0,0,6,9,6,11.14,0,0,6,9,5,15.66,0,7.2,2.6,1.59,Graduate
1,11,4,9254,1,10,141.6,1,2,9,10,11,174.4,1,0,1,1,1,0,24,0,0,6,9,1,11.14,0,0,6,9,1,11.22,0,7.0,2.6,1.13,Dropout
1,8,6,9147,0,7,112.2,1,15,14,11,1,184.8,0,0,1,0,0,1,21,0,0,6,9,0,0,0,0,6,7,0,0,0,4.0,0.6,0.58,Dropout
2,3,4,9670,1,5,160.8,1,9,6,11,3,174.7,0,1,0,1,0,0,21,0,0,6,9,5,12.16,0,0,6,9,4,10.32,0,5.7,1.5,2.24,Graduate
1,7,4,171,1,11,106.3,1,12,20,8,3,160.4,0,0,1,1,0,0,22,0,0,6,8,5,11.02,0,0,6,6,4,13.46,0,5.0,2.9,-0.73,Graduate
1,1,1,9853,1,12,100.8,1,24,16,10,10,109.0,1,0,0,1,0,0,19,0,0,6,8,5,13.41,0,0,6,6,5,15.38,0,10.9,0.4,0.93,Graduate
1,1,3,9119,1,8,117.2,1,6,10,7,6,142.2,0,0,1,0,0,0,29,0,0,6,9,1,12.55,0,0,6,9,0,0,0,5.5,2.1,0.75,Dropout
1,4,1,9500,1,13,127.8,1,10,1,6,3,170.0,1,0,1,1,1,0,25,0,0,6,7,2,11.46,0,0,6,9,2,12.78,0,6.6,2.8,-0.78,Dropout
1,11,4,9670,1,5,112.9,1,13,18,7,10,111.0,0,0,0,1,1,0,22,0,0,6,8,4,16.49,0,0,6,8,6,10.2,0,3.8,3.3,-0.81,Enrolled
1,10,1,9254,1,12,182.7,1,21,17,6,6,132.0,1,0,1,1,0,1,19,0,0,6,9,0,0,0,0,6,6,0,0,0,4.3,1.0,-1.60,Dropout
1,10,2,9254,1,11,180.9,1,15,13,7,8,142.5,1,0,0,1,0,0,21,0,0,6,7,4,13.2,0,0,6,7,6,15.42,0,11.2,2.7,0.30,Graduate
2,5,5,9773,0,2,131.2,1,13,1,2,1,141.8,0,0,0,0,1,1,26,0,0,6,6,1,12.16,0,0,6,8,1,11.81,0,8.2,2.0,2.24,Dropout
1,5,2,9254,1,15,154.2,1,14,18,11,11,152.6,1,0,1,1,0,0,21,0,0,6,6,3,12.74,0,0,6,7,2,12.74,0,8.0,1.5,0.89,Dropout
1,1,1,9500,1,4,103.7,1,18,4,8,1,120.9,1,0,0,1,1,0,23,0,0,6,9,5,10.38,0,0,6,9,5,16.32,0,8.6,1.9,-0.96,Graduate
2,16,1,9853,1,1,184.7,1,12,3,11,2,179.9,0,0,1,1,0,0,18,0,0,6,6,0,0,0,0,6,8,1,11.95,0,6.7,0.9,-1.14,Dropout
1,17,5,9556,1,11,132.8,1,15,21,12,4,122.7,0,0,0,1,0,0,18,0,0,6,8,4,16.56,0,0,6,9,6,16,0,6.1,1.9,1.36,Graduate
1,9,4,9773,0,10,117.8,1,13,27,7,8,129.5,1,0,0,1,1,0,27,0,0,6,6,1,10.5,0,0,6,9,1,12.32,0,10.8,1.5,0.97,Dropout
1,5,3,9070,1,8,167.4,1,5,20,1,3,123.5,0,0,1,1,0,0,19,0,0,6,9,3,11,0,0,6,8,0,0,0,4.9,3.2,1.82,Dropout
1,6,1,9556,1,13,186.0,1,27,23,1,1,183.9,0,0,0,1,1,1,21,0,0,6,9,5,11.15,0,0,6,6,4,10.71,0,11.2,1.7,-1.60,Graduate
1,6,2,9670,1,4,107.4,1,8,26,11,10,144.6,1,0,0,1,1,1,18,0,0,6,7,4,16.79,0,0,6,9,5,10.28,0,4.5,1.1,1.37,Enrolled
1,5,1,171,1,13,157.6,1,11,16,7,5,111.3,1,0,0,1,0,0,22,0,0,6,7,1,10.16,0,0,6,6,0,0,0,8.0,1.7,-0.95,Dropout
2,4,6,8014,1,6,100.3,1,19,26,1,6,139.2,1,0,1,0,0,0,26,0,0,6,6,3,12.81,0,0,6,7,1,12.95,0,10.5,2.8,-1.13,Dropout
1,11,4,9500,1,8,140.7,1,26,21,11,3,121.0,1,0,0,1,0,0,19,0,0,6,9,5,16.9,0,0,6,7,4,16.11,0,8.3,1.0,1.05,Enrolled
1,7,6,9003,0,1,108.8,1,3,20,6,11,156.9,1,0,0,0,1,0,24,0,0,6,7,0,0,0,0,6,9,2,11.55,0,6.8,0.8,0.05,Dropout
1,8,6,9853,1,1,178.9,1,13,16,6,4,179.2,1,0,0,1,0,1,23,0,0,6,9,6,10.24,0,0,6,9,6,14.53,0,10.0,3.2,2.15,Graduate
2,6,3,9238,1,2,126.3,1,7,20,8,2,120.7,0,0,0,1,0,0,19,0,0,6,6,5,13.85,0,0,6,8,5,13.88,0,5.8,2.7,-0.79,Graduate
1,2,3,9238,1,8,152.0,1,7,18,2,3,132.6,1,0,0,1,1,1,21,0,0,6,6,0,0,0,0,6,7,2,10.08,0,10.4,2.9,0.38,Dropout
2,9,4,171,1,6,112.4,1,10,17,5,1,158.8,0,0,0,1,1,0,22,0,0,6,8,6,11.46,0,0,6,8,6,15.83,0,11.6,1.9,-1.07,Graduate
1,7,2,171,1,12,105.7,1,21,23,4,9,158.1,1,0,0,1,1,0,23,0,0,6,7,5,14.96,0,0,6,7,4,15,0,7.9,2.8,-0.57,Graduate
1,16,6,9254,1,1,140.4,1,10,20,2,3,118.5,1,0,0,1,0,0,21,0,0,6,9,4,10.89,0,0,6,6,4,15.44,0,9.6,1.1,-1.08,Graduate
1,4,4,171,1,4,117.1,1,3,29,8,4,184.1,1,0,1,0,1,0,29,0,0,6,6,2,12.31,0,0,6,8,1,10.75,0,4.7,1.6,-1.56,Dropout
1,9,5,33,1,9,173.3,1,12,17,3,5,182.3,0,0,1,0,0,0,22,0,0,6,6,1,11.23,0,0,6,8,2,11.26,0,9.4,1.0,0.68,Dropout
1,10,2,9147,0,1,124.8,1,25,28,10,10,180.9,1,0,0,1,1,0,20,0,0,6,7,6,13.29,0,0,6,6,5,12.35,0,8.2,2.1,1.53,Graduate
1,8,6,9003,1,2,110.2,1,22,14,2,3,107.0,0,0,0,1,1,0,18,0,0,6,8,4,13.09,0,0,6,9,4,12.43,0,5.0,1.6,0.13,Graduate
1,13,6,9238,1,6,110.8,1,21,27,7,7,114.6,1,0,0,1,1,1,20,0,0,6,6,6,15.81,0,0,6,9,6,11.37,0,10.6,2.2,-0.02,Graduate
1,3,3,9070,0,6,161.3,1,9,19,8,8,158.2,1,0,0,1,0,0,23,0,0,6,7,5,15.41,0,0,6,8,4,14.49,0,5.2,1.4,-1.35,Graduate
1,17,2,9119,1,11,137.7,1,17,29,7,2,185.8,0,0,0,1,1,0,18,0,0,6,7,6,15.2,0,0,6,9,5,11.87,0,9.7,2.4,-0.48,Graduate
1,17,6,9070,1,9,156.3,1,1,11,9,8,112.3,1,0,0,1,0,0,22,0,0,6,6,6,16.41,0,0,6,9,6,13.11,0,4.6,1.6,2.01,Graduate
1,18,4,9991,0,9,118.0,1,3,10,2,2,162.9,0,0,0,1,1,0,26,0,0,6,6,3,12.58,0,0,6,8,1,12.88,0,4.4,3.1,-1.56,Dropout
1,5,1,33,1,13,175.6,1,17,3,11,4,189.7,1,0,0,1,1,0,18,0,0,6,7,4,11.91,0,0,6,8,6,15.91,0,7.0,1.5,0.61,Enrolled
1,1,1,9670,1,8,167.3,1,21,16,12,8,138.1,1,0,0,1,0,1,22,0,0,6,6,6,15.21,0,0,6,6,6,10.66,0,6.5,2.7,0.99,Graduate
1,11,3,9254,1,7,150.0,1,26,4,5,1,131.9,1,0,0,1,1,0,20,0,0,6,8,6,13.8,0,0,6,9,5,14.79,0,8.1,1.5,-1.12,Graduate
1,12,3,9003,0,2,140.9,1,27,27,12,2,121.5,1,0,0,1,1,0,20,0,0,6,6,5,16.93,0,0,6,9,6,16.78,0,6.8,0.6,1.67,Enrolled
1,16,5,9991,0,8,153.9,1,23,22,7,12,125.9,1,0,1,1,0,0,22,0,0,6,7,4,11.26,0,0,6,6,6,16.95,0,5.5,0.9,2.12,Graduate
1,2,4,9119,1,8,160.8,1,13,15,5,4,127.1,0,0,0,1,1,1,19,0,0,6,7,5,11.68,0,0,6,8,6,16.25,0,10.2,1.9,0.67,Graduate
1,1,2,9085,1,6,146.4,1,24,8,1,12,133.8,1,0,0,1,1,0,23,0,0,6,7,4,14.08,0,0,6,6,5,11.97,0,8.1,2.0,2.05,Graduate
1,1,6,9130,1,2,169.6,1,6,21,6,1,149.3,1,0,0,1,1,1,23,0,0,6,6,4,15.84,0,0,6,7,6,15.8,0,5.5,0.7,-0.55,Graduate
1,8,3,9147,1,9,162.3,1,13,2,2,7,122.4,0,0,0,1,0,1,23,0,0,6,7,6,11.7,0,0,6,7,4,16.41,0,10.4,0.6,-0.71,Graduate
1,18,4,9147,1,9,156.4,1,15,25,3,6,119.2,1,0,0,1,0,0,20,0,0,6,8,5,11.91,0,0,6,8,5,16.54,0,4.0,2.8,-1.50,Graduate
1,5,5,9003,1,13,122.0,1,20,18,4,2,145.1,1,0,0,1,1,0,22,0,0,6,6,5,10.56,0,0,6,6,5,10.46,0,3.7,3.2,-1.18,Graduate
1,11,2,9003,1,1,158.4,1,26,29,3,5,168.0,1,0,0,1,0,0,18,0,0,6,7,6,12.23,0,0,6,7,4,12.65,0,8.3,1.4,1.49,Graduate
2,15,6,33,1,8,121.9,1,20,15,2,1,150.0,0,0,1,1,0,0,20,0,0,6,9,2,10.24,0,0,6,6,0,0,0,7.9,2.6,-1.25,Dropout
1,16,6,9119,1,5,176.6,1,10,28,3,12,150.6,1,0,0,1,0,0,19,0,0,6,6,6,16.19,0,0,6,7,6,16,0,7.9,1.2,-0.83,Graduate
1,4,6,9085,1,2,147.8,1,13,29,6,4,189.0,1,0,1,1,1,0,27,0,0,6,9,1,12.18,0,0,6,7,2,12.75,0,3.9,1.1,-1.51,Dropout
2,12,1,8014,1,11,126.6,1,4,9,12,7,145.6,1,1,0,0,0,0,29,0,0,6,9,0,0,0,0,6,6,2,10.26,0,4.3,1.0,-1.16,Dropout
1,7,3,8014,1,14,142.5,1,12,23,1,5,134.0,0,0,1,1,0,0,19,0,0,6,9,4,16.28,0,0,6,8,4,11.82,0,10.2,1.7,0.00,Graduate
1,5,1,9130,1,4,115.7,1,27,21,7,6,169.6,0,0,0,1,1,0,26,0,0,6,6,0,0,0,0,6,9,1,11.1,0,9.3,1.4,2.20,Dropout
1,1,1,9085,1,13,141.0,1,2,15,5,3,116.4,1,0,0,1,1,0,22,0,0,6,9,5,11.84,0,0,6,7,6,11.47,0,10.9,2.5,2.18,Enrolled
1,2,1,9085,1,1,175.8,1,25,17,4,9,167.5,1,0,0,1,1,0,18,0,0,6,8,5,12.53,0,0,6,9,6,14.84,0,7.4,1.9,-1.32,Enrolled
1,11,3,9853,1,6,110.3,1,10,24,3,3,125.3,0,0,0,1,0,0,23,0,0,6,6,5,16.5,0,0,6,8,6,13.47,0,6.7,3.0,-0.03,Graduate
1,9,4,9238,1,10,136.7,1,8,15,9,12,102.0,0,0,0,1,0,1,21,0,0,6,9,6,16.98,0,0,6,8,5,16.01,0,4.5,2.2,-1.27,Graduate
1,6,4,9119,1,11,162.7,1,16,27,8,11,138.7,0,0,0,1,0,0,21,0,0,6,6,5,16.12,0,0,6,8,6,12.06,0,7.9,3.0,-0.48,Enrolled
1,17,2,9085,1,12,138.9,1,3,19,7,5,158.2,0,0,1,1,0,0,22,0,0,6,8,1,11.99,0,0,6,9,2,10.01,0,10.2,2.2,0.95,Dropout
1,12,1,8014,1,8,126.4,1,7,17,2,6,181.5,0,0,0,1,1,0,23,0,0,6,8,4,15.37,0,0,6,7,6,14.5,0,4.9,3.4,1.37,Graduate
1,12,4,9556,1,4,131.3,1,14,27,3,6,102.5,0,0,0,1,0,0,18,0,0,6,8,4,14.64,0,0,6,7,4,13.15,0,8.9,2.8,-0.16,Graduate
1,15,4,9085,1,14,185.4,1,27,6,2,8,165.4,1,0,0,1,1,1,20,0,0,6,6,5,10.76,0,0,6,9,6,13.01,0,7.7,1.4,1.35,Graduate
1,6,2,9003,1,14,151.5,1,18,7,10,10,113.6,0,0,1,1,1,0,20,0,0,6,8,6,13.56,0,0,6,6,6,10.73,0,9.9,2.7,0.60,Graduate
1,11,5,9085,1,6,160.4,1,19,27,10,6,184.6,1,0,0,1,1,0,22,0,0,6,9,1,10.12,0,0,6,8,1,10.84,0,8.8,0.4,-1.64,Dropout
1,4,2,9254,0,8,145.3,1,4,19,8,6,149.6,1,0,0,0,1,0,20,0,0,6,6,1,10.23,0,0,6,6,0,0,0,4.4,2.6,-0.36,Dropout
1,2,2,9070,1,11,141.5,1,6,20,3,5,141.7,1,0,1,0,0,0,19,0,0,6,9,2,11.87,0,0,6,9,2,12.33,0,5.3,1.6,-0.18,Dropout
1,9,6,9991,1,15,120.0,1,24,19,4,10,143.8,1,0,0,1,1,0,22,0,0,6,6,4,12.58,0,0,6,9,5,15.34,0,5.4,1.7,0.82,Graduate
1,1,2,9556,1,11,189.3,1,8,10,6,12,164.2,1,0,0,1,0,0,23,0,0,6,8,5,15.12,0,0,6,8,6,16.02,0,3.6,2.8,1.39,Enrolled
1,7,5,8014,1,5,180.1,1,20,6,3,2,135.5,1,0,0,1,0,1,23,0,0,6,7,6,13.68,0,0,6,7,5,11.03,0,8.3,0.8,1.91,Graduate
1,17,6,9670,1,10,130.5,1,10,9,7,5,144.2,1,0,0,1,0,1,21,0,0,6,6,4,15.31,0,0,6,9,4,14.92,0,6.8,1.4,0.79,Graduate
1,18,1,9556,1,8,145.9,1,7,18,4,1,157.6,1,0,0,1,1,0,22,0,0,6,9,4,14.35,0,0,6,8,4,15.39,0,7.2,1.5,1.75,Graduate
1,8,2,8014,1,6,119.6,1,7,27,7,4,144.4,1,0,0,1,0,0,19,0,0,6,9,4,10.05,0,0,6,7,4,16.41,0,7.0,1.2,-1.18,Enrolled
1,7,3,9085,1,12,149.1,1,6,15,9,8,176.3,0,0,0,1,0,0,28,0,0,6,9,0,0,0,0,6,6,1,10.34,0,4.4,2.8,0.72,Dropout
1,8,2,9853,1,5,121.2,1,14,5,6,1,100.4,0,0,0,1,0,0,20,0,0,6,6,6,11.09,0,0,6,7,5,13.36,0,10.0,3.3,-0.39,Graduate
1,18,6,9254,1,11,141.2,1,6,5,3,11,131.5,1,0,0,1,1,0,19,0,0,6,9,4,15.26,0,0,6,8,6,13.12,0,5.4,2.3,2.17,Graduate
1,10,5,9853,1,13,158.0,1,5,27,10,7,117.2,0,0,0,1,0,0,20,0,0,6,7,6,14.36,0,0,6,8,4,13.35,0,7.0,2.4,1.69,Graduate
1,5,5,9773,1,3,144.3,1,27,28,2,9,143.5,0,0,0,0,0,1,18,0,0,6,6,0,0,0,0,6,7,0,0,0,9.1,1.6,-0.48,Dropout
1,6,1,9556,1,12,121.7,1,18,3,9,11,159.0,1,0,0,1,0,0,22,0,0,6,8,5,13.19,0,0,6,9,5,13.47,0,6.8,3.0,2.14,Graduate
1,11,6,9991,1,2,118.1,1,18,27,12,12,156.0,1,0,0,1,0,0,23,0,0,6,9,6,10.1,0,0,6,9,6,11.08,0,5.9,0.7,2.19,Graduate
1,6,1,9500,1,4,103.4,1,13,22,4,12,119.4,1,0,0,1,1,0,21,0,0,6,6,6,14.52,0,0,6,9,5,10.96,0,8.2,2.7,0.40,Graduate
1,16,3,33,0,1,143.1,1,9,28,10,3,128.2,0,0,0,1,1,0,20,0,0,6,7,4,13.29,0,0,6,6,5,12.06,0,9.8,0.4,1.75,Graduate
1,15,3,9003,1,9,157.3,1,26,16,1,5,148.0,1,0,0,0,1,0,18,0,0,6,7,3,12.14,0,0,6,9,2,12.24,0,5.8,2.2,-1.64,Dropout
1,2,2,171,0,11,115.9,1,6,16,7,5,130.5,1,0,0,1,0,0,23,0,0,6,7,5,15.22,0,0,6,7,4,10.01,0,5.6,3.2,0.97,Graduate
1,17,1,9991,1,10,128.8,1,24,10,6,5,126.8,0,0,0,1,1,0,20,0,0,6,7,5,10.1,0,0,6,9,4,11.74,0,9.1,0.5,-1.19,Graduate
1,18,5,9070,1,8,161.6,1,26,9,3,10,121.9,1,0,1,1,0,0,21,0,0,6,7,2,10.83,0,0,6,6,2,12.1,0,4.6,2.3,-0.17,Dropout
1,18,1,9119,1,1,147.2,1,13,25,5,10,142.0,1,0,0,1,0,0,20,0,0,6,7,6,16.53,0,0,6,7,5,10.91,0,10.8,1.7,-0.49,Graduate
1,18,1,9070,1,10,162.4,1,1,7,7,3,111.7,0,0,0,1,0,1,23,0,0,6,7,5,10.67,0,0,6,7,4,15.39,0,8.4,2.4,-1.35,Graduate
1,16,1,9238,1,14,133.5,1,13,12,3,8,133.0,1,0,0,1,1,0,23,0,0,6,9,6,14.51,0,0,6,6,6,15.37,0,10.2,2.5,0.17,Graduate
1,5,2,9773,1,10,128.5,1,28,24,4,8,165.9,1,0,1,1,0,0,26,0,0,6,8,0,0,0,0,6,7,0,0,0,4.9,0.7,-1.14,Dropout
1,5,2,9254,1,13,154.8,1,26,29,10,8,159.4,1,0,0,1,0,0,19,0,0,6,9,5,13.67,0,0,6,9,5,10.54,0,4.7,0.9,1.67,Enrolled
1,2,3,8014,1,1,142.7,1,16,16,1,6,106.0,0,0,0,1,1,1,21,0,0,6,8,6,16.41,0,0,6,7,6,16.1,0,3.7,3.3,-1.35,Graduate
1,15,5,9500,1,9,162.2,1,6,16,1,7,112.4,0,0,0,1,0,1,18,0,0,6,9,6,13.12,0,0,6,7,6,14.39,0,10.5,2.9,-1.68,Graduate
1,18,2,171,0,5,182.9,1,22,21,5,9,160.7,1,0,0,1,0,0,19,0,0,6,7,5,11.6,0,0,6,7,4,16.47,0,5.9,1.2,0.87,Graduate
1,3,3,9853,1,3,106.6,1,11,28,11,9,124.4,1,0,1,0,0,0,19,0,0,6,6,3,10.72,0,0,6,9,2,12.89,0,6.4,1.6,-1.56,Dropout
2,2,4,9003,1,11,107.4,1,24,25,12,5,184.4,1,0,0,1,0,0,22,0,0,6,7,4,12.65,0,0,6,9,4,14.02,0,9.6,2.7,1.13,Enrolled
1,7,2,8014,1,1,150.1,1,23,21,10,7,122.3,1,0,0,1,0,0,20,0,0,6,8,6,10.41,0,0,6,8,4,10.02,0,8.5,1.1,1.26,Graduate
1,18,5,9238,1,11,166.5,1,16,10,7,3,168.7,1,0,0,1,0,0,21,0,0,6,6,2,12.62,0,0,6,9,1,11.64,0,8.5,1.7,1.86,Dropout
1,2,4,9254,1,14,182.4,1,18,29,11,4,132.7,1,0,0,1,1,0,25,0,0,6,8,3,10.85,0,0,6,6,0,0,0,6.9,1.4,-0.62,Dropout
1,15,4,9556,1,6,108.4,1,29,8,9,11,189.4,1,0,1,0,0,0,27,0,0,6,6,0,0,0,0,6,8,0,0,0,3.7,1.2,1.08,Dropout
1,6,2,9130,0,2,185.6,1,24,2,8,1,127.8,1,1,0,1,1,0,22,0,0,6,7,5,13.95,0,0,6,9,6,16.37,0,8.5,0.6,-0.19,Graduate
1,14,2,9130,1,7,119.8,1,14,22,12,3,110.2,1,0,0,1,0,1,23,0,0,6,6,6,14.02,0,0,6,6,6,15.57,0,9.3,1.8,0.67,Enrolled
1,18,6,171,1,3,110.6,1,19,2,8,4,145.6,0,0,0,0,0,0,18,0,0,6,7,3,10.03,0,0,6,7,0,0,0,7.6,1.6,-1.07,Dropout
1,14,3,9500,1,13,106.2,1,27,17,1,8,108.2,1,0,1,1,0,1,29,0,0,6,6,2,12.05,0,0,6,7,0,0,0,5.1,2.2,-1.50,Dropout
1,15,1,9670,1,3,178.2,1,5,2,4,4,174.3,1,0,0,1,1,1,19,0,0,6,6,5,15.9,0,0,6,7,6,15.82,0,8.4,1.8,0.21,Graduate
1,1,3,9853,1,5,185.0,1,23,7,9,3,127.6,1,0,0,1,0,0,22,0,0,6,6,6,16.18,0,0,6,9,6,11.05,0,7.4,2.7,1.32,Graduate
1,3,3,9773,1,12,130.2,1,25,20,8,6,164.6,0,0,0,1,0,0,19,0,0,6,9,6,10.41,0,0,6,7,6,10.16,0,7.9,0.7,1.24,Graduate
1,13,3,9773,1,11,104.9,1,8,13,10,12,114.2,1,0,0,1,1,0,18,0,0,6,6,6,15.17,0,0,6,9,5,12.66,0,6.0,2.0,-0.00,Graduate
1,1,2,33,0,9,144.3,1,6,3,3,1,162.2,1,0,1,0,0,0,26,0,0,6,8,3,11.15,0,0,6,6,0,0,0,7.3,3.3,-1.70,Dropout
1,6,2,9853,0,15,154.8,1,7,5,5,3,176.5,1,0,0,1,0,1,23,0,0,6,7,4,15.63,0,0,6,8,4,16.73,0,9.0,3.2,0.11,Graduate
1,5,4,9991,0,6,172.2,1,28,7,10,10,152.8,1,0,0,1,0,0,23,0,0,6,6,6,12.11,0,0,6,6,4,13.52,0,7.0,0.5,-0.40,Enrolled
1,12,3,9254,1,1,182.0,1,26,28,10,6,144.9,1,0,0,0,0,0,25,0,0,6,6,3,11.54,0,0,6,8,2,10.2,0,9.9,0.4,1.92,Dropout
1,3,1,171,1,9,110.1,1,2,16,12,1,118.0,0,0,1,1,0,0,24,0,0,6,9,0,0,0,0,6,8,0,0,0,5.4,3.3,1.11,Dropout
1,8,1,9254,1,10,147.5,1,14,9,12,10,165.3,1,0,0,1,0,0,22,0,0,6,8,4,16.36,0,0,6,8,5,14.07,0,5.9,1.3,2.07,Graduate
1,14,5,9238,1,11,135.6,1,13,4,10,8,162.4,1,0,0,1,0,0,20,0,0,6,7,4,10.12,0,0,6,7,4,13.89,0,6.3,2.8,-0.08,Enrolled
1,16,3,9500,1,2,120.0,1,8,21,7,9,100.3,0,0,0,1,1,0,22,0,0,6,7,4,12.67,0,0,6,9,6,10.54,0,7.2,0.5,1.56,Graduate
1,8,2,9991,1,4,176.2,1,7,12,12,5,166.4,0,0,0,1,0,0,19,0,0,6,8,5,15.91,0,0,6,8,4,15.66,0,11.4,1.2,0.30,Graduate
2,12,5,9773,0,9,152.8,1,19,4,7,5,107.2,1,0,0,1,1,1,19,0,0,6,6,6,16.05,0,0,6,9,6,15.29,0,5.2,2.5,0.50,Enrolled
1,3,5,171,1,6,143.8,1,2,15,5,1,184.4,1,0,0,1,1,0,18,0,0,6,6,6,15.51,0,0,6,8,6,12.91,0,6.3,2.4,-0.96,Graduate
1,17,4,9238,1,9,118.6,1,26,10,8,9,176.2,1,0,0,1,0,1,23,0,0,6,7,5,11.55,0,0,6,9,5,15.59,0,7.6,1.1,0.59,Graduate
1,12,1,9500,1,2,120.0,1,19,7,7,7,138.8,1,0,0,1,1,1,20,0,0,6,8,5,16.14,0,0,6,6,4,16.15,0,3.8,1.6,-0.54,Graduate
2,4,6,9853,1,3,166.5,1,17,16,3,9,106.0,1,0,0,1,1,0,21,0,0,6,7,6,15.08,0,0,6,7,5,15.25,0,5.7,0.5,1.66,Graduate
1,6,4,8014,1,15,122.2,1,22,15,6,9,128.2,1,0,0,1,0,1,20,0,0,6,6,4,11.19,0,0,6,7,4,14.64,0,8.0,1.7,1.28,Graduate
2,2,6,9670,1,11,115.4,1,2,12,9,1,181.2,0,0,0,1,1,1,23,0,0,6,7,5,16.01,0,0,6,9,5,10.79,0,9.1,1.2,0.92,Graduate
1,18,6,33,0,2,120.4,1,6,2,10,11,157.4,0,0,0,1,0,0,23,0,0,6,7,4,12.81,0,0,6,6,5,10.48,0,3.9,2.0,0.97,Graduate
2,14,2,9773,0,2,146.4,1,10,5,9,8,168.2,0,0,1,1,1,0,20,0,0,6,8,2,11.52,0,0,6,7,0,0,0,9.8,1.4,0.15,Dropout
1,10,4,8014,1,5,161.3,1,28,13,9,4,180.4,1,0,0,1,0,0,23,0,0,6,6,0,0,0,0,6,8,2,12.07,0,3.9,0.8,-0.04,Dropout
2,12,5,9238,1,11,153.3,1,8,24,4,9,184.8,1,0,0,1,0,0,22,0,0,6,6,4,12.97,0,0,6,6,5,10.52,0,5.0,1.5,0.31,Graduate
1,2,4,9773,1,7,138.7,1,18,14,1,7,186.1,1,0,0,1,1,0,19,0,0,6,8,4,16.7,0,0,6,7,5,11.45,0,4.0,0.5,-1.21,Graduate
1,9,5,9119,1,1,124.5,1,5,17,3,6,106.9,1,0,0,1,0,0,23,0,0,6,8,2,12.63,0,0,6,9,1,12.85,0,10.6,2.6,0.49,Dropout
1,18,4,9254,1,15,125.4,1,22,11,10,1,110.7,0,0,0,1,0,0,23,0,0,6,6,4,13.02,0,0,6,8,6,13.94,0,11.0,3.1,2.25,Graduate
1,12,1,33,1,7,167.5,1,9,23,2,10,110.4,1,0,1,0,0,0,23,0,0,6,9,0,0,0,0,6,8,1,10.98,0,8.8,1.9,0.42,Dropout
2,12,5,8014,1,13,150.3,1,5,14,5,7,141.2,0,0,0,1,0,0,20,0,0,6,7,4,11.45,0,0,6,6,5,11.79,0,5.5,0.7,-1.42,Graduate
1,11,4,9254,1,12,156.6,1,18,2,8,11,119.7,0,0,0,1,0,1,18,0,0,6,9,4,10.66,0,0,6,9,6,13.18,0,11.6,1.9,2.22,Graduate
1,6,3,9991,1,4,123.0,1,27,22,6,1,152.8,0,0,0,1,1,0,19,0,0,6,7,4,12.98,0,0,6,6,5,14.88,0,5.4,2.8,-1.43,Enrolled
1,18,5,33,1,6,144.0,1,27,20,10,1,112.4,0,0,0,1,0,1,26,0,0,6,9,3,10.22,0,0,6,9,1,12.69,0,5.1,1.1,2.14,Dropout
1,10,4,9070,1,7,117.7,1,10,28,5,1,171.5,1,0,0,1,1,0,23,0,0,6,7,6,15.14,0,0,6,8,5,15.52,0,10.9,1.9,-0.98,Graduate
2,6,2,9991,0,6,136.7,1,3,15,12,6,141.0,0,0,0,1,1,0,19,0,0,6,6,5,15.22,0,0,6,6,4,14.13,0,7.2,1.9,1.04,Enrolled
1,7,3,9238,1,9,149.6,1,14,6,5,12,174.3,0,0,0,1,1,0,20,0,0,6,8,4,13.88,0,0,6,7,4,12.22,0,8.8,0.9,-0.14,Graduate
1,12,1,9238,1,5,141.2,1,14,23,10,1,163.5,1,0,0,1,0,0,20,0,0,6,9,5,10.42,0,0,6,7,4,12.44,0,9.1,2.9,-0.33,Graduate
1,14,2,9003,1,14,165.2,1,10,25,5,3,107.0,1,0,0,1,0,1,20,0,0,6,7,6,11.68,0,0,6,7,5,14,0,11.0,2.8,1.73,Graduate
1,17,1,9670,1,4,101.7,1,17,26,2,1,156.8,0,0,0,1,0,1,24,0,0,6,7,0,0,0,0,6,9,0,0,0,9.7,1.9,1.39,Dropout
1,18,4,171,1,12,119.9,1,23,21,12,10,159.5,0,0,0,1,0,0,21,0,0,6,8,6,16.97,0,0,6,7,4,10.02,0,6.0,2.3,0.71,Graduate
2,17,5,9773,1,9,188.1,1,19,15,5,1,135.7,0,0,1,0,0,0,26,0,0,6,9,2,12.02,0,0,6,6,2,10.84,0,8.0,0.6,-0.52,Dropout
1,17,2,9670,1,12,189.7,1,6,10,9,3,121.9,0,0,0,1,1,0,18,0,0,6,7,4,16.17,0,0,6,7,6,15.8,0,4.7,2.6,0.39,Graduate
1,3,3,9119,1,1,179.2,1,23,27,2,5,130.8,0,0,0,1,1,0,24,0,0,6,6,3,12.25,0,0,6,6,0,0,0,7.5,1.2,0.54,Dropout
1,13,6,9254,0,8,101.9,1,20,26,6,3,158.8,0,0,0,1,1,0,21,0,0,6,7,5,11.68,0,0,6,7,5,11.89,0,10.6,0.9,0.01,Graduate
1,2,6,9853,1,10,140.2,1,19,20,4,1,114.0,0,0,0,1,1,0,19,0,0,6,9,6,15.27,0,0,6,7,5,10.67,0,5.6,1.1,2.04,Graduate
1,14,6,9119,1,10,109.9,1,6,6,2,10,117.3,0,0,1,1,0,0,22,0,0,6,8,0,0,0,0,6,7,0,0,0,7.3,0.4,-1.07,Dropout
1,3,2,9238,1,1,100.6,1,12,1,6,11,149.7,1,0,0,1,0,0,22,0,0,6,6,5,11.99,0,0,6,9,5,11.29,0,11.2,2.3,-0.30,Enrolled
1,17,4,9991,1,11,150.2,1,17,3,2,2,143.7,1,0,1,1,0,0,29,0,0,6,7,2,12.08,0,0,6,8,1,11.89,0,10.1,2.8,-0.55,Dropout
1,8,4,9003,1,6,151.6,1,4,16,8,3,120.6,0,0,0,1,0,1,20,0,0,6,8,6,10.34,0,0,6,8,4,13.18,0,8.9,1.1,-0.10,Graduate
1,3,5,9670,1,7,139.7,1,7,3,3,11,116.0,1,0,0,1,0,0,21,0,0,6,8,5,11.84,0,0,6,9,4,15.39,0,6.9,3.2,-0.99,Graduate
1,2,4,9119,1,9,108.6,1,24,13,7,1,167.3,0,0,0,1,0,0,21,0,0,6,8,5,15.47,0,0,6,9,6,11.98,0,10.6,2.4,-1.14,Graduate
1,6,5,9147,1,7,167.4,1,25,2,8,11,144.8,1,0,0,1,0,1,19,0,0,6,6,5,12.27,0,0,6,8,5,13.46,0,6.8,3.1,0.62,Graduate
1,12,2,9773,1,2,117.0,1,6,1,12,6,158.6,0,1,0,1,0,0,21,0,0,6,7,6,10.89,0,0,6,6,4,15.27,0,8.2,1.9,0.25,Enrolled
1,15,4,9130,1,4,168.8,1,7,19,2,8,102.0,1,0,0,0,1,0,20,0,0,6,8,0,0,0,0,6,8,1,10.83,0,7.1,1.7,-0.52,Dropout
1,15,1,9556,1,9,158.7,1,11,19,2,7,182.8,1,0,1,1,0,0,24,0,0,6,9,0,0,0,0,6,8,0,0,0,10.1,1.3,0.08,Dropout
1,13,2,9773,1,14,157.1,1,5,3,4,10,104.0,0,0,0,1,0,0,20,0,0,6,9,5,10.59,0,0,6,6,5,15.54,0,6.3,1.2,1.41,Enrolled
1,17,6,9003,1,3,144.4,1,3,6,8,7,171.6,1,0,0,1,0,0,20,0,0,6,7,5,10.52,0,0,6,8,5,16.16,0,10.1,2.2,-1.49,Enrolled
1,6,4,33,1,5,162.9,1,28,5,10,10,165.9,1,0,0,1,1,0,19,0,0,6,9,5,14.37,0,0,6,7,4,14.86,0,10.4,1.6,1.64,Enrolled
1,1,5,8014,1,8,101.2,1,17,15,2,2,138.7,0,0,1,0,0,0,29,0,0,6,7,2,12.56,0,0,6,8,2,12.35,0,8.1,1.7,0.55,Dropout
1,9,5,33,1,9,153.1,1,13,19,7,7,135.1,0,0,0,1,0,0,21,0,0,6,8,6,15.61,0,0,6,9,6,14.34,0,7.5,2.6,0.40,Graduate
2,6,1,9773,1,10,158.1,1,24,4,7,8,144.1,0,0,0,1,0,1,27,0,0,6,7,2,12.87,0,0,6,7,2,12.59,0,6.7,1.9,1.47,Dropout
2,12,4,9670,0,6,116.3,1,10,18,5,8,112.7,1,1,0,1,0,0,18,0,0,6,7,6,13.78,0,0,6,6,6,11.42,0,8.5,2.8,-1.18,Enrolled
2,3,4,9670,1,11,153.8,1,8,24,2,5,161.4,1,0,1,1,1,0,25,0,0,6,9,0,0,0,0,6,9,2,10.98,0,10.2,0.9,0.16,Dropout
1,12,6,33,1,8,173.3,1,16,11,12,7,178.0,1,0,0,1,0,1,23,0,0,6,6,6,11.69,0,0,6,7,4,11.03,0,7.1,3.4,-1.47,Graduate
1,6,5,9147,1,14,166.9,1,10,10,2,2,140.3,0,0,1,1,1,0,27,0,0,6,7,1,10.04,0,0,6,8,1,10.77,0,6.5,2.6,-1.27,Dropout
1,18,6,171,1,15,119.3,1,9,2,7,1,181.0,0,0,0,1,0,0,18,0,0,6,7,4,16.39,0,0,6,7,4,10.97,0,9.1,2.0,-0.65,Graduate
1,5,6,8014,1,15,158.3,1,5,12,8,2,187.0,0,0,0,1,1,0,19,0,0,6,7,4,11.64,0,0,6,6,5,15.6,0,11.4,3.1,1.29,Graduate
1,11,3,8014,1,5,115.2,1,21,3,9,10,152.2,0,0,1,0,0,0,26,0,0,6,9,1,10.6,0,0,6,6,2,11.62,0,9.1,2.4,-0.29,Dropout
1,9,3,171,1,8,135.5,1,2,18,6,4,111.2,0,0,0,1,1,0,22,0,0,6,7,5,16.65,0,0,6,7,5,10.38,0,11.2,1.8,-1.30,Enrolled
1,8,5,9003,1,5,126.1,1,11,28,1,6,112.8,0,0,0,1,0,0,23,0,0,6,6,5,11.4,0,0,6,7,4,14.94,0,5.8,2.5,-1.62,Enrolled
1,4,5,9853,1,14,107.9,1,6,12,2,9,106.2,0,0,0,1,1,0,21,0,0,6,8,4,11,0,0,6,6,5,15.23,0,4.3,3.0,0.19,Enrolled
1,9,6,9556,1,2,125.9,1,13,7,12,12,126.0,0,0,0,1,1,0,18,0,0,6,7,5,14.8,0,0,6,8,4,11.76,0,8.5,1.9,-0.11,Graduate
1,4,4,9991,1,2,139.2,1,3,13,10,10,181.9,0,0,1,0,1,0,18,0,0,6,8,0,0,0,0,6,7,0,0,0,9.9,2.3,-0.13,Dropout
1,10,5,9238,1,4,122.0,1,17,14,2,3,127.3,1,0,0,1,0,0,19,0,0,6,8,6,13.75,0,0,6,7,5,10.75,0,7.0,2.6,-0.56,Graduate
1,4,3,9085,1,5,155.4,1,28,17,8,11,178.6,0,0,0,1,1,0,22,0,0,6,6,6,10.61,0,0,6,9,5,10.15,0,11.3,3.1,-0.98,Graduate
1,3,1,9003,0,4,140.7,1,10,24,11,11,177.6,0,0,0,1,0,0,23,0,0,6,9,5,15.39,0,0,6,6,4,12.3,0,8.9,0.6,-0.49,Enrolled
1,15,4,9130,0,2,144.0,1,22,17,2,10,174.3,1,0,1,1,0,0,23,0,0,6,8,0,0,0,0,6,9,1,12.1,0,5.6,0.6,1.59,Dropout
1,8,4,9853,1,2,165.3,1,29,20,10,3,152.7,0,0,0,1,0,0,23,0,0,6,7,6,11.92,0,0,6,7,5,16.06,0,8.8,1.7,1.59,Graduate
1,13,4,9773,0,15,105.1,1,4,28,3,10,133.6,1,0,0,1,1,0,21,0,0,6,7,6,11.56,0,0,6,6,6,12.48,0,6.9,1.5,-0.75,Graduate
1,13,2,9003,1,14,177.9,1,29,26,11,8,125.3,0,0,0,1,1,0,22,0,0,6,7,5,11.09,0,0,6,8,4,11.68,0,5.4,2.2,-1.41,Graduate
1,7,3,9500,1,12,136.9,1,21,3,9,12,146.9,1,0,0,1,0,0,18,0,0,6,8,4,15.31,0,0,6,8,6,10.72,0,7.0,1.7,-1.16,Graduate
2,18,4,171,1,5,155.5,1,4,23,7,12,138.7,0,0,1,0,1,0,29,0,0,6,9,1,11.79,0,0,6,9,2,11.68,0,11.3,2.7,-1.63,Dropout
1,15,4,9853,1,3,103.7,1,27,26,12,9,185.4,0,0,0,1,1,0,23,0,0,6,6,4,12.66,0,0,6,9,6,13.77,0,10.5,2.1,-1.26,Graduate
1,7,1,9773,1,2,156.5,1,11,4,4,1,173.4,1,0,0,1,0,0,22,0,0,6,7,5,15.98,0,0,6,7,5,13.55,0,5.8,2.5,-1.63,Enrolled
1,8,5,9773,1,15,131.0,1,26,4,11,11,123.8,0,0,0,1,1,0,21,0,0,6,9,5,10.24,0,0,6,6,4,13.41,0,5.2,2.2,-1.24,Enrolled
1,5,1,9085,1,5,137.3,1,28,12,1,11,172.3,0,0,1,1,1,0,29,0,0,6,9,3,11.72,0,0,6,7,1,11.45,0,4.4,1.1,0.66,Dropout
1,1,3,9130,1,7,115.9,1,18,5,5,8,134.0,0,0,0,1,0,0,19,0,0,6,8,6,15.56,0,0,6,9,6,10.03,0,8.4,0.4,0.53,Graduate
1,2,1,33,1,15,152.6,1,7,4,10,6,136.7,1,0,0,1,0,0,20,0,0,6,8,6,13.72,0,0,6,8,5,10.2,0,5.4,0.6,0.46,Graduate
1,5,6,9556,1,13,107.8,1,1,17,9,5,162.3,0,0,1,1,0,1,27,0,0,6,6,3,10.49,0,0,6,9,2,10.46,0,3.6,0.6,0.67,Dropout
1,7,1,9853,1,13,116.9,1,24,6,6,1,168.8,1,0,0,1,1,0,25,0,0,6,6,3,12.61,0,0,6,6,2,12.4,0,8.4,2.8,2.02,Dropout
1,8,6,9991,1,6,175.7,1,29,1,9,8,183.9,1,0,1,0,0,0,21,0,0,6,7,2,12.86,0,0,6,7,2,11.99,0,4.9,2.1,-0.39,Dropout
2,5,6,9085,1,15,176.8,1,28,25,12,12,173.4,1,0,0,1,0,0,20,0,0,6,9,6,11.5,0,0,6,7,5,15,0,9.5,3.3,0.54,Enrolled
1,16,5,33,1,3,170.4,1,12,6,8,5,142.2,0,0,0,1,0,0,19,0,0,6,6,4,12.71,0,0,6,6,4,14.2,0,4.2,3.0,-0.69,Graduate
1,16,1,9130,1,8,183.1,1,1,28,1,10,153.9,1,0,0,1,0,1,23,0,0,6,9,5,13.91,0,0,6,7,4,11.57,0,6.4,2.0,0.88,Graduate
2,7,3,9853,1,13,114.9,1,28,9,8,8,136.1,1,0,0,1,0,0,21,0,0,6,7,1,12.37,0,0,6,9,2,10.83,0,5.1,2.7,0.27,Dropout
2,13,4,9238,1,3,117.7,1,9,26,6,3,138.0,1,0,0,1,1,0,28,0,0,6,7,1,11.62,0,0,6,8,0,0,0,10.9,0.9,0.81,Dropout
1,7,5,9119,1,13,164.9,1,6,25,1,5,165.6,0,0,1,1,1,0,29,0,0,6,7,2,10.05,0,0,6,8,2,10.48,0,10.6,2.4,-1.61,Dropout
1,10,2,9119,1,1,155.3,1,1,2,3,5,186.9,1,1,0,1,1,0,21,0,0,6,9,6,10.78,0,0,6,8,5,10.64,0,4.7,2.5,-1.23,Graduate
1,11,2,9238,1,13,133.1,1,25,22,8,4,147.6,1,0,0,1,0,0,23,0,0,6,6,4,16.64,0,0,6,6,4,12.84,0,6.0,0.7,1.85,Graduate
1,15,1,9773,1,10,122.7,1,3,10,10,11,157.9,1,0,0,1,1,1,21,0,0,6,8,6,10.86,0,0,6,8,4,13.88,0,6.7,2.1,1.13,Graduate
1,6,6,9119,1,13,113.8,1,14,4,11,4,174.6,1,0,1,1,0,0,27,0,0,6,8,0,0,0,0,6,8,2,11.56,0,10.7,1.1,-1.05,Dropout
1,16,1,9070,1,2,113.5,1,24,8,7,10,140.0,1,0,0,1,0,0,19,0,0,6,8,4,12.83,0,0,6,9,5,16.73,0,4.1,0.7,1.30,Graduate
1,6,3,9147,1,8,125.0,1,16,4,11,8,164.8,0,0,0,1,0,0,22,0,0,6,6,0,0,0,0,6,6,2,12.24,0,3.9,0.7,-0.90,Dropout
1,7,6,9070,1,11,146.8,1,28,18,6,9,110.5,1,0,0,1,0,0,22,0,0,6,9,4,14.47,0,0,6,6,5,13.57,0,7.4,2.0,0.28,Graduate
1,8,5,9254,1,13,150.3,1,11,16,2,12,160.2,0,0,0,1,1,0,20,0,0,6,8,4,12.15,0,0,6,9,6,16.43,0,10.4,0.7,1.45,Enrolled
1,15,3,8014,1,12,187.3,1,16,23,1,8,181.4,0,0,1,1,0,0,27,0,0,6,6,1,12.15,0,0,6,6,1,10.91,0,10.7,2.6,0.70,Dropout
2,3,3,9991,1,5,116.2,1,10,26,5,3,189.9,1,0,0,1,1,0,25,0,0,6,7,2,10.29,0,0,6,8,0,0,0,11.0,3.0,2.19,Dropout
1,6,3,9500,1,9,108.8,1,3,11,3,3,109.9,1,0,0,1,1,1,22,0,0,6,7,6,12.61,0,0,6,8,6,12.06,0,10.7,2.4,1.93,Graduate
1,12,1,9991,1,9,156.6,1,6,6,10,9,117.4,1,0,0,1,0,0,19,0,0,6,9,6,15.92,0,0,6,7,6,16.04,0,9.7,2.3,1.68,Graduate
1,8,6,33,1,1,161.4,1,17,21,10,4,138.0,0,0,0,1,0,0,22,0,0,6,6,6,16.6,0,0,6,7,6,14.43,0,5.7,0.5,-0.72,Graduate
1,16,6,171,1,7,136.8,1,20,11,8,5,189.5,1,0,0,1,0,0,19,0,0,6,9,3,12.62,0,0,6,9,2,10.13,0,10.3,1.2,1.38,Dropout
1,14,5,171,1,9,140.3,1,29,3,7,3,158.4,1,0,0,1,0,1,21,0,0,6,9,4,11.26,0,0,6,9,5,12.83,0,3.7,0.5,0.54,Enrolled
1,6,6,9556,1,9,181.1,1,25,19,11,3,189.7,1,0,0,1,1,0,18,0,0,6,6,6,13.23,0,0,6,9,5,13.87,0,9.1,2.5,-1.47,Enrolled
1,9,3,9119,1,5,125.5,1,20,6,10,5,176.2,0,0,0,1,1,0,23,0,0,6,6,6,11.18,0,0,6,9,5,16.1,0,4.1,2.1,1.81,Graduate
1,1,3,9254,0,6,141.9,1,25,20,9,1,153.6,1,0,0,0,0,0,23,0,0,6,9,3,10.51,0,0,6,8,1,11.64,0,9.7,2.1,1.67,Dropout
1,12,6,9254,1,10,185.4,1,17,19,10,8,169.3,0,0,0,1,0,0,20,0,0,6,8,4,13.76,0,0,6,6,4,14.64,0,4.7,3.3,2.01,Graduate
2,7,6,171,1,14,109.7,1,16,8,5,5,129.6,0,0,0,1,1,1,18,0,0,6,8,6,16.79,0,0,6,8,5,16.3,0,10.3,2.4,-0.06,Graduate
1,1,4,9556,1,2,117.6,1,12,25,5,9,116.1,0,0,0,1,1,0,20,0,0,6,8,5,11.36,0,0,6,7,6,13.5,0,5.7,3.0,-0.49,Graduate
1,11,1,9147,1,13,152.3,1,10,5,8,8,170.3,0,0,0,1,1,0,19,0,0,6,9,4,13.52,0,0,6,8,4,13.14,0,6.3,2.7,1.17,Graduate
1,5,1,9556,1,1,143.4,1,9,11,9,5,137.4,0,0,0,1,0,0,23,0,0,6,9,5,12.02,0,0,6,6,5,15.67,0,4.3,1.7,2.26,Graduate
1,10,1,9670,1,1,160.5,1,10,3,8,3,174.9,0,0,0,1,1,1,20,0,0,6,6,5,16.07,0,0,6,8,6,11.39,0,7.5,0.5,-0.37,Graduate
1,18,1,9238,1,8,163.8,1,2,14,3,10,162.9,0,0,0,1,0,0,22,0,0,6,6,5,13.59,0,0,6,6,6,11.82,0,4.1,2.2,-0.01,Graduate
1,15,4,9003,1,8,119.5,1,21,26,12,10,102.7,0,0,0,1,0,0,18,0,0,6,7,6,11.92,0,0,6,7,4,13.99,0,7.0,2.9,-0.53,Graduate
1,14,5,171,1,11,161.1,1,2,12,7,3,146.2,1,0,0,1,1,0,23,0,0,6,9,4,14.88,0,0,6,9,6,10.83,0,8.6,0.7,-1.21,Enrolled
1,14,3,9670,1,9,100.8,1,28,13,2,2,114.0,1,0,0,1,0,1,21,0,0,6,6,6,10.44,0,0,6,8,4,14.92,0,11.1,1.1,1.94,Enrolled
1,14,5,9991,1,7,155.0,1,15,4,10,1,106.6,1,0,1,1,0,0,27,0,0,6,7,1,10.8,0,0,6,7,1,11.13,0,6.0,1.9,-0.55,Dropout
1,12,5,9119,1,2,100.7,1,11,15,8,12,184.7,0,0,0,1,0,0,21,0,0,6,7,5,14.81,0,0,6,9,4,11.98,0,6.3,2.3,0.38,Enrolled
2,3,5,9003,0,13,125.9,1,1,10,11,12,154.4,0,0,0,1,0,0,21,0,0,6,9,4,14.6,0,0,6,6,6,13.62,0,4.2,1.3,0.20,Graduate
1,9,2,9070,1,15,121.1,1,22,27,3,3,106.4,0,0,0,1,1,0,21,0,0,6,7,4,10.23,0,0,6,9,4,14.59,0,4.8,2.4,1.59,Enrolled
1,8,3,9238,1,8,125.7,1,7,27,9,9,185.8,1,0,0,1,1,0,20,0,0,6,6,4,11.6,0,0,6,8,6,13.5,0,3.8,3.1,1.14,Graduate
1,18,2,9773,1,15,110.4,1,2,16,8,2,187.8,1,0,0,1,1,0,22,0,0,6,9,5,12.26,0,0,6,7,4,10.08,0,8.3,0.8,2.29,Graduate
1,7,2,8014,1,8,163.2,1,15,25,9,2,143.7,1,0,1,0,0,0,29,0,0,6,8,3,12.82,0,0,6,7,1,10.93,0,5.9,0.6,-1.65,Dropout
1,10,4,9670,1,12,109.2,1,25,9,11,6,149.4,0,0,0,1,0,0,21,0,0,6,8,5,12.87,0,0,6,8,5,15.2,0,10.7,2.9,0.91,Graduate
1,5,1,171,1,12,139.7,1,24,25,12,7,147.2,0,0,0,1,1,0,23,0,0,6,6,5,13.77,0,0,6,7,6,10.8,0,9.7,2.3,-0.87,Enrolled
1,9,6,9238,1,3,176.1,1,12,8,9,10,184.6,1,0,0,1,0,1,22,0,0,6,9,6,15.71,0,0,6,7,4,15.7,0,10.0,3.2,2.12,Graduate
1,4,4,33,1,12,160.3,1,24,7,12,9,106.2,1,0,0,1,1,0,20,0,0,6,6,3,11.38,0,0,6,6,1,12.65,0,10.0,0.6,0.28,Dropout
1,15,5,9853,1,13,186.5,1,18,11,2,4,119.3,0,0,0,1,0,0,18,0,0,6,6,5,15.13,0,0,6,8,6,15.86,0,8.5,3.0,2.17,Graduate
1,6,1,9147,0,10,136.2,1,15,14,11,3,156.5,0,0,0,1,1,0,22,0,0,6,9,6,15.38,0,0,6,8,4,14.26,0,10.7,2.1,-0.33,Graduate
1,16,5,171,1,5,110.8,1,20,15,4,4,147.0,1,0,0,1,0,0,18,0,0,6,6,6,11.41,0,0,6,6,6,11.95,0,7.7,2.6,1.73,Graduate
1,18,6,9991,1,10,165.5,1,1,29,6,8,154.2,0,0,0,1,0,0,24,0,0,6,8,3,10.21,0,0,6,6,2,10.24,0,8.3,3.0,-0.77,Dropout
1,9,4,9853,1,15,137.7,1,13,7,5,3,177.8,1,0,1,1,0,0,28,0,0,6,6,1,12.75,0,0,6,7,2,11.22,0,11.0,2.8,-0.27,Dropout
1,10,4,9238,1,9,188.0,1,3,13,6,10,140.3,1,0,0,1,1,0,21,0,0,6,6,5,13.75,0,0,6,7,6,11.9,0,8.0,3.2,-1.57,Enrolled
1,1,4,9003,1,1,148.8,1,21,23,10,9,164.5,1,0,0,1,0,0,23,0,0,6,9,5,10.35,0,0,6,7,5,15.75,0,10.8,1.4,1.91,Enrolled
1,6,2,9130,0,10,101.8,1,27,24,2,12,150.7,0,0,0,1,1,1,19,0,0,6,7,4,15.64,0,0,6,6,4,13.67,0,11.2,0.9,1.15,Graduate
1,10,6,9130,1,4,129.3,1,27,2,10,4,120.8,1,0,0,1,1,0,20,0,0,6,7,6,15.77,0,0,6,9,5,11.76,0,6.3,1.9,1.24,Enrolled
1,14,5,9130,1,14,178.6,1,5,15,7,4,181.4,1,0,1,1,0,0,18,0,0,6,6,2,10.98,0,0,6,6,1,12.56,0,8.3,2.7,-0.36,Dropout
1,7,6,9991,1,1,176.6,1,18,20,3,9,164.5,1,0,0,1,0,0,21,0,0,6,6,4,14.98,0,0,6,9,6,15.15,0,7.4,0.5,0.42,Graduate
1,1,1,171,1,11,160.2,1,5,14,7,7,130.0,1,0,0,1,0,0,20,0,0,6,8,5,13.37,0,0,6,6,5,13.39,0,3.8,2.9,1.19,Graduate
1,12,3,9254,1,2,166.6,1,21,9,2,12,138.8,1,0,0,1,1,0,18,0,0,6,7,6,12.13,0,0,6,6,5,15.35,0,11.4,3.2,0.51,Graduate
1,13,4,9147,1,8,104.6,1,7,3,8,2,140.9,1,0,0,1,1,1,21,0,0,6,9,5,14.56,0,0,6,9,4,15.99,0,4.5,2.1,-0.10,Graduate
1,13,4,9500,1,12,186.7,1,27,25,4,8,121.9,1,0,1,1,0,0,24,0,0,6,8,3,11.37,0,0,6,8,0,0,0,7.6,2.2,-0.14,Dropout
1,1,6,9147,0,3,122.6,1,21,10,4,5,187.9,1,0,0,1,0,0,18,0,0,6,9,6,11.47,0,0,6,6,5,12.54,0,8.8,3.2,-1.54,Enrolled
1,5,6,9853,1,1,184.9,1,18,6,4,3,130.8,1,0,0,1,1,0,22,0,0,6,8,6,15.63,0,0,6,7,6,15.5,0,7.7,0.7,-1.55,Graduate
1,15,6,9254,0,1,103.6,1,19,12,5,5,159.8,0,0,1,1,1,0,23,0,0,6,7,2,10.5,0,0,6,7,1,10.84,0,6.9,3.4,-0.45,Dropout
1,18,1,9070,1,4,148.4,1,15,15,7,10,117.3,0,0,0,1,1,0,18,0,0,6,9,4,15.64,0,0,6,9,6,14.12,0,4.1,2.0,-0.83,Graduate
1,4,4,9119,1,6,161.9,1,8,10,4,6,105.3,0,0,0,1,0,0,23,0,0,6,8,4,10.92,0,0,6,8,5,14.68,0,10.4,2.6,2.17,Enrolled
2,8,3,9500,1,7,152.7,1,5,21,4,5,165.5,1,0,0,0,1,0,20,0,0,6,6,0,0,0,0,6,6,1,12.32,0,10.5,3.0,-0.59,Dropout
1,1,5,9130,1,1,131.1,1,4,29,9,9,162.9,1,0,0,1,0,0,20,0,0,6,9,6,11.93,0,0,6,8,6,12.7,0,6.4,1.8,1.72,Graduate
1,3,3,9853,1,4,139.5,1,18,8,4,10,177.2,1,0,0,1,1,1,21,0,0,6,6,4,11.41,0,0,6,7,6,14.56,0,8.4,1.8,1.45,Graduate
2,15,5,9991,1,5,181.0,1,24,22,9,5,117.9,0,0,0,1,0,0,21,0,0,6,7,5,13.02,0,0,6,8,6,10.34,0,4.1,1.7,1.79,Graduate
1,5,2,9853,1,7,168.8,1,18,21,6,5,112.3,0,0,1,1,0,0,22,0,0,6,8,6,15.93,0,0,6,8,5,15.34,0,3.9,2.6,-0.04,Graduate
1,16,6,8014,1,12,158.8,1,4,11,1,4,149.4,0,0,0,1,1,0,19,0,0,6,7,5,11.7,0,0,6,6,6,16.47,0,10.4,2.3,0.59,Enrolled
1,6,2,8014,1,4,165.4,1,24,22,12,9,187.4,1,0,0,1,0,0,21,0,0,6,7,4,15.92,0,0,6,6,6,16.26,0,5.0,0.4,0.56,Graduate
1,16,4,9556,1,13,177.8,1,16,9,7,2,144.1,0,0,0,1,0,0,23,0,0,6,8,6,15.39,0,0,6,7,6,14.27,0,4.8,1.0,1.40,Graduate
1,3,5,9085,1,14,174.0,1,9,21,3,9,133.3,0,0,0,1,1,0,25,0,0,6,8,0,0,0,0,6,9,0,0,0,6.3,2.3,0.97,Dropout
2,5,2,33,1,6,155.2,1,7,1,9,5,122.2,1,0,0,1,0,0,21,0,0,6,8,4,10.84,0,0,6,8,6,12.1,0,11.3,0.5,0.59,Graduate
1,6,5,9556,0,10,138.6,1,18,3,8,1,187.4,1,0,0,1,1,0,23,0,0,6,6,5,16.43,0,0,6,6,5,15.12,0,5.3,1.1,1.64,Graduate
1,4,6,33,1,3,141.4,1,11,12,4,2,180.8,0,0,0,1,0,1,23,0,0,6,7,6,10.88,0,0,6,6,5,10.98,0,3.9,1.3,0.93,Graduate
1,6,3,9003,0,12,130.8,1,18,7,6,10,143.0,1,0,0,1,1,0,18,0,0,6,9,6,11.51,0,0,6,7,4,12.91,0,4.5,3.0,0.89,Graduate
1,14,4,171,0,6,153.7,1,17,9,7,5,146.5,0,0,0,0,1,0,29,0,0,6,7,1,12.84,0,0,6,7,2,11.37,0,5.7,2.6,-0.28,Dropout
1,16,4,171,1,13,134.5,1,12,22,1,5,167.6,0,0,0,1,0,0,23,0,0,6,6,6,15.93,0,0,6,9,5,16.37,0,8.8,0.7,0.31,Graduate
1,15,3,9991,1,11,136.8,1,21,27,12,2,189.7,0,0,0,1,0,0,21,0,0,6,8,4,14.67,0,0,6,6,5,14.24,0,4.5,2.2,-0.79,Enrolled
1,13,6,9070,1,3,103.2,1,11,29,3,7,132.9,1,0,0,1,1,0,26,0,0,6,7,2,11.9,0,0,6,7,0,0,0,4.8,2.8,0.72,Dropout
1,8,5,9500,1,4,116.2,1,25,23,11,5,118.5,1,0,0,1,1,0,22,0,0,6,9,4,14.32,0,0,6,8,5,10.96,0,7.5,0.6,1.15,Graduate
2,1,2,9773,0,10,129.4,1,3,24,12,1,172.5,1,0,0,1,0,0,22,0,0,6,6,6,14.62,0,0,6,8,5,13.81,0,8.2,1.7,2.11,Graduate
1,11,2,9238,1,9,156.1,1,18,5,6,5,117.5,1,0,1,1,0,1,20,0,0,6,6,2,10.54,0,0,6,6,0,0,0,6.3,3.3,-0.47,Dropout
1,9,2,9003,1,9,123.4,1,28,12,6,1,107.8,0,0,0,1,0,0,22,0,0,6,7,4,14.91,0,0,6,7,6,15.19,0,11.4,3.4,-1.07,Graduate
1,9,1,9254,1,5,117.2,1,23,23,5,2,184.4,0,0,0,1,0,0,19,0,0,6,6,5,10.5,0,0,6,7,4,11.6,0,7.9,1.0,0.27,Graduate
1,15,4,9773,1,1,129.8,1,1,10,1,9,115.5,1,0,0,1,1,0,18,0,0,6,9,6,15.06,0,0,6,6,6,13.13,0,9.8,1.8,1.47,Graduate
1,8,6,9070,1,13,126.5,1,14,20,3,11,145.7,1,0,0,1,1,0,18,0,0,6,7,4,10.53,0,0,6,9,5,13.22,0,8.9,0.9,1.44,Graduate
1,9,5,9238,1,11,134.3,1,11,16,7,4,108.6,1,0,1,0,1,0,26,0,0,6,8,2,10.96,0,0,6,8,0,0,0,10.4,1.2,-1.67,Dropout
1,18,4,33,1,12,130.3,1,17,9,5,3,115.6,0,0,0,1,0,0,20,0,0,6,9,6,13.26,0,0,6,7,5,16.79,0,10.7,3.0,0.26,Graduate
1,5,5,9670,1,10,157.1,1,17,19,10,2,130.1,1,0,0,1,0,0,21,0,0,6,6,6,10.89,0,0,6,9,4,12.97,0,11.6,2.4,1.52,Graduate
1,3,6,8014,1,3,116.5,1,10,8,9,10,135.4,1,0,0,1,1,1,29,0,0,6,6,2,12.77,0,0,6,6,1,10.98,0,10.2,1.0,0.77,Dropout
1,13,5,9853,1,1,186.3,1,11,11,6,2,173.3,0,0,0,1,1,0,18,0,0,6,7,6,16.72,0,0,6,7,5,15.67,0,4.9,2.6,0.10,Graduate
1,5,5,9254,1,9,137.6,1,13,6,9,5,184.8,1,0,0,1,0,0,22,0,0,6,8,1,11.9,0,0,6,9,2,12.78,0,10.6,3.3,-1.41,Dropout
1,2,3,9556,1,1,167.1,1,29,1,9,8,125.4,1,0,0,1,0,0,18,0,0,6,6,6,12.89,0,0,6,8,5,14.24,0,6.0,3.1,-1.29,Graduate
1,17,2,9119,1,3,118.3,1,12,9,11,2,164.9,1,0,0,0,0,0,20,0,0,6,9,3,11.59,0,0,6,6,0,0,0,7.1,3.0,1.43,Dropout
1,3,3,9670,1,8,184.2,1,8,18,5,10,148.1,1,0,0,1,1,1,22,0,0,6,9,4,13.08,0,0,6,9,4,15.28,0,4.4,1.7,-1.24,Graduate
1,5,6,9147,1,1,149.9,1,25,13,5,12,166.7,1,0,0,1,0,1,23,0,0,6,6,4,10.3,0,0,6,8,4,16.37,0,4.3,2.3,-0.43,Graduate
1,9,1,9556,1,3,151.8,1,12,24,11,9,138.4,1,0,1,1,1,0,26,0,0,6,8,0,0,0,0,6,9,0,0,0,6.4,1.1,-1.26,Dropout
1,12,4,9670,0,15,169.6,1,13,6,5,8,176.9,0,0,0,0,0,0,22,0,0,6,9,3,10.04,0,0,6,8,2,11.24,0,10.8,3.4,-0.09,Dropout
1,17,3,8014,0,6,177.3,1,5,18,3,8,170.6,1,0,0,1,0,0,22,0,0,6,6,5,14.58,0,0,6,9,4,16.31,0,7.8,2.8,0.85,Graduate
1,3,1,8014,1,14,110.9,1,16,19,4,3,107.2,1,0,0,1,0,0,20,0,0,6,7,5,15.25,0,0,6,7,4,14.42,0,9.6,1.0,0.11,Graduate
1,13,5,9670,1,4,148.8,1,15,24,9,9,128.4,0,0,1,0,1,0,26,0,0,6,8,1,12.53,0,0,6,9,2,11.21,0,6.7,2.7,-0.93,Dropout
1,4,3,9556,1,9,131.1,1,1,18,8,2,187.4,1,0,0,1,0,0,22,0,0,6,9,6,10.37,0,0,6,9,4,15.97,0,6.3,0.8,-0.05,Enrolled
1,12,4,9991,1,5,152.6,1,24,23,3,3,169.1,0,0,1,0,0,0,19,0,0,6,9,3,11.57,0,0,6,8,2,12.86,0,10.4,1.5,-0.06,Dropout
1,6,3,9003,1,2,150.9,1,28,12,4,3,150.8,1,0,0,1,0,0,18,0,0,6,6,4,10.49,0,0,6,9,5,13.24,0,9.1,0.9,1.51,Graduate
1,5,1,9254,1,8,112.3,1,2,25,10,6,183.4,1,0,0,1,1,0,19,0,0,6,9,5,11.07,0,0,6,6,6,11.19,0,6.3,1.5,0.65,Enrolled
1,10,1,9773,1,5,100.4,1,3,16,5,1,147.1,1,0,0,1,0,0,19,0,0,6,7,5,13.03,0,0,6,6,4,16.9,0,7.0,1.2,-0.29,Graduate
1,12,4,9556,1,1,173.5,1,22,10,5,8,145.8,0,0,0,1,1,0,19,0,0,6,8,6,11.9,0,0,6,6,4,16.7,0,11.2,0.7,1.79,Graduate
1,8,1,9556,1,3,184.4,1,8,28,7,11,164.4,1,0,0,1,0,1,18,0,0,6,9,6,10.8,0,0,6,9,4,13.82,0,8.7,2.2,-0.95,Graduate
1,14,6,9254,1,12,133.3,1,21,24,2,12,158.6,1,0,0,1,0,0,21,0,0,6,8,3,11.66,0,0,6,9,2,12.43,0,5.2,3.3,0.78,Dropout
1,8,3,9130,1,13,116.8,1,3,21,6,8,143.0,1,0,0,1,1,0,19,0,0,6,8,6,16.08,0,0,6,7,4,14.7,0,7.3,1.9,-0.44,Graduate
1,7,5,9556,1,6,172.3,1,8,28,12,5,121.2,0,0,0,1,0,0,19,0,0,6,6,6,11.54,0,0,6,9,6,11.72,0,10.3,0.9,-0.01,Graduate
1,2,6,9238,1,6,160.7,1,14,3,6,11,113.8,0,0,0,1,1,1,18,0,0,6,8,5,15.09,0,0,6,8,6,11.69,0,9.0,3.0,1.71,Graduate
1,17,1,9773,1,15,168.4,1,15,12,5,10,121.6,1,0,0,1,1,0,18,0,0,6,9,6,14.59,0,0,6,9,6,11.12,0,7.6,1.7,1.41,Enrolled
1,10,1,9991,1,4,157.0,1,20,25,2,7,187.8,0,0,0,1,1,0,23,0,0,6,7,6,13,0,0,6,6,5,15.41,0,8.9,1.6,1.08,Enrolled
1,2,3,9238,1,9,105.1,1,20,21,7,2,125.8,1,0,0,1,0,0,21,0,0,6,7,4,12.6,0,0,6,9,4,15.66,0,11.4,2.3,1.11,Graduate
1,12,5,9130,1,1,113.7,1,15,2,1,5,148.7,1,0,0,1,0,0,18,0,0,6,7,6,12.7,0,0,6,6,5,16.05,0,3.8,0.5,-1.65,Graduate
1,7,1,9147,1,15,116.6,1,27,18,12,1,102.1,0,0,1,1,0,1,22,0,0,6,6,6,12.75,0,0,6,7,5,15.87,0,9.3,1.9,2.02,Graduate
1,13,6,9991,1,1,159.3,1,19,7,2,10,138.2,0,0,1,1,0,0,23,0,0,6,7,4,11.77,0,0,6,7,4,10.04,0,7.6,1.3,1.49,Enrolled
1,8,4,8014,1,14,179.3,1,3,25,10,5,105.9,1,0,1,1,0,0,21,0,0,6,6,2,12.3,0,0,6,9,2,12.66,0,4.5,0.6,0.08,Dropout
1,5,1,171,1,8,167.1,1,3,17,6,7,130.6,0,0,1,1,1,0,23,0,0,6,7,2,11.93,0,0,6,9,2,10.55,0,6.0,3.0,1.40,Dropout
1,13,1,171,1,5,103.5,1,18,18,8,8,149.6,1,0,1,1,0,0,29,0,0,6,6,3,11.23,0,0,6,9,0,0,0,11.3,3.2,-1.52,Dropout
1,15,4,9130,1,5,176.7,1,29,4,9,4,143.2,1,0,0,1,1,0,20,0,0,6,7,5,11.78,0,0,6,6,4,16.87,0,8.4,0.8,-0.19,Enrolled
1,17,4,9070,1,6,129.2,1,14,27,9,8,130.4,1,0,0,1,1,0,21,0,0,6,7,5,11.1,0,0,6,7,5,10.36,0,8.3,3.3,0.27,Graduate
1,1,3,9003,1,14,166.8,1,16,17,6,7,132.4,1,0,1,1,1,0,20,0,0,6,9,0,0,0,0,6,9,0,0,0,10.3,0.6,0.90,Dropout
1,3,6,9556,1,13,128.5,1,7,22,9,3,129.2,1,0,0,1,1,0,22,0,0,6,6,5,11.42,0,0,6,6,5,11.45,0,5.5,3.0,-1.58,Graduate
1,13,1,9085,1,1,137.5,1,3,27,11,6,100.5,0,1,0,1,0,0,18,0,0,6,8,6,16.6,0,0,6,8,6,15.41,0,5.4,0.6,0.45,Graduate
1,8,4,9147,1,2,187.0,1,27,28,4,2,123.1,1,0,1,0,1,0,29,0,0,6,9,2,11.62,0,0,6,7,2,10.45,0,10.1,0.5,-1.05,Dropout
2,9,5,8014,1,6,132.2,1,29,8,8,11,120.2,1,0,1,0,0,0,19,0,0,6,6,3,11.04,0,0,6,6,2,12.16,0,4.9,2.2,0.75,Dropout
1,16,3,9119,1,15,159.3,1,9,15,4,7,183.3,1,0,1,1,1,0,19,0,0,6,8,5,15.44,0,0,6,6,5,12.51,0,10.0,1.4,-1.00,Graduate
1,14,1,8014,1,11,150.3,1,16,26,4,6,159.1,0,0,0,1,1,0,23,0,0,6,7,5,12.15,0,0,6,8,6,13.52,0,7.8,3.3,0.79,Graduate
1,15,4,9070,1,14,108.2,1,11,5,11,3,168.4,0,0,0,1,0,1,22,0,0,6,6,6,10.85,0,0,6,6,6,12.8,0,9.0,0.8,-0.36,Graduate
1,11,4,9991,0,14,103.0,1,3,24,8,1,139.0,1,0,0,1,1,0,18,0,0,6,6,5,13.84,0,0,6,8,4,15.69,0,9.5,1.5,-0.82,Graduate
1,13,3,33,1,6,149.0,1,29,28,4,2,171.7,0,0,0,1,1,0,21,0,0,6,8,3,12.79,0,0,6,6,0,0,0,4.2,2.6,-1.19,Dropout
1,10,6,9254,1,3,178.7,1,10,6,6,8,119.5,1,0,0,0,0,1,23,0,0,6,7,1,10.95,0,0,6,6,0,0,0,4.4,3.2,0.37,Dropout
1,12,5,9070,1,15,179.2,1,22,22,12,5,178.6,1,0,0,1,0,0,22,0,0,6,8,6,16.06,0,0,6,7,4,16.47,0,9.8,0.6,0.95,Graduate
1,18,1,9070,1,9,184.8,1,23,21,7,4,100.9,1,1,0,1,0,0,21,0,0,6,7,6,16.72,0,0,6,7,6,12.14,0,10.1,2.0,-0.46,Graduate
1,2,6,9500,0,1,121.6,1,7,5,12,7,160.4,1,0,0,1,1,0,22,0,0,6,8,6,10.18,0,0,6,9,4,16.16,0,9.8,1.9,2.27,Enrolled
1,18,6,33,1,5,150.2,1,23,20,6,2,106.2,0,0,0,1,1,0,23,0,0,6,9,4,16.8,0,0,6,9,5,12.84,0,4.5,2.8,-0.10,Graduate
1,16,6,9147,1,8,140.3,1,23,10,2,5,173.0,1,1,0,1,0,0,21,0,0,6,8,6,12.67,0,0,6,6,6,14.5,0,11.4,1.7,1.97,Graduate
1,12,1,9500,1,3,107.5,1,27,17,12,11,101.1,1,0,0,1,1,1,19,0,0,6,6,4,10.2,0,0,6,9,6,12.36,0,10.0,2.7,2.26,Enrolled
1,2,5,9254,1,14,100.1,1,10,8,6,4,149.4,1,0,0,1,1,1,21,0,0,6,9,6,13.76,0,0,6,8,4,13.83,0,7.1,0.6,-0.32,Graduate
1,5,4,9500,1,13,132.7,1,7,14,2,3,173.0,0,0,0,1,0,1,19,0,0,6,6,5,10.22,0,0,6,7,6,14.78,0,6.0,0.9,-0.30,Graduate
2,16,6,9003,1,11,174.8,1,16,13,12,12,140.4,1,0,0,1,1,0,23,0,0,6,7,4,11.75,0,0,6,6,6,15.29,0,4.2,3.3,1.38,Graduate
1,2,1,9130,1,15,142.3,1,10,4,2,1,134.2,0,0,1,0,1,0,19,0,0,6,6,3,12.2,0,0,6,8,1,11.09,0,6.2,1.0,-1.29,Dropout
1,6,4,9119,0,1,176.7,1,29,4,2,11,136.0,1,0,0,1,1,0,23,0,0,6,9,6,16.14,0,0,6,9,4,12.33,0,9.2,1.3,-0.79,Graduate
1,16,2,9670,1,14,123.2,1,8,15,3,8,135.3,0,0,0,1,1,0,22,0,0,6,9,4,15.18,0,0,6,8,6,16.36,0,8.1,1.7,2.29,Graduate
1,11,2,9773,1,5,156.2,1,13,23,7,1,132.7,1,0,0,1,0,0,20,0,0,6,8,6,15.95,0,0,6,7,5,11.53,0,6.8,2.7,1.63,Graduate
2,9,3,9556,1,11,101.5,1,15,16,7,9,102.2,0,0,1,1,0,0,26,0,0,6,6,1,11.04,0,0,6,8,2,11.37,0,4.8,3.3,0.35,Dropout
1,17,4,9670,1,10,174.2,1,17,19,3,4,151.4,1,0,0,1,0,0,18,0,0,6,8,5,11.55,0,0,6,9,6,11.59,0,8.5,2.3,1.04,Enrolled
1,6,1,9070,1,11,178.2,1,1,21,6,2,141.5,1,0,0,1,1,1,21,0,0,6,6,5,10.31,0,0,6,9,6,10.67,0,8.3,1.2,0.67,Graduate
1,8,5,33,1,3,123.1,1,4,22,1,12,155.3,0,0,0,1,0,1,18,0,0,6,9,4,11.09,0,0,6,8,6,15.46,0,5.8,1.2,-1.42,Graduate
1,9,1,9119,1,11,119.3,1,13,11,9,1,176.7,1,0,0,1,1,1,20,0,0,6,9,4,14.45,0,0,6,9,4,11.39,0,7.6,0.5,1.53,Graduate
1,2,5,9119,0,11,190.0,1,1,13,4,5,179.6,1,0,0,1,1,1,18,0,0,6,8,4,12.52,0,0,6,6,5,15.82,0,6.1,0.9,1.86,Graduate
1,2,2,9147,1,13,110.5,1,1,2,4,5,116.1,0,0,0,1,1,1,18,0,0,6,9,4,13.99,0,0,6,8,4,10.54,0,7.9,1.5,-0.09,Graduate
1,8,2,9853,1,2,119.5,1,18,10,10,11,158.2,1,0,0,1,0,0,22,0,0,6,9,4,15.9,0,0,6,7,6,15.41,0,7.3,3.1,-1.61,Graduate
1,3,4,9119,1,12,139.4,1,15,27,7,2,103.2,1,0,1,1,1,0,23,0,0,6,7,5,11.2,0,0,6,7,5,13.12,0,9.9,2.5,1.03,Enrolled
1,2,3,9773,1,15,176.8,1,12,16,2,11,119.2,0,0,0,1,1,1,22,0,0,6,9,5,15.42,0,0,6,6,5,14.66,0,10.3,2.6,0.38,Enrolled
1,7,1,9500,1,15,101.0,1,25,3,6,4,111.4,1,0,0,1,0,0,18,0,0,6,6,6,11.44,0,0,6,8,4,10.52,0,7.5,1.3,-1.48,Graduate
1,6,1,171,1,13,157.2,1,19,2,10,2,112.7,1,0,0,1,0,1,21,0,0,6,6,5,16.86,0,0,6,7,4,14.58,0,11.3,1.4,1.92,Graduate
1,14,3,9130,0,3,172.2,1,11,25,11,8,158.1,1,0,0,1,0,0,18,0,0,6,8,6,11.17,0,0,6,9,4,16.32,0,9.1,1.7,1.51,Enrolled
1,1,1,9070,1,15,182.8,1,2,7,3,3,109.7,0,0,0,1,0,0,28,0,0,6,8,2,11.94,0,0,6,8,0,0,0,10.2,2.1,0.84,Dropout
1,10,2,33,1,15,153.5,1,9,28,1,1,142.1,0,0,0,1,1,0,21,0,0,6,8,6,14.87,0,0,6,9,6,11.23,0,6.8,2.4,1.10,Graduate
1,16,2,9119,1,11,149.8,1,26,24,2,10,129.1,0,0,0,1,0,0,19,0,0,6,7,4,13.57,0,0,6,6,6,16.77,0,11.2,3.1,0.90,Graduate
2,11,6,9085,1,8,134.6,1,8,19,9,12,101.4,0,0,0,0,0,1,29,0,0,6,6,1,12.9,0,0,6,8,1,10,0,8.0,0.7,1.66,Dropout
2,16,6,33,1,6,135.2,1,5,22,11,1,175.8,1,0,0,1,0,1,23,0,0,6,9,6,14.47,0,0,6,6,5,13.25,0,11.3,2.4,1.09,Enrolled
1,5,3,9670,1,9,187.9,1,22,13,12,7,104.4,0,1,0,1,0,0,20,0,0,6,9,6,14.39,0,0,6,6,4,13.83,0,8.6,1.9,1.62,Graduate
1,5,6,9556,1,2,155.3,1,3,28,2,9,108.2,1,0,1,1,0,0,18,0,0,6,8,3,12.19,0,0,6,6,0,0,0,5.8,2.7,-0.05,Dropout
2,13,5,9254,1,8,106.1,1,3,27,8,3,181.2,1,0,1,0,0,0,18,0,0,6,8,1,10.46,0,0,6,8,1,11.94,0,7.0,1.9,0.22,Dropout
2,11,4,9070,1,6,113.7,1,2,17,8,6,144.2,0,0,0,1,1,0,20,0,0,6,6,5,16.07,0,0,6,7,6,14.48,0,6.9,1.0,-0.75,Graduate
1,6,4,9556,1,8,175.8,1,6,4,4,8,138.2,1,0,0,1,0,0,19,0,0,6,6,4,11.93,0,0,6,9,6,11.42,0,8.0,1.0,0.63,Graduate
1,6,3,9556,1,12,165.2,1,17,27,2,6,113.8,1,0,0,1,1,0,20,0,0,6,7,6,15.47,0,0,6,8,4,16,0,5.9,0.7,-0.49,Graduate
1,5,5,9773,1,10,176.2,1,10,27,3,11,136.0,1,0,0,1,1,0,18,0,0,6,6,5,10.63,0,0,6,6,5,13.93,0,11.1,1.8,1.85,Graduate
2,2,3,9853,1,4,143.3,1,22,17,1,9,126.7,1,0,0,1,1,0,18,0,0,6,8,5,14.47,0,0,6,7,4,13.31,0,3.6,1.2,0.18,Enrolled
1,2,1,9853,1,6,164.0,1,23,21,12,8,182.6,1,0,1,1,0,0,22,0,0,6,7,3,11.01,0,0,6,8,0,0,0,10.9,3.1,0.76,Dropout
1,15,6,9773,1,11,115.3,1,28,4,11,7,181.3,0,0,0,1,0,0,18,0,0,6,8,6,13.08,0,0,6,6,5,13.79,0,7.1,2.6,1.38,Graduate
1,3,1,9670,1,15,145.9,1,29,23,2,4,124.8,1,0,0,1,1,0,20,0,0,6,8,5,11.01,0,0,6,8,4,15.99,0,7.0,1.2,2.25,Enrolled
1,3,6,33,1,6,105.2,1,27,29,10,7,141.2,0,0,0,1,0,0,21,0,0,6,6,6,12.24,0,0,6,8,6,16.32,0,8.9,3.4,0.73,Enrolled
1,7,4,9556,1,1,108.8,1,13,27,3,1,100.6,1,0,1,1,1,0,23,0,0,6,7,1,10.45,0,0,6,7,0,0,0,9.5,0.7,1.12,Dropout
1,17,4,9085,1,4,129.9,1,27,27,4,1,175.0,1,0,0,1,0,0,18,0,0,6,8,6,11.13,0,0,6,9,6,16.66,0,4.6,2.9,-1.50,Enrolled
1,8,3,9119,1,15,144.2,1,27,24,7,5,145.7,0,0,0,0,1,0,27,0,0,6,8,3,11.09,0,0,6,8,1,12.83,0,3.8,1.1,-0.17,Dropout
1,12,2,9773,1,13,163.8,1,3,26,3,7,121.6,1,0,0,1,1,0,26,0,0,6,8,2,10.56,0,0,6,8,0,0,0,5.3,1.0,-0.58,Dropout
1,7,3,9556,1,11,144.6,1,11,22,4,8,135.4,0,0,0,1,0,0,18,0,0,6,8,5,16.87,0,0,6,7,4,12.71,0,7.5,2.4,-1.28,Graduate
1,6,2,9119,1,12,135.8,1,5,16,10,7,180.6,0,1,0,1,0,0,22,0,0,6,8,6,13.08,0,0,6,9,4,11.66,0,4.8,1.3,0.80,Enrolled
1,3,5,9070,1,6,101.5,1,24,29,10,1,135.8,0,0,1,1,0,0,22,0,0,6,6,5,15.96,0,0,6,6,6,11.45,0,6.7,1.0,-0.80,Enrolled
1,2,4,9003,0,8,124.8,1,13,11,12,4,133.5,1,0,0,0,0,0,21,0,0,6,8,0,0,0,0,6,6,1,11.32,0,3.9,2.1,-0.30,Dropout
1,11,3,33,1,8,116.8,1,18,27,8,5,186.1,0,0,0,1,0,0,22,0,0,6,7,6,13.9,0,0,6,6,4,14.36,0,7.1,1.3,1.26,Graduate
1,15,3,9254,1,8,164.9,1,4,13,11,8,138.3,0,0,0,1,1,0,23,0,0,6,8,4,12.4,0,0,6,6,6,15.45,0,9.8,2.3,0.17,Graduate
1,7,5,171,1,8,103.8,1,23,11,5,6,146.7,0,0,0,0,1,0,28,0,0,6,6,2,12.75,0,0,6,8,2,11.84,0,10.4,2.3,0.42,Dropout
1,8,3,9130,1,7,189.6,1,6,28,10,3,146.5,1,0,0,1,0,0,18,0,0,6,6,5,10.81,0,0,6,6,6,11.75,0,7.3,2.4,-1.54,Graduate
1,12,3,33,1,3,175.9,1,24,25,4,6,152.7,1,0,0,1,1,0,21,0,0,6,8,5,10.31,0,0,6,8,5,16.57,0,7.1,2.4,-1.21,Graduate
1,11,1,171,1,4,110.7,1,14,7,4,2,187.4,1,0,1,1,0,0,24,0,0,6,9,3,11.38,0,0,6,7,1,12.03,0,10.7,2.8,1.14,Dropout
1,10,6,9003,1,6,126.5,1,28,24,3,4,126.3,0,0,0,1,1,0,22,0,0,6,7,4,12.35,0,0,6,9,6,16.67,0,4.0,1.7,0.76,Graduate
1,8,1,9238,0,4,133.6,1,27,27,5,1,137.0,0,0,0,1,1,0,19,0,0,6,8,5,11.07,0,0,6,8,6,10.21,0,5.5,1.9,1.67,Graduate
2,5,5,9670,1,9,139.6,1,13,16,12,1,178.8,0,0,0,1,1,0,20,0,0,6,8,6,16.53,0,0,6,7,6,15.03,0,9.5,3.0,-0.10,Graduate
1,5,4,9991,1,12,179.2,1,29,23,9,10,164.7,0,0,0,1,0,0,23,0,0,6,9,5,10.03,0,0,6,6,6,15.6,0,11.0,0.9,-1.43,Graduate
1,5,2,9130,1,2,120.1,1,28,16,2,1,183.3,1,1,0,1,1,1,23,0,0,6,7,6,14.32,0,0,6,9,5,16.01,0,7.4,2.5,-0.03,Graduate
1,6,3,9003,1,13,152.5,1,19,5,5,5,162.7,0,0,1,1,1,0,20,0,0,6,8,0,0,0,0,6,7,2,10.69,0,11.3,2.5,-0.77,Dropout
1,18,5,9147,1,2,169.4,1,10,20,8,8,142.1,1,0,0,1,0,0,24,0,0,6,8,3,10.57,0,0,6,8,2,12.21,0,6.8,1.9,-1.10,Dropout
1,14,1,9147,1,10,186.9,1,22,19,7,1,188.1,0,0,0,1,1,0,23,0,0,6,9,6,10.3,0,0,6,7,4,15.09,0,4.9,3.1,-1.28,Graduate
1,16,3,9147,1,4,131.5,1,27,26,10,6,174.4,1,0,0,1,1,0,20,0,0,6,7,4,13.84,0,0,6,7,5,15.72,0,8.1,2.5,-0.98,Graduate
1,10,4,9147,1,6,136.5,1,26,14,8,3,156.0,1,0,1,0,0,0,27,0,0,6,8,0,0,0,0,6,6,1,12.13,0,7.1,1.3,0.84,Dropout
1,4,4,9130,1,3,106.7,1,14,29,7,11,123.7,1,0,0,1,1,1,22,0,0,6,7,4,16.59,0,0,6,9,6,15.67,0,6.4,0.9,-0.35,Enrolled
1,17,2,9130,1,3,127.5,1,28,26,8,11,130.3,0,0,0,1,0,0,19,0,0,6,6,5,13.41,0,0,6,8,5,12,0,8.1,3.0,0.91,Graduate
1,13,4,9670,1,4,140.7,1,11,1,10,1,130.0,0,0,1,0,0,0,24,0,0,6,6,1,11.19,0,0,6,7,2,10.74,0,8.9,0.9,-0.52,Dropout
1,17,6,9991,1,11,131.1,1,11,2,8,9,131.7,1,0,0,1,0,0,18,0,0,6,9,4,16.18,0,0,6,7,4,16.7,0,7.8,2.6,-0.71,Graduate
1,8,1,9085,1,8,123.5,1,6,25,4,6,125.0,1,0,0,1,0,0,22,0,0,6,8,4,16.58,0,0,6,7,6,11.19,0,8.1,1.3,1.01,Graduate
1,7,2,9991,1,12,113.7,1,17,6,10,11,136.9,0,0,0,1,0,0,22,0,0,6,6,6,15.42,0,0,6,7,5,12.36,0,5.2,1.1,1.17,Graduate
1,15,2,9670,1,5,164.5,1,16,4,9,2,148.2,1,0,0,1,0,0,23,0,0,6,8,6,12.7,0,0,6,8,4,14.06,0,8.8,1.8,0.53,Graduate
1,15,4,9556,0,12,112.0,1,5,21,3,4,184.8,1,0,0,1,0,1,21,0,0,6,9,6,16.35,0,0,6,7,5,14.89,0,5.8,2.8,0.18,Graduate
1,10,6,9991,1,1,150.7,1,21,19,12,4,181.8,0,0,1,1,0,0,20,0,0,6,8,3,11.52,0,0,6,9,0,0,0,6.2,3.3,1.90,Dropout
1,13,4,9254,1,9,139.1,1,24,9,5,1,107.1,1,0,0,1,1,0,20,0,0,6,7,4,15.28,0,0,6,7,5,14.93,0,9.5,3.2,0.12,Graduate
1,17,4,171,1,15,188.1,1,7,16,7,8,135.8,1,0,0,1,1,1,29,0,0,6,6,0,0,0,0,6,7,0,0,0,7.9,3.2,1.41,Dropout
1,11,2,9254,1,14,168.5,1,25,4,3,9,138.1,1,0,0,0,1,1,20,0,0,6,7,3,12.04,0,0,6,9,0,0,0,8.0,0.5,-0.65,Dropout
1,18,6,8014,1,6,165.7,1,12,19,1,5,133.8,1,0,0,1,0,0,22,0,0,6,8,6,14.48,0,0,6,6,4,16.09,0,10.8,1.1,-0.61,Graduate
1,13,4,171,1,2,112.6,1,16,22,12,7,144.6,1,0,0,1,0,0,20,0,0,6,7,4,15.59,0,0,6,6,5,13.13,0,10.9,0.4,1.81,Enrolled
1,5,5,9254,1,15,135.4,1,8,22,1,5,147.9,1,0,0,1,0,0,20,0,0,6,9,0,0,0,0,6,8,0,0,0,7.0,1.4,1.86,Dropout
1,3,5,9147,1,4,175.3,1,3,7,6,1,169.0,0,0,0,1,1,0,21,0,0,6,6,4,12.13,0,0,6,7,4,12.85,0,10.7,2.1,-0.12,Enrolled
2,14,1,33,1,4,120.6,1,28,20,7,2,147.5,1,1,1,1,1,0,22,0,0,6,7,0,0,0,0,6,7,1,10.24,0,7.3,2.6,2.28,Dropout
2,5,5,8014,1,10,156.3,1,29,4,5,12,122.7,1,0,1,0,0,0,27,0,0,6,6,2,11.98,0,0,6,8,1,11.19,0,8.0,2.1,0.89,Dropout
1,10,2,9003,1,15,112.2,1,12,14,9,2,143.6,1,0,0,1,0,1,21,0,0,6,8,6,15.47,0,0,6,7,6,13.84,0,9.0,2.8,0.25,Graduate
1,8,1,9773,0,9,182.4,1,21,12,3,7,158.9,1,0,0,1,0,0,18,0,0,6,8,5,16.48,0,0,6,6,4,12.1,0,6.5,2.2,0.35,Enrolled
2,16,6,9070,1,15,144.9,1,24,1,2,10,103.0,1,0,0,1,0,0,28,0,0,6,7,0,0,0,0,6,8,0,0,0,5.0,1.1,-0.60,Dropout
2,15,3,9085,1,5,135.6,1,13,1,10,12,119.8,0,1,1,1,1,0,28,0,0,6,9,1,10.68,0,0,6,8,1,10.95,0,8.1,0.9,-1.09,Dropout
1,17,6,9238,1,15,147.5,1,5,7,5,10,175.9,1,0,0,1,0,1,19,0,0,6,6,6,13.31,0,0,6,9,4,13.65,0,9.9,2.7,-0.36,Enrolled
1,9,3,9238,1,8,139.4,1,12,26,1,8,166.9,1,0,0,1,0,1,21,0,0,6,6,5,15.16,0,0,6,9,4,13.64,0,8.7,1.0,1.87,Graduate
1,4,2,9238,1,5,106.6,1,20,1,10,12,170.6,0,0,0,1,1,1,23,0,0,6,8,4,10.33,0,0,6,6,5,14.88,0,3.9,1.9,2.29,Graduate
1,16,6,9773,1,12,189.0,1,23,10,8,12,104.5,1,0,1,1,0,0,21,0,0,6,8,4,16.85,0,0,6,6,5,16.11,0,3.8,2.7,-0.62,Graduate
1,15,2,9773,1,11,104.4,1,3,3,3,3,112.0,1,0,0,1,1,0,21,0,0,6,8,4,13.52,0,0,6,6,5,15.08,0,9.5,0.5,0.57,Graduate
1,1,1,9853,1,2,120.4,1,9,8,7,9,141.1,0,0,1,1,0,1,25,0,0,6,7,0,0,0,0,6,9,1,11.47,0,7.0,1.6,-0.43,Dropout
1,14,5,9556,1,13,134.7,1,29,4,10,10,156.7,1,0,0,1,1,1,20,0,0,6,9,6,13.95,0,0,6,9,5,10.3,0,10.5,2.5,-0.30,Graduate
1,7,1,9147,1,3,176.8,1,23,28,5,11,138.4,1,0,0,1,1,1,22,0,0,6,6,6,11.28,0,0,6,6,6,14,0,10.1,1.0,0.52,Graduate
1,16,6,9238,0,10,185.0,1,26,21,6,3,165.4,1,0,0,1,1,0,22,0,0,6,7,4,10.25,0,0,6,9,6,13.52,0,8.0,2.3,0.33,Graduate
1,12,1,33,1,4,174.1,1,27,11,5,4,180.6,1,0,0,1,1,0,20,0,0,6,6,1,10.99,0,0,6,7,1,12.77,0,9.3,2.4,1.34,Dropout
1,17,5,9070,1,8,187.5,1,28,16,11,11,126.8,0,0,0,1,0,0,19,0,0,6,6,4,13.06,0,0,6,9,5,16.93,0,8.9,2.2,1.31,Graduate
1,16,1,33,1,13,183.7,1,15,12,9,7,108.2,1,0,0,1,0,0,18,0,0,6,9,5,13.4,0,0,6,8,4,15.04,0,10.2,2.4,0.07,Graduate
1,14,1,9070,1,9,170.8,1,6,18,5,4,108.5,1,0,0,1,1,0,19,0,0,6,6,5,14.42,0,0,6,7,6,12.88,0,7.5,1.6,-1.05,Graduate
1,14,5,9003,1,15,106.5,1,12,16,7,5,152.2,1,0,0,1,1,0,22,0,0,6,9,6,12.52,0,0,6,7,5,12.22,0,6.8,1.7,-0.30,Graduate
2,11,5,9085,1,15,124.6,1,13,8,12,6,107.1,1,0,0,1,0,1,21,0,0,6,6,5,11.56,0,0,6,8,6,13.63,0,8.3,0.6,-0.06,Graduate
1,16,6,9147,1,8,164.8,1,13,17,12,3,122.2,0,0,0,1,0,1,20,0,0,6,6,5,14.26,0,0,6,9,6,10.18,0,5.1,3.3,0.85,Graduate
1,10,1,9254,1,12,135.7,1,6,1,3,2,125.0,0,0,0,1,0,0,18,0,0,6,6,5,11.77,0,0,6,7,5,13.42,0,4.6,3.0,-1.34,Graduate
1,13,3,9119,1,4,171.2,1,28,29,1,11,109.3,0,0,0,1,1,0,23,0,0,6,7,3,10.71,0,0,6,9,0,0,0,7.8,1.0,-0.51,Dropout
1,11,4,171,1,4,126.5,1,29,24,3,12,161.1,1,0,0,1,1,0,21,0,0,6,6,4,12.82,0,0,6,6,6,14.6,0,11.2,0.9,0.53,Graduate
2,13,1,9773,1,10,177.4,1,4,14,3,9,140.5,1,0,1,1,0,0,24,0,0,6,6,1,10.76,0,0,6,6,1,12.41,0,4.4,2.1,-0.21,Dropout
1,17,4,9070,1,8,162.6,1,11,1,11,3,109.1,1,0,0,1,1,0,23,0,0,6,6,5,10.13,0,0,6,9,4,14.11,0,10.4,3.3,0.18,Graduate
1,16,4,9119,1,8,121.6,1,11,3,5,10,131.8,0,0,0,0,1,0,18,0,0,6,9,2,12.15,0,0,6,7,1,10.02,0,9.6,1.8,0.21,Dropout
1,1,5,9070,1,11,165.5,1,12,7,5,10,145.3,1,0,0,1,0,0,18,0,0,6,8,2,12.76,0,0,6,7,1,11.17,0,11.3,2.8,-0.26,Dropout
1,7,2,9853,1,15,147.5,1,24,20,7,8,187.7,1,0,0,0,0,0,19,0,0,6,8,1,10.39,0,0,6,7,0,0,0,8.1,1.5,1.56,Dropout
1,5,3,9003,0,9,163.9,1,29,4,2,5,164.2,1,0,0,1,0,0,19,0,0,6,8,6,10.39,0,0,6,6,6,12.58,0,11.2,3.0,-0.71,Graduate
1,17,5,9119,1,12,136.5,1,16,22,10,10,139.9,1,0,1,1,0,0,29,0,0,6,6,3,11.57,0,0,6,7,1,12.15,0,6.0,1.1,0.19,Dropout
1,17,1,9003,1,6,132.5,1,12,10,6,8,163.8,1,0,0,1,0,1,19,0,0,6,6,6,13.6,0,0,6,8,6,10.35,0,4.4,2.2,-1.56,Graduate
1,1,6,8014,1,3,161.4,1,8,23,1,5,144.1,0,0,0,1,0,0,18,0,0,6,6,4,12.22,0,0,6,7,4,12.11,0,6.6,0.5,-1.31,Graduate
1,3,5,9085,1,13,182.8,1,7,28,10,2,186.2,0,0,0,1,1,0,18,0,0,6,8,4,13.69,0,0,6,9,4,13.43,0,4.2,1.8,-0.19,Graduate
1,11,6,9254,0,14,181.1,1,1,18,5,9,162.0,1,0,1,0,1,0,25,0,0,6,6,0,0,0,0,6,8,0,0,0,5.3,2.5,0.84,Dropout
1,15,5,9085,1,2,163.4,1,13,22,6,2,130.8,1,0,1,0,0,1,21,0,0,6,7,2,12.72,0,0,6,8,2,12.48,0,4.8,2.1,-0.31,Dropout
1,15,1,9500,1,15,110.4,1,8,27,9,1,106.8,1,0,0,0,0,0,23,0,0,6,6,3,10.43,0,0,6,7,1,10.78,0,5.8,1.8,1.65,Dropout
1,5,3,9254,1,6,140.1,1,18,27,6,4,165.2,1,0,0,1,0,1,22,0,0,6,6,5,14.95,0,0,6,9,4,12.73,0,10.1,0.8,-0.72,Enrolled
1,12,5,171,1,12,113.3,1,9,19,2,3,164.2,1,0,0,1,1,0,18,0,0,6,6,4,14.44,0,0,6,9,6,10.98,0,8.5,3.2,1.82,Graduate
1,7,4,9556,1,6,117.8,1,13,12,8,6,130.8,1,0,0,1,1,0,22,0,0,6,9,6,16.12,0,0,6,9,4,11.27,0,10.7,2.0,-1.53,Enrolled
1,3,6,9003,1,4,161.3,1,5,2,3,6,144.8,0,0,1,1,0,0,27,0,0,6,6,3,11.47,0,0,6,8,0,0,0,6.4,1.7,1.69,Dropout
1,10,4,9556,1,12,153.4,1,3,9,3,5,158.2,1,0,1,0,0,0,22,0,0,6,8,3,10.92,0,0,6,8,2,12.94,0,10.7,0.6,1.54,Dropout
1,14,1,8014,1,5,103.9,1,13,9,1,3,107.9,0,0,0,1,0,0,21,0,0,6,6,4,14.93,0,0,6,8,4,11.07,0,5.3,0.8,-1.59,Graduate
2,8,6,9670,1,2,168.3,1,29,28,3,3,144.8,1,0,1,1,0,0,21,0,0,6,7,6,14.63,0,0,6,7,6,12.71,0,4.2,1.5,1.05,Enrolled
1,13,3,9119,1,14,112.9,1,5,13,6,1,187.2,0,0,0,1,1,0,19,0,0,6,8,5,12.86,0,0,6,7,6,13.63,0,10.1,1.8,1.72,Graduate
1,3,4,9853,1,4,129.2,1,4,26,2,11,115.9,1,0,1,1,0,0,18,0,0,6,7,1,12.05,0,0,6,7,0,0,0,10.0,2.1,2.23,Dropout
1,18,4,9254,0,15,128.7,1,2,1,11,10,188.0,1,0,0,1,0,0,21,0,0,6,7,6,16.65,0,0,6,7,5,10.35,0,10.7,3.2,-1.05,Graduate
1,9,1,9003,1,7,145.6,1,7,27,9,1,150.5,1,0,0,1,1,0,22,0,0,6,7,4,15.46,0,0,6,8,4,10.71,0,3.8,3.0,-0.45,Graduate
1,1,5,9773,1,2,133.4,1,6,2,5,8,131.2,1,0,0,1,1,0,23,0,0,6,7,4,14.52,0,0,6,6,4,12.11,0,10.9,3.1,0.21,Enrolled
2,15,3,8014,0,5,188.7,1,23,2,4,3,114.6,1,0,1,0,0,0,27,0,0,6,6,0,0,0,0,6,6,1,11.48,0,10.9,1.8,-0.06,Dropout
1,4,5,9130,1,14,172.8,1,25,12,10,7,107.2,1,0,0,0,1,0,24,0,0,6,9,2,11.4,0,0,6,8,0,0,0,10.1,0.6,0.08,Dropout
1,1,4,9147,1,13,114.8,1,5,3,7,3,185.1,0,0,1,1,0,0,28,0,0,6,9,1,12.28,0,0,6,9,2,10.15,0,6.7,2.8,1.11,Dropout
1,14,6,9085,1,4,125.7,1,18,11,7,6,181.1,0,0,0,1,1,1,18,0,0,6,9,4,12.85,0,0,6,6,6,12.19,0,3.9,2.7,0.18,Graduate
1,9,2,33,1,3,172.1,1,18,24,7,12,182.9,1,0,0,1,0,1,23,0,0,6,7,6,10.38,0,0,6,7,4,11.74,0,9.1,1.3,-1.18,Graduate
1,9,3,9991,1,9,179.4,1,4,21,11,2,136.6,1,0,0,1,0,0,20,0,0,6,9,0,0,0,0,6,9,2,10.03,0,6.9,1.1,-1.66,Dropout
1,12,2,9670,1,12,167.6,1,29,29,8,6,158.6,0,0,0,1,0,0,21,0,0,6,8,5,15.51,0,0,6,9,4,13.05,0,4.9,1.4,-0.94,Graduate
1,6,4,9991,0,1,186.0,1,23,25,2,2,117.0,0,0,0,1,0,0,19,0,0,6,7,4,15.44,0,0,6,7,4,14.32,0,10.4,3.3,1.03,Graduate
1,4,5,9991,1,2,183.6,1,2,9,5,9,129.1,1,0,1,1,1,0,23,0,0,6,9,0,0,0,0,6,8,2,11.75,0,4.1,1.5,-0.87,Dropout
1,7,2,9119,1,7,184.2,1,12,23,10,11,135.2,0,0,1,1,0,0,22,0,0,6,8,3,12.48,0,0,6,8,1,10.6,0,8.7,3.3,0.12,Dropout
1,14,2,9670,1,8,102.5,1,28,4,11,5,104.3,1,0,0,1,0,0,20,0,0,6,7,5,13.84,0,0,6,6,5,15.42,0,6.4,1.6,0.90,Graduate
1,2,4,9238,1,9,140.1,1,14,23,6,2,100.3,1,0,0,1,0,0,20,0,0,6,9,5,16.95,0,0,6,8,5,13.36,0,5.2,1.1,0.56,Graduate
1,11,6,9254,1,12,115.6,1,28,15,10,7,100.5,1,0,0,1,0,1,21,0,0,6,8,5,16.83,0,0,6,6,6,16.41,0,4.3,0.7,1.22,Graduate
2,17,3,33,1,7,103.1,1,6,1,12,4,179.4,1,0,0,1,0,0,19,0,0,6,6,4,11.13,0,0,6,6,5,13.36,0,3.8,0.6,0.34,Enrolled
1,6,1,9853,1,1,160.3,1,16,4,9,12,120.9,0,0,1,0,0,1,25,0,0,6,9,2,11.75,0,0,6,9,0,0,0,6.5,1.8,-1.64,Dropout
1,3,6,9670,1,4,167.4,1,29,4,2,1,183.3,1,0,0,1,0,1,23,0,0,6,7,4,15.28,0,0,6,9,4,11.61,0,7.8,2.5,-1.22,Graduate
1,14,1,9670,0,2,175.1,1,3,19,11,10,164.4,0,0,0,1,0,1,19,0,0,6,8,6,16.98,0,0,6,9,6,11.87,0,10.9,1.5,2.18,Enrolled
1,9,2,9147,1,10,105.4,1,29,18,4,6,169.6,1,0,0,1,1,1,22,0,0,6,9,6,10.62,0,0,6,6,4,11.4,0,11.4,2.9,-0.90,Enrolled
1,12,6,33,1,6,137.6,1,20,12,8,6,142.0,1,0,0,1,0,0,18,0,0,6,8,5,15.76,0,0,6,7,5,13.63,0,8.5,3.1,-1.28,Graduate
1,16,1,9085,1,13,155.0,1,18,20,4,4,106.3,1,0,0,1,0,0,20,0,0,6,8,4,16.96,0,0,6,7,6,12.25,0,7.0,1.4,-0.97,Graduate
1,11,1,9853,1,15,110.0,1,24,8,6,9,146.7,1,0,0,1,0,1,20,0,0,6,9,5,12.3,0,0,6,8,6,11.92,0,11.5,2.0,0.34,Graduate
1,7,2,9853,1,15,146.1,1,11,18,4,2,115.9,1,0,0,0,1,0,23,0,0,6,9,2,10.02,0,0,6,6,0,0,0,5.8,0.6,0.10,Dropout
1,14,2,171,1,2,156.9,1,3,14,5,11,179.6,1,0,0,1,0,0,22,0,0,6,8,4,11.57,0,0,6,7,5,13.66,0,3.6,2.8,-1.00,Enrolled
1,17,5,9070,1,1,150.4,1,19,17,7,11,158.7,0,0,0,1,0,0,20,0,0,6,6,4,15.11,0,0,6,7,5,15.32,0,10.6,1.4,-0.35,Enrolled
2,13,5,9556,1,13,160.7,1,8,15,12,5,113.0,1,1,0,1,1,0,20,0,0,6,9,4,16.17,0,0,6,8,4,13.01,0,7.4,1.6,0.97,Enrolled
1,17,4,9119,1,9,123.0,1,12,1,1,2,119.4,0,0,1,1,0,0,19,0,0,6,8,1,10.17,0,0,6,7,0,0,0,8.4,3.1,0.85,Dropout
1,14,5,33,1,1,103.1,1,23,16,7,4,125.0,0,0,0,1,0,0,23,0,0,6,9,4,12.88,0,0,6,7,4,12.53,0,8.0,1.2,2.25,Graduate
1,3,2,171,1,11,168.2,1,20,27,9,6,118.3,0,0,0,1,0,1,21,0,0,6,9,5,16.41,0,0,6,8,6,12.53,0,9.3,2.1,0.07,Graduate
1,8,1,9238,1,15,137.4,1,10,19,1,11,177.6,0,0,0,1,0,0,20,0,0,6,7,6,14.08,0,0,6,9,6,16.57,0,9.1,3.4,-0.67,Graduate
1,9,4,9254,1,11,137.0,1,1,20,9,11,103.2,1,0,0,1,1,1,19,0,0,6,7,3,12,0,0,6,7,2,11.56,0,5.9,3.3,0.10,Dropout
1,2,1,9670,1,4,115.2,1,3,11,11,3,175.0,0,0,0,1,1,0,18,0,0,6,8,6,12.14,0,0,6,7,6,10.86,0,9.4,2.6,-0.54,Graduate
1,13,1,9238,1,6,149.7,1,23,18,1,3,142.4,0,0,1,0,0,0,28,0,0,6,6,3,11.66,0,0,6,6,2,11.51,0,10.8,1.5,0.56,Dropout
1,10,6,9853,1,14,167.1,1,3,25,1,11,138.6,1,0,0,1,1,1,19,0,0,6,9,5,14.11,0,0,6,6,4,15.26,0,6.2,0.5,-0.16,Enrolled
1,18,5,9070,1,2,168.5,1,27,4,3,1,148.1,0,0,1,1,1,1,23,0,0,6,9,2,10.82,0,0,6,6,0,0,0,10.1,1.0,-1.62,Dropout
1,13,6,9085,0,10,147.9,1,9,7,1,5,160.2,0,0,0,1,1,0,25,0,0,6,9,2,12.02,0,0,6,7,0,0,0,6.1,0.5,0.31,Dropout
1,13,1,171,1,9,133.8,1,8,16,6,6,179.5,1,1,0,0,0,0,24,0,0,6,7,3,11.24,0,0,6,8,2,12.64,0,6.5,2.6,-0.34,Dropout
1,11,4,9500,0,13,118.3,1,15,16,11,12,123.5,0,0,1,0,0,0,24,0,0,6,8,2,12.74,0,0,6,6,0,0,0,10.1,0.7,0.49,Dropout
1,13,5,9147,0,6,119.2,1,14,5,12,9,113.2,1,0,0,1,1,0,18,0,0,6,6,4,12.31,0,0,6,9,5,15.81,0,10.4,3.4,0.77,Graduate
1,13,1,33,1,8,178.6,1,1,24,1,4,108.4,0,0,0,1,1,1,18,0,0,6,9,4,14.39,0,0,6,8,4,14.13,0,9.4,1.0,0.51,Enrolled
1,1,5,33,1,6,171.6,1,26,22,11,4,170.7,1,0,1,0,1,0,27,0,0,6,6,1,12.75,0,0,6,6,1,12.31,0,8.7,2.8,0.36,Dropout
1,5,1,9085,1,1,185.8,1,8,21,5,4,186.2,0,0,0,1,1,0,20,0,0,6,6,3,10.68,0,0,6,8,1,11.23,0,6.7,0.8,1.79,Dropout
1,3,6,9500,0,13,176.3,1,26,11,5,7,128.3,0,0,0,1,0,0,19,0,0,6,8,2,10.99,0,0,6,8,1,11.19,0,6.1,2.6,0.71,Dropout
1,3,1,9130,1,1,176.1,1,29,4,1,10,174.3,1,0,0,1,0,0,19,0,0,6,6,6,14.64,0,0,6,8,4,10.75,0,10.2,1.6,1.07,Graduate
1,16,2,9085,1,13,118.0,1,23,17,4,4,139.0,0,0,1,1,0,0,18,0,0,6,9,1,12.39,0,0,6,9,1,10.11,0,10.6,1.4,-1.04,Dropout
1,7,6,9853,1,15,172.2,1,6,18,8,5,165.9,1,0,0,1,1,0,23,0,0,6,7,4,16.71,0,0,6,6,5,13.29,0,5.4,3.3,1.60,Enrolled
1,5,3,9070,1,7,187.2,1,22,11,6,7,155.2,0,0,0,1,0,0,28,0,0,6,7,0,0,0,0,6,8,2,11.61,0,4.3,1.1,-1.47,Dropout
1,5,6,9556,0,6,140.1,1,14,24,1,7,145.3,1,0,0,1,0,0,21,0,0,6,7,5,16.17,0,0,6,8,4,14.12,0,9.1,2.7,-1.64,Graduate
1,18,4,9003,1,14,128.1,1,9,13,5,4,159.5,1,0,0,1,0,0,23,0,0,6,7,6,12.84,0,0,6,7,6,12.18,0,4.9,0.7,0.24,Graduate
1,12,4,9670,0,5,131.5,1,16,25,3,1,136.0,1,0,0,1,1,0,18,0,0,6,6,5,12.64,0,0,6,9,6,11.76,0,8.9,2.5,0.94,Graduate
1,7,3,9238,1,1,135.2,1,14,27,4,1,144.6,0,0,1,0,0,1,20,0,0,6,8,0,0,0,0,6,8,2,11.18,0,8.3,2.6,1.45,Dropout
1,12,6,9147,0,9,178.0,1,28,4,10,10,115.8,1,0,0,1,1,0,22,0,0,6,7,4,14.57,0,0,6,7,4,10.27,0,6.1,1.6,1.82,Graduate
1,15,5,9773,1,7,164.1,1,12,16,3,3,110.5,0,0,0,1,0,1,22,0,0,6,9,6,12.86,0,0,6,9,5,15.93,0,10.4,3.4,0.67,Graduate
1,15,6,9500,1,4,166.0,1,13,21,7,1,146.0,1,1,0,1,0,0,23,0,0,6,8,6,16.36,0,0,6,7,6,13.01,0,8.1,1.6,2.02,Graduate
1,14,6,9853,1,3,106.7,1,11,19,9,4,101.6,1,1,1,1,1,1,21,0,0,6,6,1,12.74,0,0,6,8,2,11.4,0,5.3,1.9,0.79,Dropout
1,1,3,9085,0,5,147.5,1,14,29,2,9,142.3,1,0,0,1,1,0,21,0,0,6,9,4,12.18,0,0,6,7,5,13.84,0,9.6,2.7,-1.49,Enrolled
1,9,4,9147,1,2,175.7,1,21,5,5,9,155.2,0,0,0,1,1,0,19,0,0,6,8,5,16.31,0,0,6,9,6,10.97,0,6.1,2.1,2.07,Enrolled
1,8,1,9670,0,1,104.2,1,14,8,2,9,171.7,0,0,1,1,0,0,19,0,0,6,6,0,0,0,0,6,9,0,0,0,5.2,1.5,1.09,Dropout
1,13,1,9773,0,11,148.7,1,14,28,3,4,165.3,1,0,0,1,0,1,20,0,0,6,6,4,15.34,0,0,6,6,4,11.35,0,5.6,2.2,0.84,Graduate
1,10,3,9238,0,14,159.5,1,11,17,6,4,149.6,1,0,0,0,0,0,27,0,0,6,7,2,10.91,0,0,6,9,0,0,0,11.0,2.8,-1.59,Dropout
2,7,6,9003,1,5,143.9,1,9,26,1,12,177.0,0,0,0,1,0,0,23,0,0,6,9,4,15.7,0,0,6,7,6,13.45,0,9.6,0.8,1.07,Enrolled
1,14,5,9853,1,13,145.1,1,10,12,7,1,140.2,1,0,0,1,0,1,21,0,0,6,6,6,14.37,0,0,6,9,5,12.39,0,7.2,0.9,1.28,Enrolled
2,15,3,9147,0,7,103.7,1,1,5,6,4,142.8,0,0,1,1,0,0,28,0,0,6,7,1,11.66,0,0,6,8,2,10.14,0,9.7,1.6,-0.06,Dropout
1,12,5,9070,1,10,186.8,1,11,20,10,3,136.1,1,0,1,1,0,0,21,0,0,6,9,4,10.64,0,0,6,7,5,15.8,0,9.7,0.7,-0.45,Graduate
1,14,1,9238,1,7,107.3,1,23,15,3,4,170.2,0,0,0,1,1,0,22,0,0,6,9,5,10.35,0,0,6,8,4,11.2,0,4.9,3.0,-1.11,Graduate
1,17,3,9773,1,5,127.1,1,12,28,4,1,136.5,1,0,0,1,1,0,18,0,0,6,9,4,11.18,0,0,6,8,4,12.81,0,10.7,3.0,0.53,Enrolled
1,12,3,9254,1,5,133.4,1,1,6,11,4,161.3,1,0,0,1,0,1,19,0,0,6,8,4,14.86,0,0,6,8,6,13.7,0,9.2,1.3,1.68,Graduate
1,2,5,9670,1,1,132.6,1,26,9,8,6,163.6,0,0,1,1,1,0,18,0,0,6,6,5,12.95,0,0,6,7,4,12.33,0,9.2,2.1,1.55,Enrolled
1,6,4,9670,1,14,162.7,1,17,2,2,7,170.6,1,1,1,1,1,0,23,0,0,6,6,2,11.88,0,0,6,8,1,12.14,0,10.4,2.1,-1.14,Dropout
1,3,3,9254,1,5,160.0,1,26,10,6,12,149.7,1,0,0,1,0,0,19,0,0,6,8,3,11.74,0,0,6,7,2,11.38,0,8.3,1.7,-1.50,Dropout
1,10,3,9147,1,15,185.1,1,23,10,11,6,181.0,0,0,1,1,0,0,18,0,0,6,6,3,11.82,0,0,6,7,0,0,0,8.4,1.5,0.49,Dropout
1,16,6,9853,1,6,187.4,1,2,29,4,4,126.1,1,0,0,1,1,0,18,0,0,6,7,4,16.35,0,0,6,8,6,15.23,0,5.9,2.8,-0.12,Enrolled
1,17,5,9147,1,10,105.7,1,21,21,6,9,115.9,1,0,0,1,0,1,22,0,0,6,9,6,13.93,0,0,6,6,6,16.02,0,5.4,0.6,0.40,Graduate
1,18,2,9500,1,11,157.9,1,2,8,7,2,188.6,1,0,0,1,0,1,20,0,0,6,8,6,13.89,0,0,6,7,5,15.53,0,8.9,2.7,1.70,Enrolled
1,7,4,9119,0,9,168.1,1,2,4,2,8,188.6,1,0,0,1,0,0,23,0,0,6,6,5,15.9,0,0,6,6,4,13.72,0,6.4,0.4,-1.35,Graduate
1,2,2,9254,1,11,171.2,1,9,27,7,9,140.5,1,0,0,1,0,1,20,0,0,6,8,6,16.25,0,0,6,9,4,14.72,0,7.9,1.6,1.78,Graduate
1,7,1,9773,1,2,155.9,1,29,6,7,7,180.0,1,0,0,0,1,0,26,0,0,6,6,0,0,0,0,6,7,2,10.53,0,10.6,0.5,0.57,Dropout
1,3,1,9853,1,10,187.7,1,28,21,8,8,117.1,1,0,1,0,1,0,24,0,0,6,6,2,11.78,0,0,6,9,0,0,0,4.8,0.6,-0.02,Dropout
1,14,4,9853,1,11,103.4,1,27,8,5,4,153.8,0,0,0,1,0,0,19,0,0,6,7,6,13.53,0,0,6,8,5,12.68,0,4.1,2.0,0.03,Graduate
1,3,3,33,1,7,156.8,1,21,19,4,6,139.8,0,0,0,1,1,0,21,0,0,6,7,2,12.59,0,0,6,9,2,11.31,0,7.8,2.1,1.64,Dropout
1,8,4,9119,1,15,109.4,1,2,22,7,3,130.8,0,0,0,1,1,0,20,0,0,6,6,4,13.88,0,0,6,7,6,16.69,0,6.8,2.1,1.30,Graduate
1,15,3,9254,1,11,128.5,1,19,15,4,6,128.9,1,0,1,0,0,0,26,0,0,6,8,3,12.89,0,0,6,8,0,0,0,8.8,3.1,-0.46,Dropout
1,8,6,9119,1,11,163.6,1,13,10,4,2,186.9,1,0,0,1,1,0,21,0,0,6,7,5,14.55,0,0,6,9,5,13.53,0,9.9,1.1,1.86,Graduate
1,11,3,171,1,9,125.0,1,6,23,3,3,146.6,1,0,0,1,0,0,18,0,0,6,7,5,11.05,0,0,6,8,5,12.53,0,3.8,0.8,-1.09,Graduate
1,1,1,9773,1,4,139.4,1,2,13,10,2,138.9,1,0,1,1,0,0,22,0,0,6,7,3,10.36,0,0,6,8,1,10.89,0,11.0,3.3,-1.42,Dropout
1,9,1,9070,1,4,138.5,1,2,5,4,3,113.9,0,0,0,1,0,1,20,0,0,6,6,6,16.13,0,0,6,9,4,16.45,0,5.7,2.8,1.95,Graduate
1,2,5,9254,0,12,109.5,1,29,2,8,9,148.6,0,0,0,1,0,0,18,0,0,6,7,5,12.97,0,0,6,6,6,12.46,0,8.3,3.3,0.26,Graduate
1,4,2,33,1,5,100.4,1,18,8,8,10,172.4,1,0,0,1,0,0,28,0,0,6,9,2,11.3,0,0,6,8,0,0,0,4.7,0.9,-1.06,Dropout
1,6,1,9991,1,10,170.5,1,14,4,4,1,117.7,1,0,0,1,0,0,19,0,0,6,7,5,10.28,0,0,6,6,4,15.69,0,10.7,2.8,-0.38,Graduate
1,16,5,9147,1,12,150.7,1,28,25,4,1,182.6,0,0,0,1,1,0,20,0,0,6,6,5,15.81,0,0,6,7,5,13.8,0,9.0,3.3,-0.85,Graduate
1,4,5,9773,1,5,182.8,1,22,10,4,12,153.1,0,0,0,1,0,0,27,0,0,6,8,3,10.39,0,0,6,6,0,0,0,5.7,1.1,0.02,Dropout
1,7,1,8014,0,14,139.1,1,27,19,6,4,131.4,0,0,0,1,0,0,23,0,0,6,8,6,10.83,0,0,6,8,6,13.46,0,11.4,1.1,-0.29,Graduate
1,12,5,8014,1,12,103.2,1,13,14,11,3,145.9,1,0,0,1,1,1,21,0,0,6,8,5,12.06,0,0,6,6,6,10.68,0,5.1,2.8,1.84,Graduate
2,13,3,33,1,11,131.9,1,9,20,12,8,147.7,1,0,0,1,0,0,19,0,0,6,9,6,12.59,0,0,6,9,5,12.24,0,9.1,3.1,0.30,Graduate
1,14,5,9119,0,6,174.1,1,4,18,5,12,155.3,1,0,0,1,0,0,19,0,0,6,8,1,12.28,0,0,6,7,2,11.98,0,6.2,1.1,0.55,Dropout
1,6,6,9853,1,7,163.0,1,13,27,2,9,187.3,0,0,0,1,1,0,21,0,0,6,8,4,15.78,0,0,6,6,4,14.78,0,7.6,1.5,2.27,Graduate
1,4,6,9853,1,12,165.9,1,20,20,1,10,170.3,1,0,0,1,0,1,18,0,0,6,9,6,16.09,0,0,6,7,4,16.18,0,4.1,2.1,-1.17,Graduate
1,9,1,9003,1,9,129.1,1,14,3,1,6,152.5,1,0,1,1,1,1,21,0,0,6,6,1,10.92,0,0,6,9,2,10.67,0,7.8,2.5,-1.62,Dropout
1,4,4,9147,1,13,155.1,1,23,2,11,4,146.4,1,0,0,1,1,0,22,0,0,6,6,6,11.47,0,0,6,7,4,15.49,0,11.4,1.1,1.91,Graduate
1,13,2,9556,1,5,103.0,1,29,11,1,11,178.3,1,0,0,1,0,0,19,0,0,6,7,5,16.88,0,0,6,6,5,10.17,0,11.3,1.6,-0.77,Enrolled
1,1,3,9085,1,14,181.7,1,9,20,3,1,101.9,1,0,0,1,0,0,21,0,0,6,9,5,13.54,0,0,6,7,6,14.99,0,8.0,2.7,1.03,Graduate
1,12,2,8014,1,1,117.1,1,17,13,6,1,118.1,0,0,0,1,0,0,23,0,0,6,9,4,15.14,0,0,6,9,5,16.77,0,8.5,1.1,0.92,Graduate
1,5,2,9500,1,2,116.0,1,19,21,4,7,109.8,0,0,0,1,0,0,27,0,0,6,8,1,12.25,0,0,6,6,2,10.87,0,9.8,1.7,0.73,Dropout
1,6,6,8014,1,6,156.9,1,15,10,10,11,145.8,1,0,1,1,1,0,18,0,0,6,6,0,0,0,0,6,8,2,11.97,0,9.9,0.6,0.05,Dropout
1,10,2,9500,1,13,163.9,1,9,22,8,12,106.4,1,0,0,1,1,1,23,0,0,6,6,6,14.22,0,0,6,6,6,14.96,0,9.6,3.3,1.98,Enrolled
1,13,1,8014,1,14,143.2,1,13,1,3,6,189.8,0,0,0,1,0,0,21,0,0,6,6,5,14.75,0,0,6,6,5,11.67,0,7.6,2.9,1.82,Graduate
1,1,4,9238,1,13,133.1,1,18,12,7,2,161.3,0,0,0,1,0,0,28,0,0,6,6,0,0,0,0,6,8,2,12.82,0,9.4,2.4,0.69,Dropout
1,13,4,9853,1,13,103.6,1,28,14,10,2,175.2,1,0,0,1,0,0,23,0,0,6,6,6,13.02,0,0,6,7,4,12.8,0,9.9,2.8,-1.11,Graduate
1,18,6,9130,1,1,123.2,1,2,4,7,6,161.0,1,0,0,1,0,0,20,0,0,6,9,6,11.03,0,0,6,6,4,13.65,0,6.0,1.6,0.01,Graduate
1,8,3,9147,0,2,156.4,1,8,3,6,2,142.6,0,0,1,0,0,0,18,0,0,6,9,0,0,0,0,6,6,2,12.51,0,4.1,1.3,2.16,Dropout
1,7,5,9130,1,5,138.0,1,23,10,8,6,104.4,1,0,1,1,0,0,21,0,0,6,8,6,10.85,0,0,6,7,6,16.65,0,7.3,1.3,-0.03,Graduate
1,15,4,9119,1,2,122.2,1,15,27,8,6,188.7,1,0,0,1,1,0,21,0,0,6,6,4,11.97,0,0,6,9,4,16.43,0,11.6,1.1,0.58,Graduate
2,15,1,9085,1,10,102.5,1,29,13,7,8,170.5,0,0,1,1,0,1,29,0,0,6,7,2,10.02,0,0,6,6,0,0,0,6.5,1.5,1.56,Dropout
1,9,1,9130,1,3,160.1,1,25,25,10,9,130.7,0,0,0,1,1,0,25,0,0,6,7,3,10.27,0,0,6,6,1,10.21,0,7.6,0.5,-1.22,Dropout
1,13,5,9500,1,5,182.8,1,20,8,7,11,150.9,1,0,0,1,0,1,21,0,0,6,7,5,15.57,0,0,6,9,5,10.57,0,7.5,1.1,2.18,Enrolled
1,8,5,9085,1,10,181.9,1,22,6,2,3,183.4,0,0,0,1,1,1,21,0,0,6,9,6,10.46,0,0,6,7,6,10.74,0,7.4,3.2,1.63,Graduate
1,10,6,9853,1,9,130.0,1,3,19,8,6,131.9,1,0,1,1,1,0,20,0,0,6,7,4,14.53,0,0,6,7,6,12.28,0,9.9,0.4,2.24,Graduate
1,14,5,8014,1,12,117.4,1,13,24,11,8,106.9,0,0,0,1,0,0,19,0,0,6,7,4,15.72,0,0,6,8,6,14.69,0,7.2,0.7,-0.31,Graduate
1,8,4,9238,0,4,115.7,1,14,14,8,4,188.2,1,0,1,1,0,0,24,0,0,6,6,3,10.75,0,0,6,7,0,0,0,10.5,1.3,-1.41,Dropout
1,6,1,9085,1,3,183.2,1,7,29,2,10,174.8,0,0,1,1,0,0,26,0,0,6,6,3,12.81,0,0,6,7,2,12.65,0,4.8,0.6,2.13,Dropout
1,9,2,9119,1,10,155.5,1,18,12,12,4,176.4,0,0,0,1,0,0,18,0,0,6,7,5,10.81,0,0,6,9,4,14.67,0,11.3,2.6,-1.48,Enrolled
1,17,6,9003,1,10,103.1,1,15,4,2,12,101.2,0,0,0,1,0,1,18,0,0,6,8,5,11.28,0,0,6,6,6,15.86,0,9.4,1.2,1.04,Graduate
1,18,2,9130,1,15,126.2,1,8,13,2,7,102.9,0,1,0,1,1,0,21,0,0,6,9,4,10.44,0,0,6,6,6,13.81,0,9.1,3.3,1.09,Enrolled
1,1,4,9556,1,12,142.5,1,17,1,5,7,176.2,0,0,0,1,0,0,20,0,0,6,6,4,16.96,0,0,6,8,4,15.99,0,7.4,2.4,-1.02,Enrolled
1,9,6,33,0,3,107.8,1,29,25,11,8,151.4,1,0,0,1,0,0,22,0,0,6,8,5,10.19,0,0,6,6,4,13.82,0,5.8,2.2,1.74,Graduate
1,11,5,9254,1,14,111.8,1,19,15,1,1,150.2,0,0,0,1,0,1,28,0,0,6,7,3,11.36,0,0,6,6,0,0,0,4.9,3.2,1.22,Dropout
1,10,5,9254,0,12,124.3,1,29,20,9,7,118.2,1,0,1,1,0,0,28,0,0,6,8,0,0,0,0,6,8,2,10.84,0,5.7,2.6,0.25,Dropout
1,17,3,9119,1,6,114.5,1,27,5,6,8,121.7,0,0,1,1,0,0,18,0,0,6,9,5,14.25,0,0,6,9,5,10.3,0,11.2,2.1,-0.45,Graduate
1,18,3,9853,1,7,142.2,1,11,13,4,10,141.2,1,0,1,1,1,0,21,0,0,6,9,6,14.51,0,0,6,6,5,10.48,0,10.7,0.6,-1.59,Graduate
1,9,4,33,1,9,113.1,1,26,3,10,10,178.9,1,0,0,1,0,0,20,0,0,6,9,6,15.4,0,0,6,9,6,16.11,0,11.2,1.3,-1.50,Enrolled
2,3,4,171,1,3,125.4,1,5,27,3,11,135.8,0,0,0,1,0,0,20,0,0,6,7,4,10.58,0,0,6,9,5,12.59,0,11.0,1.9,0.02,Graduate
1,9,4,9254,1,9,187.2,1,11,21,10,8,114.2,0,0,0,1,0,1,21,0,0,6,9,5,12.66,0,0,6,7,6,10.08,0,4.3,1.7,1.05,Graduate
1,10,3,9254,1,9,164.5,1,28,12,11,6,129.5,1,0,1,1,0,0,27,0,0,6,7,1,12.48,0,0,6,9,1,12.73,0,11.6,0.8,0.06,Dropout
1,3,5,9853,1,3,114.5,1,17,27,5,12,135.6,0,0,0,1,0,0,20,0,0,6,7,4,10.51,0,0,6,6,6,15,0,5.3,1.4,0.26,Graduate
1,4,6,9070,1,4,115.2,1,4,9,4,3,163.4,0,0,0,1,1,0,22,0,0,6,8,5,10.54,0,0,6,9,6,12.04,0,9.6,0.7,1.32,Graduate
1,9,6,9556,1,14,137.0,1,9,6,1,1,171.3,0,0,1,1,0,0,18,0,0,6,9,0,0,0,0,6,9,2,10.31,0,4.4,3.1,-0.20,Dropout
1,13,3,9556,1,7,120.3,1,13,9,9,10,108.0,1,0,0,1,1,1,23,0,0,6,9,6,10.04,0,0,6,8,5,10.59,0,8.3,2.7,-1.69,Graduate
1,5,5,9500,1,14,154.7,1,5,10,1,12,164.0,1,0,0,1,0,0,20,0,0,6,7,4,13.99,0,0,6,7,5,10.94,0,7.4,2.6,1.10,Graduate
2,8,4,9853,1,6,158.4,1,2,13,12,10,104.0,1,0,0,1,0,0,23,0,0,6,9,6,15.77,0,0,6,9,5,16.42,0,9.9,0.8,-0.74,Graduate
1,6,6,9773,1,12,142.7,1,17,10,1,10,171.5,1,0,1,1,0,0,26,0,0,6,9,3,11.26,0,0,6,9,0,0,0,4.4,0.5,0.90,Dropout
1,13,3,9130,1,5,111.8,1,18,10,6,4,158.7,0,0,1,0,0,1,21,0,0,6,9,1,10.08,0,0,6,8,1,12.67,0,4.0,1.8,2.14,Dropout
1,7,1,9773,1,10,154.9,1,20,10,9,2,137.2,1,0,0,0,0,0,26,0,0,6,7,0,0,0,0,6,9,0,0,0,4.7,3.0,1.88,Dropout
1,5,6,9147,1,14,131.4,1,29,23,3,6,112.8,0,0,1,0,0,0,19,0,0,6,8,2,11.46,0,0,6,7,2,11.53,0,8.0,2.1,0.80,Dropout
2,4,5,9556,1,4,164.1,1,17,4,5,10,162.7,0,0,0,1,0,1,23,0,0,6,9,6,12.79,0,0,6,6,5,12.27,0,5.4,2.9,1.54,Graduate
1,6,2,9130,1,15,113.7,1,3,15,5,6,183.4,1,0,0,0,1,0,24,0,0,6,9,3,11.32,0,0,6,8,0,0,0,7.8,2.4,2.13,Dropout
1,18,2,8014,1,14,154.9,1,1,27,9,8,114.4,1,0,0,1,0,1,20,0,0,6,7,4,15.34,0,0,6,6,4,11.11,0,10.9,1.6,2.14,Graduate
1,3,5,9254,1,3,150.3,1,20,2,3,2,135.0,1,0,0,1,1,0,22,0,0,6,9,6,12.73,0,0,6,8,4,13.3,0,9.4,3.1,-1.20,Graduate
1,15,1,9070,1,14,126.7,1,20,18,9,12,105.9,1,0,0,1,0,1,23,0,0,6,7,4,12.09,0,0,6,6,6,15.12,0,3.6,1.6,0.59,Enrolled
1,7,5,9254,1,14,102.1,1,21,5,4,7,116.1,0,0,0,1,0,0,22,0,0,6,9,6,14.63,0,0,6,9,5,10.2,0,6.0,1.1,0.14,Graduate
1,18,2,9670,1,5,171.1,1,19,17,3,10,187.7,1,0,0,1,1,0,23,0,0,6,7,4,12.9,0,0,6,9,5,16.04,0,11.3,3.3,-0.77,Graduate
1,15,2,9238,1,4,147.5,1,11,14,10,5,172.9,0,0,1,1,1,1,20,0,0,6,7,4,16.59,0,0,6,7,5,15.02,0,6.5,1.3,1.15,Graduate
1,11,2,9003,1,13,168.4,1,3,29,10,7,107.4,0,0,0,1,1,0,20,0,0,6,9,4,12.5,0,0,6,8,6,16.33,0,5.2,1.5,-1.64,Graduate
1,18,3,9500,1,4,106.5,1,13,19,4,3,173.9,1,0,0,1,0,1,24,0,0,6,8,1,11.45,0,0,6,6,2,12.66,0,7.3,2.5,0.33,Dropout
1,9,3,9119,0,14,119.0,1,19,9,1,8,182.5,1,0,0,1,0,0,21,0,0,6,9,4,16.41,0,0,6,9,5,11.77,0,5.9,1.8,1.57,Enrolled
1,14,6,9085,1,2,102.7,1,21,20,2,6,135.7,0,0,0,1,0,0,23,0,0,6,8,5,11.36,0,0,6,7,6,11.33,0,10.2,1.3,0.18,Graduate
1,1,3,9773,1,10,185.0,1,18,22,12,3,182.6,0,0,1,1,1,0,21,0,0,6,8,4,13.75,0,0,6,9,6,16.13,0,9.2,2.1,0.79,Graduate
1,8,2,33,1,6,126.1,1,9,13,3,8,174.0,1,0,0,1,0,1,18,0,0,6,6,5,10.32,0,0,6,9,5,13.98,0,8.8,2.7,-1.20,Graduate
1,9,5,9147,1,14,159.9,1,10,3,6,7,179.7,1,0,0,0,0,0,27,0,0,6,9,0,0,0,0,6,6,2,10.6,0,4.7,2.7,0.95,Dropout
1,11,3,9085,0,1,165.2,1,22,6,8,12,181.6,0,0,0,1,1,0,27,0,0,6,7,2,10.31,0,0,6,8,0,0,0,7.5,2.5,-1.55,Dropout
1,4,6,9130,0,11,158.7,1,8,11,3,9,151.2,1,1,1,0,0,0,25,0,0,6,8,1,11.94,0,0,6,8,2,10.82,0,7.8,1.2,-0.96,Dropout
1,11,1,171,1,3,104.3,1,16,5,12,7,103.8,1,0,0,1,0,1,20,0,0,6,8,5,12.91,0,0,6,7,4,13.45,0,9.5,3.2,-0.57,Graduate
1,5,1,9119,1,7,166.3,1,17,16,12,2,124.3,0,0,0,1,0,0,23,0,0,6,7,5,13.65,0,0,6,8,6,13.55,0,4.5,2.4,2.27,Enrolled
1,3,3,9853,1,6,144.3,1,22,1,11,10,103.3,0,0,0,1,0,0,20,0,0,6,6,6,16.08,0,0,6,9,5,16.3,0,7.0,2.5,2.19,Graduate
2,3,5,9556,1,1,102.3,1,21,12,12,2,152.5,0,0,1,1,1,0,29,0,0,6,8,0,0,0,0,6,7,2,11.04,0,4.2,3.0,0.95,Dropout
1,11,3,9238,1,6,141.0,1,25,5,8,10,139.6,0,0,0,0,1,0,21,0,0,6,7,3,10.74,0,0,6,8,0,0,0,9.7,1.8,-0.88,Dropout
1,1,1,171,1,9,124.5,1,14,14,6,3,188.4,1,0,0,1,1,0,19,0,0,6,8,5,13.53,0,0,6,7,6,15.34,0,5.4,2.2,0.63,Graduate
2,6,3,9773,0,10,100.2,1,26,2,11,3,124.4,1,0,0,1,0,0,23,0,0,6,7,6,11.8,0,0,6,8,4,14.3,0,10.4,1.3,1.53,Graduate
1,10,3,9085,1,4,131.1,1,21,29,7,3,147.9,1,0,0,1,1,0,23,0,0,6,6,4,11.41,0,0,6,7,5,15.57,0,6.3,3.2,0.95,Enrolled
1,8,4,33,1,11,181.7,1,7,9,7,3,102.8,1,0,0,0,0,0,25,0,0,6,6,2,11.97,0,0,6,8,2,10.58,0,4.7,3.1,1.83,Dropout
1,14,6,9147,1,1,103.3,1,23,29,10,9,136.5,1,0,0,1,1,0,23,0,0,6,7,5,16.62,0,0,6,7,6,13.69,0,5.3,2.0,1.00,Graduate
1,14,5,9500,1,12,120.7,1,28,18,10,6,172.5,1,0,0,1,1,1,19,0,0,6,7,6,12.02,0,0,6,9,6,14.95,0,9.1,2.8,0.50,Enrolled
1,11,1,9853,1,8,162.3,1,15,8,7,3,173.8,1,0,0,1,0,0,20,0,0,6,6,6,14.12,0,0,6,7,6,12.06,0,5.6,3.1,1.03,Enrolled
1,14,3,9500,1,14,134.3,1,13,29,5,2,126.5,0,0,0,0,1,0,24,0,0,6,9,2,11.85,0,0,6,8,0,0,0,6.7,0.6,-0.22,Dropout
1,15,2,9130,0,7,115.1,1,15,26,8,8,168.9,0,0,0,1,0,0,19,0,0,6,9,5,12.19,0,0,6,8,6,11.08,0,10.3,1.4,-1.07,Graduate
1,2,5,9085,1,8,103.3,1,19,4,7,5,131.9,1,0,0,0,0,0,23,0,0,6,9,1,12.42,0,0,6,9,2,11.13,0,8.7,3.4,-0.77,Dropout
2,7,5,9500,1,5,141.5,1,23,13,9,1,109.8,1,0,0,1,0,0,18,0,0,6,9,6,10.53,0,0,6,7,6,15.71,0,6.6,1.2,1.22,Graduate
1,5,5,171,1,4,163.8,1,24,15,1,6,140.7,1,0,0,1,1,0,18,0,0,6,6,5,13.98,0,0,6,6,6,16.73,0,11.5,1.4,-1.69,Enrolled
1,8,6,9254,1,7,110.1,1,2,11,4,1,137.4,1,0,1,1,1,0,20,0,0,6,7,4,15.33,0,0,6,8,5,13.45,0,9.9,0.7,-1.55,Graduate
1,11,4,9773,1,8,108.1,1,4,22,7,12,165.7,0,0,0,1,1,0,21,0,0,6,7,5,10.2,0,0,6,9,6,12.17,0,10.2,1.4,-0.98,Graduate
1,8,5,9991,1,2,148.3,1,28,9,11,4,186.2,1,0,0,1,1,1,20,0,0,6,6,5,16.16,0,0,6,7,6,13.57,0,4.2,1.0,-1.01,Graduate
1,9,3,9254,0,11,117.5,1,17,29,5,2,117.8,0,0,0,1,1,1,23,0,0,6,7,4,13.36,0,0,6,6,6,16.43,0,11.3,1.6,-1.09,Graduate
1,14,3,9556,1,14,159.7,1,15,14,1,10,178.5,0,0,0,1,1,0,23,0,0,6,9,6,15.28,0,0,6,8,6,15.52,0,4.7,3.3,-1.56,Graduate
1,2,5,9238,1,7,148.9,1,8,23,7,10,136.3,1,0,1,0,0,0,19,0,0,6,8,3,10.72,0,0,6,8,2,11.13,0,9.9,1.2,-1.32,Dropout
1,12,4,9147,1,8,160.5,1,11,15,12,8,179.6,1,0,1,0,1,0,24,0,0,6,9,0,0,0,0,6,8,2,10.25,0,8.3,2.4,1.42,Dropout
1,12,2,171,1,14,175.2,1,12,5,8,1,178.8,1,0,0,0,1,0,18,0,0,6,7,0,0,0,0,6,7,0,0,0,8.5,0.5,2.05,Dropout
1,5,1,9773,1,14,149.5,1,22,21,2,5,147.9,0,0,1,0,0,0,28,0,0,6,9,2,10.63,0,0,6,7,0,0,0,6.3,0.7,1.87,Dropout
1,14,3,8014,1,12,128.2,1,21,27,8,1,167.0,0,1,0,1,1,0,23,0,0,6,9,6,12.24,0,0,6,9,4,10.39,0,11.0,3.3,0.49,Graduate
1,16,4,9853,1,7,166.7,1,27,29,8,5,120.3,1,0,0,0,0,1,27,0,0,6,6,3,12.79,0,0,6,6,2,10.84,0,3.8,2.8,-1.02,Dropout
1,5,3,9991,1,1,147.0,1,25,9,4,4,144.4,1,0,0,1,0,0,23,0,0,6,6,4,13.07,0,0,6,9,5,12.91,0,5.3,0.5,-1.66,Enrolled
1,12,5,171,0,8,148.4,1,6,8,12,3,143.9,1,0,1,1,0,0,21,0,0,6,7,0,0,0,0,6,6,0,0,0,4.0,1.9,-1.42,Dropout
1,3,1,9500,0,4,132.9,1,18,29,11,4,177.6,0,0,0,1,0,0,22,0,0,6,9,4,13.13,0,0,6,7,5,10.78,0,5.0,2.2,1.83,Graduate
2,7,1,9670,1,13,166.6,1,8,14,6,5,111.5,1,0,0,1,1,0,22,0,0,6,6,4,10.26,0,0,6,6,6,10.77,0,10.6,1.2,-0.44,Enrolled
1,14,6,33,1,11,138.4,1,13,4,12,4,166.0,1,0,0,1,0,0,28,0,0,6,9,3,10.49,0,0,6,9,0,0,0,8.9,3.3,1.12,Dropout
2,14,3,9991,1,1,102.8,1,4,19,9,7,143.8,1,0,0,1,0,1,19,0,0,6,7,4,13.51,0,0,6,8,4,13.01,0,8.1,2.9,-1.20,Graduate
1,6,3,9119,1,5,154.6,1,6,21,3,5,126.4,1,0,0,1,1,1,19,0,0,6,9,5,12.03,0,0,6,9,6,16.95,0,6.4,3.3,0.38,Graduate
1,17,6,9670,1,12,185.9,1,3,28,1,11,138.2,0,0,0,1,1,0,20,0,0,6,7,5,14.78,0,0,6,8,5,16.23,0,6.1,2.4,1.72,Graduate
1,17,3,9147,1,2,133.1,1,7,28,8,7,148.8,0,0,1,0,0,0,20,0,0,6,8,2,12.67,0,0,6,6,0,0,0,9.4,2.4,-1.34,Dropout
1,15,4,9991,1,2,124.5,1,28,18,10,10,113.4,1,0,0,1,0,1,22,0,0,6,9,6,10.23,0,0,6,8,4,16.28,0,9.8,0.6,1.77,Graduate
1,18,5,9556,1,2,167.5,1,14,25,5,6,139.2,0,0,0,1,1,1,18,0,0,6,9,4,10.12,0,0,6,8,6,14.64,0,8.4,1.2,0.31,Graduate
1,2,5,9254,1,14,161.0,1,15,25,3,2,159.4,1,0,0,1,0,0,19,0,0,6,7,5,12.71,0,0,6,6,5,13.49,0,11.6,0.7,0.46,Graduate
1,8,1,9773,1,8,187.8,1,29,19,9,3,117.2,1,0,1,0,0,0,23,0,0,6,9,3,11.07,0,0,6,7,0,0,0,4.1,0.9,-0.36,Dropout
1,3,2,9070,1,2,108.6,1,19,25,7,6,104.8,0,0,0,1,1,1,22,0,0,6,8,6,15.79,0,0,6,6,6,14.05,0,11.3,2.8,-1.29,Graduate
1,3,4,9147,1,9,165.3,1,27,5,11,9,107.4,1,0,0,1,0,1,23,0,0,6,8,6,15.8,0,0,6,6,4,16.38,0,7.1,1.3,1.24,Graduate
1,15,1,9556,1,3,168.6,1,27,3,7,2,107.6,0,1,0,1,0,0,18,0,0,6,8,5,10.79,0,0,6,8,4,12.62,0,8.6,2.2,-1.09,Graduate
1,16,5,33,1,3,189.3,1,8,23,6,5,164.4,1,0,1,1,1,0,26,0,0,6,6,0,0,0,0,6,6,2,10.13,0,10.0,0.6,-1.09,Dropout
1,4,4,9991,1,3,127.1,1,1,3,4,8,106.3,0,0,0,1,0,1,18,0,0,6,9,6,13.1,0,0,6,9,6,12.76,0,10.6,2.9,-0.23,Graduate
1,8,4,9119,1,13,147.9,1,25,11,11,5,155.6,0,0,1,1,0,0,23,0,0,6,7,2,11.37,0,0,6,8,2,12.35,0,5.1,0.6,1.30,Dropout
1,5,4,9119,1,5,135.6,1,25,8,12,8,149.7,1,0,0,1,1,0,19,0,0,6,6,6,11.78,0,0,6,6,6,13.75,0,4.3,0.4,1.51,Graduate
1,18,5,9773,0,4,174.8,1,8,22,4,9,165.9,0,0,1,0,0,0,22,0,0,6,9,0,0,0,0,6,6,1,11.3,0,3.9,1.7,-1.61,Dropout
1,7,5,9254,1,13,165.6,1,26,5,9,12,152.1,1,0,1,0,0,0,23,0,0,6,6,1,12.22,0,0,6,6,1,10.6,0,10.7,1.0,2.23,Dropout
1,14,1,9556,1,5,189.2,1,1,26,9,2,141.5,0,0,0,1,0,0,22,0,0,6,7,5,15.19,0,0,6,9,4,13.4,0,4.6,1.9,0.67,Enrolled
1,8,5,8014,1,3,114.9,1,21,2,4,3,181.9,1,0,1,1,0,0,21,0,0,6,8,4,12.46,0,0,6,6,6,13.7,0,10.0,0.8,-1.56,Graduate
2,12,4,8014,1,2,176.8,1,14,22,6,2,137.2,1,0,0,1,0,0,20,0,0,6,9,4,16.11,0,0,6,9,6,10.75,0,8.8,2.2,-1.05,Graduate
1,2,3,9238,1,6,184.2,1,14,9,3,9,121.5,1,0,1,1,0,0,22,0,0,6,9,6,15.9,0,0,6,6,6,12.09,0,7.2,1.4,0.81,Enrolled
1,2,4,8014,1,15,142.6,1,18,18,3,3,135.0,1,0,1,0,0,0,20,0,0,6,7,3,11.71,0,0,6,7,1,11.08,0,5.7,0.5,0.26,Dropout
1,17,2,9070,1,15,150.9,1,22,2,10,5,109.7,1,0,0,1,1,0,18,0,0,6,6,6,15.52,0,0,6,9,5,13.27,0,4.3,0.7,-0.61,Graduate
1,11,1,9500,1,7,181.3,1,5,14,1,3,118.5,1,0,0,1,0,0,20,0,0,6,6,4,16.74,0,0,6,7,6,10.97,0,9.9,3.2,1.84,Enrolled
1,17,4,9556,0,3,150.2,1,26,13,5,1,122.8,1,0,1,0,1,0,18,0,0,6,9,1,12.72,0,0,6,9,0,0,0,5.5,0.6,0.92,Dropout
1,12,6,8014,0,10,145.2,1,26,6,12,3,117.5,1,0,1,0,0,1,20,0,0,6,8,3,11.66,0,0,6,8,1,11.04,0,6.8,3.2,2.12,Dropout
1,15,6,9773,1,6,139.1,1,26,6,10,2,128.4,0,0,0,1,1,1,19,0,0,6,8,5,16.59,0,0,6,7,5,10.83,0,5.9,1.8,-0.57,Graduate
1,4,3,9238,1,5,163.4,1,8,13,5,12,138.9,1,0,1,0,0,0,21,0,0,6,9,0,0,0,0,6,8,0,0,0,7.4,2.1,2.08,Dropout
1,15,5,9085,1,12,119.3,1,26,21,3,12,133.2,1,0,0,1,1,0,19,0,0,6,8,4,11.69,0,0,6,7,4,12.45,0,4.3,1.5,-0.24,Graduate
1,3,2,9238,1,9,184.2,1,28,4,9,4,124.2,1,0,0,1,1,1,20,0,0,6,8,4,13.62,0,0,6,9,6,16.47,0,3.9,3.2,1.59,Graduate
1,10,5,9853,1,7,116.0,1,17,26,12,6,101.6,0,0,1,0,1,0,21,0,0,6,9,3,10.67,0,0,6,9,0,0,0,9.6,0.5,1.20,Dropout
1,11,1,9773,1,8,172.1,1,13,7,1,9,169.4,1,0,0,1,0,1,19,0,0,6,6,6,15.94,0,0,6,7,6,11.9,0,8.3,1.6,1.96,Graduate
2,6,5,9238,1,3,151.1,1,8,6,8,11,187.0,1,0,0,1,0,1,21,0,0,6,9,5,15.31,0,0,6,9,4,11.58,0,9.3,2.1,-0.57,Graduate
1,2,3,9238,1,11,188.2,1,7,10,6,5,184.8,1,0,0,1,1,0,19,0,0,6,7,1,11.01,0,0,6,8,1,11.88,0,4.0,0.4,-0.85,Dropout
1,11,2,9773,1,6,166.3,1,14,6,6,11,142.2,1,0,0,0,1,0,29,0,0,6,6,2,12.58,0,0,6,6,0,0,0,7.2,1.8,1.36,Dropout
1,18,5,9085,1,2,132.1,1,13,4,3,1,123.6,1,0,0,1,0,0,21,0,0,6,6,6,15.81,0,0,6,7,5,15.34,0,3.8,3.2,0.79,Graduate
1,8,1,9238,0,7,113.0,1,16,8,2,9,103.9,1,0,0,1,1,0,23,0,0,6,9,4,15.41,0,0,6,9,5,14.61,0,8.5,0.6,2.23,Graduate
1,1,3,33,1,1,145.6,1,16,13,2,6,137.3,1,0,0,1,1,1,23,0,0,6,9,6,10.92,0,0,6,9,6,14.49,0,4.2,1.2,-0.45,Graduate
1,11,4,9853,1,4,177.2,1,8,18,8,4,114.3,1,0,0,1,1,1,21,0,0,6,6,6,10.4,0,0,6,9,6,14.29,0,3.9,2.0,0.33,Graduate
1,5,2,9119,1,15,105.1,1,6,24,3,3,104.6,0,0,1,1,0,0,22,0,0,6,7,4,12.79,0,0,6,6,5,12.29,0,4.4,3.1,-0.23,Graduate
1,6,1,9238,1,5,150.9,1,10,21,7,5,126.9,1,0,0,1,1,0,19,0,0,6,6,4,12.04,0,0,6,7,6,16.27,0,10.0,0.4,-1.39,Graduate
1,7,1,9254,1,2,171.8,1,23,26,6,6,109.0,0,0,0,1,0,0,19,0,0,6,7,5,11.18,0,0,6,9,5,11.44,0,10.1,0.4,-0.98,Graduate
1,3,6,9003,1,5,105.3,1,13,8,4,4,106.1,0,0,0,1,1,0,18,0,0,6,8,4,16.94,0,0,6,7,4,11.86,0,5.1,2.8,0.46,Graduate
1,18,4,9119,1,5,174.0,1,6,12,12,8,120.5,0,0,1,1,1,0,23,0,0,6,9,0,0,0,0,6,9,1,10.13,0,4.4,0.6,1.55,Dropout
1,17,1,33,1,9,158.1,1,29,26,8,2,151.4,0,0,0,1,0,0,20,0,0,6,6,4,14.7,0,0,6,7,5,12.03,0,11.2,0.7,0.71,Enrolled
2,8,4,9238,1,8,169.4,1,4,2,12,8,161.3,1,0,1,1,1,0,18,0,0,6,9,5,16.35,0,0,6,7,6,15.38,0,8.9,1.2,1.27,Graduate
1,9,2,9238,1,15,181.3,1,12,6,8,5,148.3,0,0,0,0,0,0,28,0,0,6,8,0,0,0,0,6,9,1,11.98,0,8.5,3.3,2.06,Dropout
1,1,2,9556,0,10,148.2,1,22,12,9,10,175.0,1,0,0,1,0,1,20,0,0,6,6,5,10.37,0,0,6,8,6,14.4,0,9.7,0.6,1.00,Graduate
1,8,3,171,1,7,156.9,1,10,4,11,8,110.6,1,0,0,1,1,1,22,0,0,6,7,5,11.89,0,0,6,6,5,13.85,0,7.9,2.4,1.16,Graduate
1,18,6,9991,0,4,169.0,1,8,12,2,6,124.7,1,0,0,1,0,0,20,0,0,6,8,4,16.7,0,0,6,7,5,16.97,0,10.0,3.3,-1.05,Graduate
1,3,4,8014,1,7,180.8,1,17,24,3,9,104.7,0,0,0,1,1,1,20,0,0,6,9,4,13.75,0,0,6,7,4,10.49,0,5.0,1.9,-1.29,Enrolled
1,5,3,9556,1,13,185.3,1,21,21,2,1,181.9,0,0,0,1,1,0,18,0,0,6,6,4,15.46,0,0,6,7,6,16.26,0,6.5,1.7,-0.11,Graduate
1,16,1,9147,1,13,177.9,1,3,9,3,6,177.3,0,0,1,1,0,0,18,0,0,6,9,5,12.24,0,0,6,7,4,16.74,0,4.6,1.9,-0.27,Graduate
1,15,2,9070,1,12,130.0,1,14,7,9,3,163.3,1,0,0,1,0,1,20,0,0,6,6,6,13.92,0,0,6,9,5,12.5,0,11.2,0.7,-0.25,Enrolled
1,5,6,9556,1,2,103.0,1,11,20,1,11,129.7,0,0,1,1,0,0,19,0,0,6,8,5,11.35,0,0,6,6,5,14.98,0,9.0,2.7,1.15,Enrolled
1,4,2,9085,1,2,180.9,1,8,10,1,1,152.2,1,0,0,1,1,0,19,0,0,6,8,4,12.25,0,0,6,8,6,10.41,0,11.1,1.4,-1.50,Graduate
1,4,4,9147,1,12,114.5,1,6,15,10,11,157.8,1,0,0,1,0,0,20,0,0,6,8,5,11.57,0,0,6,8,6,16.44,0,8.2,2.7,1.63,Graduate
1,13,6,9003,1,9,135.6,1,27,20,6,9,110.1,1,0,1,1,0,0,18,0,0,6,9,2,10.73,0,0,6,6,0,0,0,4.6,2.3,-0.08,Dropout
1,9,2,9773,0,2,151.6,1,11,18,11,11,172.7,1,0,0,1,0,0,23,0,0,6,8,5,15.39,0,0,6,7,6,11.21,0,9.2,0.7,-1.01,Graduate
1,10,6,9147,1,1,127.8,1,23,14,3,3,136.7,0,0,0,1,0,0,20,0,0,6,6,5,15.76,0,0,6,7,5,14.25,0,8.8,2.2,1.05,Graduate
1,13,4,9147,1,12,121.9,1,15,19,12,8,189.1,0,0,0,1,1,0,21,0,0,6,7,4,16.26,0,0,6,8,5,10.05,0,11.2,2.1,2.08,Graduate
1,8,1,171,1,14,158.7,1,2,3,12,7,143.5,0,0,0,1,0,0,22,0,0,6,8,6,10.52,0,0,6,6,4,11.74,0,7.2,2.8,-1.30,Enrolled
1,13,2,9085,1,2,165.1,1,29,16,12,7,100.5,0,0,1,0,0,0,22,0,0,6,7,1,10.78,0,0,6,9,0,0,0,11.0,1.3,0.06,Dropout
1,4,3,9119,1,12,188.6,1,3,2,5,11,136.3,0,0,0,1,0,0,19,0,0,6,9,6,11.03,0,0,6,6,6,15.04,0,10.9,1.9,1.72,Graduate
1,9,1,9773,1,11,186.8,1,16,16,9,12,111.9,0,0,1,1,0,1,21,0,0,6,6,5,14.96,0,0,6,9,6,13.62,0,7.0,2.8,1.60,Graduate
1,13,2,9085,1,10,159.0,1,13,2,7,6,115.8,1,0,0,0,0,0,22,0,0,6,7,0,0,0,0,6,7,0,0,0,7.0,2.2,-0.35,Dropout
1,6,6,9853,1,11,155.6,1,2,21,8,5,189.3,0,0,0,1,0,0,23,0,0,6,9,5,15.71,0,0,6,9,5,15.79,0,4.9,2.2,-0.54,Enrolled
1,11,5,9003,1,13,114.5,1,5,2,10,3,186.2,1,0,1,0,0,0,18,0,0,6,6,1,12.81,0,0,6,9,0,0,0,9.3,0.9,1.30,Dropout
1,14,3,9773,0,9,170.6,1,9,13,12,8,107.9,0,0,1,1,1,0,25,0,0,6,9,0,0,0,0,6,8,1,10.6,0,8.1,0.8,0.12,Dropout
1,13,5,9254,1,4,148.8,1,12,16,5,10,147.6,0,0,0,1,1,0,23,0,0,6,6,6,11.66,0,0,6,7,5,12.52,0,11.5,2.5,1.01,Graduate
1,4,1,9085,1,13,109.5,1,20,2,8,8,180.7,0,0,0,1,0,1,18,0,0,6,7,4,10.01,0,0,6,9,6,16.26,0,8.8,3.1,0.82,Enrolled
1,13,4,9670,1,11,177.3,1,24,9,5,12,158.8,0,0,0,1,0,0,18,0,0,6,7,6,13.84,0,0,6,7,6,11.69,0,6.8,0.7,0.92,Graduate
1,15,2,9853,0,7,163.8,1,22,6,1,10,162.5,0,0,1,0,0,0,24,0,0,6,9,2,12.66,0,0,6,9,2,11.86,0,7.8,1.0,0.62,Dropout
1,17,6,9147,1,9,134.9,1,25,3,2,11,142.5,0,0,0,1,0,0,29,0,0,6,6,1,10.18,0,0,6,6,0,0,0,9.0,1.6,-1.36,Dropout
1,9,4,9119,0,9,131.7,1,28,1,7,10,118.1,1,0,0,0,0,0,28,0,0,6,8,2,10.23,0,0,6,7,1,12.93,0,8.5,1.1,2.09,Dropout
1,8,2,9119,1,7,157.0,1,28,17,4,11,144.3,0,0,0,1,1,0,21,0,0,6,7,5,12.06,0,0,6,9,4,11.84,0,10.4,2.9,-1.05,Graduate
1,13,4,9085,1,2,125.8,1,8,15,6,12,107.9,1,0,0,1,0,1,23,0,0,6,8,6,12.12,0,0,6,9,4,13.2,0,3.7,3.4,1.27,Graduate
1,4,6,9130,1,1,120.4,1,15,19,2,12,160.0,1,0,0,1,1,0,19,0,0,6,9,6,13.72,0,0,6,7,6,12.62,0,9.3,0.5,0.20,Enrolled
1,13,6,9556,1,8,162.1,1,24,15,3,7,122.0,1,0,0,1,0,0,23,0,0,6,9,6,12.02,0,0,6,7,5,11.24,0,5.1,2.3,1.97,Graduate
1,15,3,9670,1,12,122.6,1,22,2,5,9,139.2,1,0,0,1,0,0,18,0,0,6,9,6,10.7,0,0,6,7,4,14.12,0,7.2,2.6,-0.68,Graduate
1,7,3,9773,1,6,145.6,1,10,15,11,4,185.4,0,0,0,1,0,0,25,0,0,6,8,0,0,0,0,6,7,2,10.17,0,6.2,1.0,0.98,Dropout
1,11,6,33,1,4,109.6,1,13,26,8,7,150.3,1,0,1,1,1,0,18,0,0,6,9,2,12.76,0,0,6,8,0,0,0,5.0,1.5,0.87,Dropout
1,1,2,171,0,12,157.6,1,25,23,12,11,145.1,0,0,0,1,0,1,18,0,0,6,6,5,12.7,0,0,6,6,4,13.24,0,11.4,1.0,1.16,Graduate
1,9,1,9556,1,2,155.3,1,1,20,9,2,151.7,1,0,0,1,0,0,23,0,0,6,8,5,10.16,0,0,6,9,4,16.4,0,9.7,2.4,2.21,Graduate
1,16,6,33,1,2,137.9,1,21,4,1,12,137.1,0,0,0,1,0,0,19,0,0,6,9,4,11.03,0,0,6,6,5,13.61,0,8.2,1.7,1.57,Graduate
1,7,6,9130,1,2,115.5,1,3,20,10,2,166.4,0,0,0,1,1,0,21,0,0,6,6,4,10.8,0,0,6,8,5,13.83,0,5.8,0.7,0.11,Graduate
1,9,5,9130,0,8,153.0,1,12,12,12,12,183.3,1,0,0,1,1,0,18,0,0,6,9,4,11.62,0,0,6,8,4,15.94,0,11.1,0.6,0.67,Graduate
1,5,6,9070,1,3,185.5,1,8,24,4,9,148.1,1,0,0,1,0,0,18,0,0,6,6,6,11.3,0,0,6,6,4,11.95,0,5.5,2.5,-0.36,Graduate
1,9,4,9147,1,10,123.7,1,16,8,1,10,170.6,1,0,0,1,0,0,21,0,0,6,8,6,11.61,0,0,6,6,4,16.97,0,11.0,2.8,0.86,Enrolled
1,15,2,9556,1,9,100.9,1,21,3,11,2,126.0,0,0,0,1,0,0,20,0,0,6,6,6,10.47,0,0,6,8,5,14.28,0,9.0,2.0,0.41,Enrolled
1,14,1,9085,1,4,175.7,1,15,18,3,1,168.0,1,0,1,0,1,0,27,0,0,6,8,3,11.24,0,0,6,7,0,0,0,11.3,2.7,-1.26,Dropout
1,11,5,33,1,12,149.9,1,25,21,11,5,161.2,0,0,0,1,1,0,26,0,0,6,6,1,11.11,0,0,6,9,0,0,0,7.5,2.6,0.51,Dropout
2,6,4,9773,1,2,106.7,1,2,23,6,9,126.2,0,0,0,1,0,1,22,0,0,6,9,6,11.65,0,0,6,9,6,11.02,0,4.6,1.5,-1.59,Enrolled
1,7,1,9500,0,14,158.2,1,4,9,11,9,109.5,0,0,0,1,0,0,20,0,0,6,7,6,10.24,0,0,6,6,6,10.56,0,8.7,1.8,-1.17,Enrolled
1,2,1,9130,1,11,187.3,1,15,24,6,7,123.6,1,0,1,1,0,0,25,0,0,6,7,1,11.83,0,0,6,6,2,12.3,0,11.2,1.3,-0.40,Dropout
1,7,1,9119,1,15,116.4,1,11,24,8,1,185.0,1,0,0,1,0,0,20,0,0,6,9,6,10.55,0,0,6,8,4,15.97,0,8.6,2.8,0.48,Graduate
1,1,3,9556,0,1,106.3,1,12,1,2,7,103.7,0,0,0,1,0,0,29,0,0,6,9,1,11.92,0,0,6,8,0,0,0,9.9,0.9,1.66,Dropout
2,5,6,9238,1,13,133.2,1,17,16,8,5,144.0,1,0,0,1,0,0,20,0,0,6,9,5,16.08,0,0,6,6,6,16.09,0,11.2,2.6,2.00,Graduate
1,7,1,9773,1,3,179.9,1,29,23,3,7,115.4,0,0,0,1,0,0,25,0,0,6,8,3,11.65,0,0,6,7,0,0,0,4.4,1.1,-0.80,Dropout
2,4,1,33,1,11,125.8,1,22,25,10,8,126.1,1,0,1,0,0,0,20,0,0,6,6,0,0,0,0,6,7,1,12.75,0,10.3,0.5,1.33,Dropout
1,4,3,8014,1,7,135.3,1,6,18,1,3,150.1,1,0,1,1,0,1,24,0,0,6,6,2,12.99,0,0,6,8,1,11.27,0,11.5,1.3,0.22,Dropout
2,16,4,9119,1,12,157.4,1,16,16,8,3,131.8,0,0,0,1,0,0,18,0,0,6,8,5,13.92,0,0,6,8,4,15.01,0,5.7,0.5,-1.16,Enrolled
1,2,5,9773,1,11,179.0,1,24,7,9,12,120.5,0,0,0,1,0,0,22,0,0,6,8,1,11.26,0,0,6,7,0,0,0,9.6,1.4,1.93,Dropout
1,1,5,9119,1,8,132.4,1,2,9,8,10,152.2,0,0,1,0,0,0,25,0,0,6,6,3,11.86,0,0,6,6,1,11.33,0,4.8,1.6,-1.56,Dropout
1,16,1,171,1,11,122.3,1,23,5,6,11,116.8,1,0,0,1,0,1,21,0,0,6,6,6,12.54,0,0,6,6,4,10.55,0,4.7,3.3,2.17,Graduate
1,12,2,9238,1,2,144.5,1,24,11,10,10,137.4,1,0,0,1,1,0,21,0,0,6,7,6,10.22,0,0,6,8,4,15.5,0,10.5,1.0,-0.51,Graduate
1,13,2,9773,1,3,145.5,1,1,21,9,5,144.3,0,0,1,1,0,0,21,0,0,6,8,1,12.23,0,0,6,9,1,11.95,0,4.8,1.8,-1.53,Dropout
2,18,3,9003,1,1,131.7,1,23,29,12,10,145.9,1,0,0,1,0,0,21,0,0,6,7,5,13.06,0,0,6,7,4,13.12,0,3.7,0.7,0.71,Graduate
1,8,4,9773,1,14,157.6,1,6,5,9,4,133.3,0,0,0,1,0,0,21,0,0,6,6,4,11.44,0,0,6,8,6,13.76,0,10.6,0.7,0.13,Graduate
1,3,4,9556,1,9,179.7,1,25,5,1,2,145.5,1,0,0,1,1,0,21,0,0,6,6,4,10.83,0,0,6,6,4,15.24,0,8.3,1.3,2.16,Graduate
1,16,1,9147,1,7,178.9,1,4,29,7,12,129.1,1,0,0,1,0,0,20,0,0,6,9,5,16.08,0,0,6,8,4,13.46,0,6.9,2.4,-0.40,Graduate
2,12,5,171,1,8,137.2,1,9,12,2,2,140.5,1,0,0,1,1,0,23,0,0,6,6,6,13.89,0,0,6,9,5,16.67,0,8.9,1.7,-1.03,Graduate
1,13,4,33,1,9,132.8,1,27,2,5,3,137.5,0,0,0,1,0,0,21,0,0,6,6,5,11.74,0,0,6,7,5,14.54,0,4.5,2.8,0.08,Graduate
1,18,5,9119,1,6,183.2,1,19,27,3,7,140.8,0,0,1,1,1,0,21,0,0,6,7,0,0,0,0,6,8,1,12.71,0,7.9,3.0,1.07,Dropout
1,9,2,9070,1,1,159.9,1,15,29,10,1,174.0,1,0,0,1,0,0,20,0,0,6,8,4,10.5,0,0,6,7,4,10.57,0,10.9,1.9,0.35,Graduate
1,2,1,9070,1,3,110.8,1,8,29,4,10,169.7,1,0,0,1,1,1,18,0,0,6,6,6,12.78,0,0,6,8,4,15.86,0,7.8,2.9,-1.29,Enrolled
1,15,3,9670,1,1,186.0,1,4,27,2,11,148.1,1,0,0,1,1,0,19,0,0,6,9,6,10.76,0,0,6,7,6,12.34,0,10.9,2.2,-0.17,Graduate
1,15,3,33,1,9,159.1,1,17,28,10,1,155.8,1,0,0,1,0,1,18,0,0,6,9,5,10.65,0,0,6,7,6,16.2,0,6.5,1.1,-1.12,Graduate
1,13,5,9119,1,12,118.1,1,22,14,1,6,120.2,1,0,1,1,1,0,19,0,0,6,8,0,0,0,0,6,9,2,11.29,0,8.8,2.5,-0.58,Dropout
1,8,4,9147,1,4,116.0,1,22,27,1,3,106.0,0,0,0,1,1,1,22,0,0,6,6,4,16.64,0,0,6,7,4,10.35,0,3.8,1.7,2.09,Graduate
1,15,1,9556,1,10,169.6,1,4,2,10,1,145.5,1,0,0,1,1,0,23,0,0,6,9,6,13.83,0,0,6,8,6,14.14,0,11.2,3.1,-0.21,Graduate
1,9,4,9238,1,8,152.4,1,15,29,5,9,105.4,0,0,0,1,0,0,22,0,0,6,8,4,12.5,0,0,6,8,4,14.47,0,7.9,2.8,1.71,Graduate
1,8,6,9991,1,12,104.6,1,13,8,1,5,139.0,1,0,0,1,0,0,19,0,0,6,7,6,14.19,0,0,6,7,6,10.48,0,7.8,2.8,-0.81,Graduate
1,7,4,9991,1,10,104.9,1,3,29,8,3,117.0,1,0,0,1,0,0,20,0,0,6,6,5,12.44,0,0,6,6,6,16.74,0,6.0,1.5,-1.59,Graduate
1,8,6,9500,1,2,104.1,1,9,28,11,7,113.5,1,0,0,1,1,1,22,0,0,6,6,4,16.09,0,0,6,8,4,16.56,0,6.1,1.0,1.90,Graduate
1,10,6,9853,1,12,122.5,1,14,14,9,10,115.9,0,0,1,0,0,0,22,0,0,6,9,3,12.18,0,0,6,6,2,10.6,0,8.0,2.4,-1.16,Dropout
1,10,3,9119,0,11,154.3,1,13,13,8,12,125.1,0,0,0,1,1,0,23,0,0,6,7,0,0,0,0,6,9,2,11.06,0,6.3,1.4,-1.10,Dropout
1,11,5,9147,1,6,175.1,1,3,18,3,6,101.2,1,0,0,1,0,0,19,0,0,6,8,5,10.28,0,0,6,8,5,13.78,0,7.7,3.0,0.51,Enrolled
1,3,2,9500,1,15,164.4,1,10,16,3,5,156.5,1,0,0,1,1,0,22,0,0,6,9,5,10.83,0,0,6,9,4,12.39,0,9.9,0.6,0.67,Graduate
1,17,1,33,1,10,171.9,1,26,11,2,1,168.7,1,0,1,0,0,0,23,0,0,6,7,0,0,0,0,6,8,1,11.63,0,9.7,3.1,2.15,Dropout
1,17,6,171,1,6,179.0,1,22,24,4,2,148.9,1,1,0,1,1,1,18,0,0,6,8,6,10.09,0,0,6,6,6,15.61,0,7.0,2.2,1.27,Enrolled
1,1,5,9003,1,1,104.8,1,4,16,7,8,173.6,1,0,0,1,0,1,22,0,0,6,9,5,11.79,0,0,6,7,6,15.44,0,11.0,0.7,-1.61,Graduate
1,8,1,9070,1,8,117.6,1,7,19,12,10,178.7,1,0,1,1,1,0,23,0,0,6,9,6,15.46,0,0,6,9,6,16.73,0,9.1,1.1,0.14,Graduate
1,18,1,9238,1,15,147.8,1,2,1,3,11,175.4,1,0,0,1,0,0,27,0,0,6,7,1,12.18,0,0,6,6,0,0,0,8.7,2.4,1.30,Dropout
1,7,4,9773,1,5,139.0,1,15,14,1,6,104.5,0,0,1,1,1,0,18,0,0,6,8,3,11.87,0,0,6,8,0,0,0,4.7,2.4,-0.14,Dropout
1,5,6,8014,1,15,122.0,1,28,2,8,3,111.8,1,0,0,1,0,0,19,0,0,6,8,4,10.2,0,0,6,7,6,13.17,0,8.8,1.8,-0.22,Graduate
1,18,6,9991,1,14,149.6,1,20,23,7,9,176.7,1,0,0,1,0,1,20,0,0,6,7,4,16.96,0,0,6,7,6,13.76,0,4.6,1.9,-0.18,Enrolled
1,13,1,9254,1,4,133.0,1,23,27,2,7,125.3,0,0,0,1,0,0,18,0,0,6,8,5,16.7,0,0,6,8,5,15.69,0,7.9,2.5,0.64,Graduate
1,5,5,8014,0,3,153.0,1,19,25,5,6,172.8,0,0,1,0,0,0,20,0,0,6,8,3,12.3,0,0,6,9,0,0,0,5.4,2.8,0.36,Dropout
1,8,4,8014,1,13,166.4,1,13,19,10,10,161.7,0,0,0,1,0,0,28,0,0,6,6,3,10.78,0,0,6,7,1,12.82,0,7.5,3.1,0.72,Dropout
1,10,5,9500,1,6,118.8,1,22,27,6,2,154.4,1,0,0,1,1,1,23,0,0,6,6,6,10.28,0,0,6,7,4,11.29,0,3.8,2.6,-0.18,Graduate
1,4,1,9119,1,14,141.8,1,13,9,9,5,169.7,1,0,0,1,0,0,18,0,0,6,9,0,0,0,0,6,7,2,11.56,0,11.5,3.4,-0.91,Dropout
1,15,1,9070,1,7,178.1,1,22,6,5,8,188.8,1,0,0,1,1,1,22,0,0,6,9,4,11.46,0,0,6,7,5,10.65,0,7.4,2.5,-1.62,Graduate
1,18,2,9238,1,3,187.3,1,28,11,2,8,131.7,1,0,1,0,0,0,21,0,0,6,9,2,12.87,0,0,6,9,0,0,0,4.3,2.4,-0.48,Dropout
1,3,5,9070,1,12,122.0,1,28,4,1,1,130.3,1,0,0,1,0,0,23,0,0,6,8,4,15.82,0,0,6,7,6,14.66,0,7.6,1.5,0.05,Graduate
1,8,1,9238,1,8,117.3,1,4,19,11,2,131.6,1,0,1,0,1,0,25,0,0,6,8,3,11.37,0,0,6,8,1,12.05,0,3.7,1.2,0.17,Dropout
2,9,6,9119,0,2,110.8,1,29,29,3,7,152.1,0,0,1,0,1,0,21,0,0,6,7,0,0,0,0,6,9,0,0,0,10.3,2.6,-1.02,Dropout
1,6,6,9773,1,13,144.8,1,3,16,5,1,147.2,1,0,0,1,1,0,25,0,0,6,6,3,10.21,0,0,6,6,2,12.21,0,11.1,1.4,-1.50,Dropout
1,11,4,9238,1,15,171.2,1,22,17,2,6,169.3,1,0,1,0,1,0,26,0,0,6,6,2,12.37,0,0,6,6,1,10.19,0,7.5,0.7,-1.42,Dropout
1,6,3,9119,0,10,166.5,1,17,3,10,9,105.9,0,0,0,1,0,0,25,0,0,6,9,2,12.88,0,0,6,7,2,12.07,0,10.2,0.7,-1.53,Dropout
1,6,4,9254,1,14,113.9,1,12,14,3,7,130.5,0,0,1,0,0,0,28,0,0,6,9,0,0,0,0,6,7,1,10.75,0,4.5,3.2,-1.26,Dropout
1,18,5,9119,1,13,184.6,1,9,26,1,4,155.3,1,0,0,1,0,0,23,0,0,6,7,6,10.51,0,0,6,7,6,12.98,0,5.6,3.2,-1.13,Graduate
2,9,2,9119,1,14,182.3,1,9,5,9,8,148.8,1,0,0,1,0,1,21,0,0,6,6,6,12.42,0,0,6,9,6,14.5,0,9.7,3.2,-1.52,Graduate
1,18,2,9773,1,8,111.6,1,4,1,3,9,108.7,0,0,1,0,1,1,28,0,0,6,7,0,0,0,0,6,8,2,10.05,0,3.8,1.3,-0.42,Dropout
1,16,6,9556,1,4,169.9,1,3,9,7,2,186.6,1,0,0,1,0,0,20,0,0,6,8,6,16.84,0,0,6,9,6,11.68,0,6.1,3.3,-1.63,Graduate
1,7,4,9238,1,12,149.0,1,26,18,10,8,154.9,0,0,0,1,0,0,20,0,0,6,9,5,11.46,0,0,6,9,5,13.92,0,9.4,2.8,2.17,Graduate
1,11,4,9003,1,1,144.6,1,28,6,8,4,152.0,0,0,0,1,0,0,20,0,0,6,7,5,11.01,0,0,6,9,6,14.13,0,7.8,2.4,2.29,Graduate
1,16,3,9670,1,7,180.1,1,7,5,6,9,161.4,1,0,0,1,1,1,22,0,0,6,9,4,11.22,0,0,6,8,5,13.16,0,10.6,0.9,0.25,Enrolled
1,3,2,171,1,3,181.6,1,23,23,10,10,110.3,0,0,0,1,1,0,18,0,0,6,8,5,10.36,0,0,6,6,4,14.77,0,3.9,2.3,-1.64,Enrolled
2,9,3,9853,1,12,147.1,1,8,10,4,4,104.9,0,0,0,1,0,0,23,0,0,6,8,5,15.77,0,0,6,6,5,11.66,0,7.7,2.0,2.01,Graduate
1,10,3,9238,1,4,127.7,1,21,12,11,5,135.0,0,0,0,0,0,0,26,0,0,6,7,0,0,0,0,6,9,2,11.64,0,9.1,2.5,2.01,Dropout
1,1,5,9556,1,6,164.8,1,10,28,9,5,182.7,1,0,1,1,1,0,29,0,0,6,7,0,0,0,0,6,7,2,12.87,0,8.5,3.2,-0.83,Dropout
2,8,4,33,1,14,169.5,1,11,8,5,3,152.3,0,0,1,0,0,0,22,0,0,6,8,2,10.25,0,0,6,6,2,10.78,0,10.8,2.3,1.51,Dropout
1,14,1,9500,1,9,156.5,1,29,12,3,5,174.0,0,0,0,1,0,0,22,0,0,6,8,5,10.8,0,0,6,8,4,16.38,0,11.0,1.4,1.92,Graduate
1,15,4,9003,1,8,150.3,1,22,17,12,7,153.4,1,0,1,1,0,0,25,0,0,6,6,0,0,0,0,6,9,1,11.02,0,9.0,1.6,1.83,Dropout
1,14,2,9254,1,12,181.3,1,23,11,2,12,144.1,0,0,0,1,0,0,21,0,0,6,9,4,11.8,0,0,6,7,6,10.56,0,5.9,2.5,-0.85,Graduate
1,4,3,9085,1,1,119.0,1,22,14,5,7,134.0,1,0,0,1,1,0,23,0,0,6,6,4,15.75,0,0,6,6,4,14.27,0,7.5,2.6,-0.64,Enrolled
1,3,2,9119,1,12,181.6,1,2,21,6,2,145.4,1,0,0,1,1,0,23,0,0,6,6,6,14.57,0,0,6,9,6,10.01,0,7.9,2.4,0.38,Enrolled
1,14,3,9003,1,13,153.4,1,25,17,3,11,175.1,0,0,0,1,1,0,20,0,0,6,8,5,11.55,0,0,6,7,5,11.39,0,7.8,1.5,-0.41,Enrolled
1,12,1,9556,1,13,154.9,1,23,17,4,9,182.3,0,0,0,1,1,0,23,0,0,6,7,5,13.07,0,0,6,6,6,10.53,0,7.5,1.6,0.65,Graduate
1,3,1,9238,1,15,144.4,1,8,18,7,7,116.2,0,0,0,1,1,0,21,0,0,6,7,4,10.18,0,0,6,6,5,15.47,0,5.1,1.7,0.98,Graduate
1,15,4,8014,1,5,131.6,1,21,28,3,2,115.6,0,0,1,1,0,0,23,0,0,6,9,1,11.9,0,0,6,8,0,0,0,8.9,3.4,-0.67,Dropout
1,6,5,9238,1,2,110.3,1,3,5,4,9,129.6,0,0,0,1,0,0,18,0,0,6,9,5,15.89,0,0,6,8,6,14.41,0,6.9,1.6,-1.01,Graduate
1,6,2,9238,1,10,143.6,1,10,6,11,1,144.6,1,0,0,1,0,1,21,0,0,6,6,5,12.66,0,0,6,7,5,14.38,0,6.0,2.8,-1.59,Graduate
1,1,1,33,1,10,161.0,1,20,10,12,11,113.2,0,0,0,1,0,0,23,0,0,6,9,6,11.15,0,0,6,6,4,14.39,0,7.3,1.2,0.15,Graduate
1,13,1,9773,1,7,151.0,1,11,5,8,6,115.4,0,0,0,1,0,0,20,0,0,6,6,4,11.54,0,0,6,6,6,11.67,0,10.7,2.9,-0.64,Enrolled
1,4,2,9238,1,10,125.6,1,22,2,4,1,117.7,1,0,0,1,1,1,23,0,0,6,8,5,10.64,0,0,6,8,6,15.82,0,6.5,2.2,-0.18,Graduate
1,4,5,9254,1,10,144.6,1,26,9,1,3,106.4,0,0,1,0,1,0,28,0,0,6,6,0,0,0,0,6,6,1,10.06,0,10.8,0.7,1.69,Dropout
2,10,3,33,1,1,132.6,1,6,23,4,11,152.4,1,0,0,1,0,0,19,0,0,6,8,5,14.71,0,0,6,7,4,12.78,0,4.3,0.5,0.81,Graduate
1,15,3,9070,0,14,103.5,1,13,1,11,8,108.7,1,0,0,1,1,0,18,0,0,6,9,6,14.9,0,0,6,6,4,13.66,0,3.7,2.4,1.68,Graduate
1,17,3,9119,1,3,173.2,1,4,3,10,5,125.2,0,0,0,1,1,1,23,0,0,6,9,4,14.41,0,0,6,7,6,15.99,0,10.9,1.4,-1.01,Graduate
1,10,4,9130,1,14,139.3,1,26,22,3,4,112.4,1,0,0,1,0,0,21,0,0,6,6,5,14.95,0,0,6,6,4,15.26,0,6.8,2.6,-0.26,Graduate
1,14,6,9119,1,6,130.1,1,14,6,5,7,172.3,1,0,1,1,1,0,20,0,0,6,7,1,12.19,0,0,6,7,0,0,0,8.2,1.2,1.75,Dropout
1,5,3,9238,1,11,164.6,1,13,14,8,6,177.4,1,0,0,1,0,0,20,0,0,6,9,5,11.07,0,0,6,9,6,15.6,0,10.7,2.0,-1.61,Graduate
1,2,2,9238,1,3,116.1,1,28,14,10,7,152.9,1,0,0,1,0,0,18,0,0,6,9,2,11.44,0,0,6,8,0,0,0,9.0,0.7,1.47,Dropout
1,13,1,9853,1,7,108.1,1,19,6,8,9,180.3,0,0,0,1,0,0,23,0,0,6,8,0,0,0,0,6,8,1,11.56,0,6.0,2.9,-0.20,Dropout
1,8,1,9991,0,3,102.1,1,14,3,2,4,119.8,1,0,1,0,0,0,29,0,0,6,8,1,10.44,0,0,6,9,1,10.01,0,10.0,1.1,-0.65,Dropout
1,12,3,9670,1,15,128.8,1,6,6,10,7,188.0,0,0,0,1,0,0,19,0,0,6,7,5,12.42,0,0,6,8,6,16.16,0,6.9,0.6,0.11,Enrolled
1,17,6,9147,1,15,162.3,1,24,4,11,1,131.0,0,0,0,1,1,0,23,0,0,6,8,6,13.1,0,0,6,8,6,13.75,0,3.7,1.7,1.58,Graduate
1,7,2,9500,1,13,181.3,1,29,21,9,10,186.3,0,0,1,1,0,1,23,0,0,6,8,5,15.63,0,0,6,6,5,10.61,0,7.3,0.6,0.68,Enrolled
1,9,2,171,1,9,131.5,1,14,16,6,1,131.3,1,0,0,1,0,0,22,0,0,6,6,4,10.41,0,0,6,9,5,13.28,0,7.5,2.7,1.98,Enrolled
1,9,2,8014,1,3,184.9,1,15,1,2,2,184.4,0,0,0,1,1,1,22,0,0,6,9,6,15.96,0,0,6,9,4,12.36,0,11.1,1.9,1.48,Enrolled
1,15,4,9556,1,2,177.1,1,11,28,7,2,108.3,0,0,1,1,1,0,22,0,0,6,8,6,10.9,0,0,6,7,5,15.58,0,7.0,0.9,-1.55,Enrolled
1,9,3,8014,1,2,189.9,1,10,21,9,3,150.6,0,1,0,1,1,0,28,0,0,6,6,2,12.96,0,0,6,7,0,0,0,4.0,1.2,-0.92,Dropout
1,12,2,8014,1,14,116.5,1,3,28,11,7,163.3,1,0,0,1,0,1,18,0,0,6,7,5,12.66,0,0,6,7,5,14.38,0,4.5,1.7,0.23,Graduate
1,13,5,9991,1,3,186.9,1,28,7,12,3,177.1,0,0,0,1,0,0,18,0,0,6,8,4,11.28,0,0,6,6,4,10.23,0,8.2,1.2,-1.42,Graduate
1,13,6,9254,1,4,180.1,1,3,18,9,6,125.1,1,0,0,0,1,0,22,0,0,6,9,1,10.57,0,0,6,9,1,10.55,0,5.8,0.5,1.31,Dropout
1,17,2,9119,1,14,169.1,1,29,8,3,4,144.4,0,0,0,1,0,0,19,0,0,6,8,5,14.96,0,0,6,7,6,10.58,0,5.7,2.8,-0.09,Graduate
1,12,1,9085,1,9,114.9,1,25,11,1,8,156.1,1,0,0,1,1,0,22,0,0,6,9,4,15.68,0,0,6,8,5,14.55,0,6.5,2.1,1.76,Graduate
1,8,3,9147,1,4,165.9,1,22,5,4,12,159.9,1,0,1,1,1,1,20,0,0,6,7,2,10.46,0,0,6,7,1,11.11,0,10.9,0.9,0.86,Dropout
1,13,6,9556,1,5,155.1,1,11,13,8,9,173.4,1,0,0,1,0,0,23,0,0,6,6,6,16.73,0,0,6,8,6,14.91,0,4.8,1.6,1.68,Graduate
1,16,5,9085,1,10,143.5,1,23,16,2,9,148.9,1,0,0,1,0,0,18,0,0,6,7,5,10.83,0,0,6,7,6,11.32,0,6.8,1.8,0.22,Graduate
1,3,5,9853,1,13,153.1,1,7,7,9,7,173.4,1,0,0,1,0,0,29,0,0,6,9,1,11.13,0,0,6,6,2,12.18,0,8.2,2.8,0.05,Dropout
1,4,6,9130,1,10,156.7,1,11,22,7,1,178.8,0,0,0,1,0,1,21,0,0,6,9,6,14.03,0,0,6,9,5,11.02,0,4.5,3.4,1.50,Graduate
1,1,2,9130,0,3,135.1,1,1,24,4,12,185.1,1,0,0,1,0,1,22,0,0,6,9,5,15.8,0,0,6,7,4,13.1,0,9.7,3.4,1.25,Graduate
2,1,1,9773,0,8,113.8,1,29,19,6,11,108.9,1,0,1,1,0,1,21,0,0,6,8,0,0,0,0,6,6,1,12.3,0,3.8,3.4,-1.03,Dropout
1,3,2,9500,1,13,182.3,1,17,16,3,7,181.1,0,0,1,1,0,0,18,0,0,6,6,4,10.8,0,0,6,8,5,15.37,0,8.9,0.7,-1.62,Graduate
1,6,3,9500,1,11,183.9,1,1,3,7,2,132.4,0,0,1,1,1,1,27,0,0,6,8,1,12.22,0,0,6,7,1,11.89,0,5.8,2.8,0.15,Dropout
1,11,1,9147,1,7,178.0,1,23,3,9,1,182.4,0,0,0,1,0,0,27,0,0,6,7,2,12.96,0,0,6,7,2,10.91,0,7.1,2.8,1.38,Dropout
1,16,4,33,1,5,108.4,1,9,23,2,7,168.4,1,0,0,1,0,1,23,0,0,6,8,4,13.54,0,0,6,9,5,14.75,0,8.0,3.2,-0.87,Enrolled
1,2,5,9147,1,2,101.4,1,13,1,4,3,188.7,1,0,0,1,0,0,21,0,0,6,8,6,11.03,0,0,6,8,4,15.12,0,11.0,3.0,0.73,Graduate
1,7,6,8014,1,8,119.2,1,25,18,10,2,128.3,1,0,0,1,0,1,23,0,0,6,9,4,16.55,0,0,6,6,4,14.41,0,6.2,1.1,1.96,Graduate
1,11,4,9254,1,1,104.1,1,20,7,11,11,144.0,1,0,0,1,1,1,22,0,0,6,8,4,10.68,0,0,6,8,5,14.66,0,6.2,1.2,0.47,Graduate
1,14,1,9991,1,7,187.6,1,27,4,7,3,111.0,1,0,0,1,0,0,19,0,0,6,9,4,14.06,0,0,6,8,6,13.99,0,5.2,0.5,1.53,Enrolled
1,15,1,9003,1,6,147.5,1,2,13,11,3,156.9,1,0,0,1,0,1,18,0,0,6,6,5,11.68,0,0,6,8,4,13.75,0,4.5,2.2,2.26,Graduate
1,15,5,8014,1,6,188.9,1,16,12,9,6,166.1,0,0,1,0,1,0,20,0,0,6,7,2,11.79,0,0,6,6,1,10.53,0,9.0,1.7,0.54,Dropout
1,3,1,9991,1,13,166.6,1,22,9,4,12,145.5,1,0,0,1,0,1,23,0,0,6,7,4,15.81,0,0,6,6,6,10.52,0,11.5,3.0,1.72,Graduate
1,5,2,9238,1,11,116.0,1,25,29,11,3,143.9,1,0,0,1,0,0,20,0,0,6,6,5,13.5,0,0,6,9,4,12.75,0,10.4,1.3,0.69,Graduate
1,3,6,8014,1,3,109.1,1,17,9,2,1,187.8,1,0,1,1,1,1,23,0,0,6,9,5,11.16,0,0,6,8,6,10.33,0,3.9,1.8,0.02,Enrolled
1,14,4,8014,1,6,168.3,1,27,4,10,8,157.5,0,0,0,1,0,0,22,0,0,6,7,5,16.65,0,0,6,6,4,10.81,0,4.4,1.7,-0.10,Enrolled
2,4,3,9147,0,6,183.9,1,2,8,3,7,120.8,1,0,0,1,1,0,23,0,0,6,7,6,12.64,0,0,6,9,4,15.08,0,9.5,2.6,0.20,Enrolled
1,18,1,9130,0,4,167.1,1,14,16,3,2,150.0,1,0,0,1,0,0,18,0,0,6,8,6,11.23,0,0,6,6,4,14.32,0,10.7,0.6,0.24,Enrolled
1,10,1,33,0,2,161.6,1,3,29,2,1,166.3,1,0,0,1,0,0,22,0,0,6,9,4,13.2,0,0,6,8,5,10.26,0,4.8,1.7,2.04,Graduate
2,10,6,9254,1,12,163.2,1,24,7,5,10,143.5,0,0,0,1,1,1,22,0,0,6,6,6,16.61,0,0,6,6,5,10.91,0,7.3,1.3,-1.21,Graduate
1,13,5,9556,0,12,182.8,1,28,11,7,8,140.5,0,0,0,1,0,0,19,0,0,6,8,3,11.26,0,0,6,8,0,0,0,7.6,2.8,-1.61,Dropout
1,2,4,9556,1,4,100.9,1,8,4,7,4,172.0,1,0,0,1,0,1,20,0,0,6,8,4,15.8,0,0,6,9,5,15.44,0,8.0,3.3,-1.50,Graduate
1,18,2,9119,1,3,103.6,1,21,12,11,4,182.2,0,0,0,1,1,0,18,0,0,6,7,6,16.42,0,0,6,8,6,14.4,0,10.4,0.6,-1.56,Graduate
1,6,5,9556,1,4,102.1,1,13,20,6,1,149.8,1,0,1,0,1,1,22,0,0,6,7,0,0,0,0,6,7,1,11.49,0,7.2,2.7,2.04,Dropout
1,7,6,33,1,5,145.5,1,19,1,2,5,122.1,0,0,0,1,0,0,18,0,0,6,9,4,13.91,0,0,6,9,5,16.68,0,6.9,1.7,1.81,Graduate
1,7,1,9500,1,15,123.9,1,22,11,1,4,108.5,1,0,0,1,0,1,22,0,0,6,7,6,12.18,0,0,6,7,5,14.77,0,6.2,2.3,0.34,Graduate
1,4,5,33,1,9,111.3,1,2,27,10,10,107.6,1,0,0,1,1,1,23,0,0,6,6,3,11.65,0,0,6,9,0,0,0,7.7,1.9,-0.69,Dropout
1,2,3,171,0,3,177.3,1,25,24,11,4,186.7,1,0,0,1,0,0,22,0,0,6,8,6,16.66,0,0,6,6,5,13.01,0,8.4,0.9,-0.75,Graduate
1,15,6,9670,0,4,174.5,1,5,18,9,7,176.6,0,0,0,1,0,1,19,0,0,6,6,0,0,0,0,6,6,0,0,0,4.9,0.6,1.14,Dropout
1,4,4,9853,1,3,167.1,1,4,15,3,12,139.5,1,0,1,1,0,0,25,0,0,6,6,3,10.85,0,0,6,7,1,10.64,0,7.2,1.7,1.32,Dropout
1,4,1,33,1,9,100.6,1,1,22,4,9,173.7,1,0,0,1,0,0,18,0,0,6,6,4,14.22,0,0,6,6,5,12.53,0,5.1,1.6,-1.53,Graduate
2,9,4,33,1,2,131.3,1,17,15,1,10,146.8,0,0,0,1,0,0,19,0,0,6,9,4,12.46,0,0,6,8,6,16.12,0,6.8,2.5,-1.39,Graduate
1,18,1,9670,1,8,123.1,1,22,17,11,10,118.6,0,0,0,1,0,1,19,0,0,6,6,6,10.24,0,0,6,7,5,11.16,0,4.2,2.7,1.88,Enrolled
1,12,5,9238,1,15,135.3,1,4,24,3,9,125.9,1,0,0,1,1,0,18,0,0,6,8,6,10.9,0,0,6,6,4,11.54,0,8.6,3.0,-0.94,Graduate
1,14,3,9254,1,8,126.4,1,8,9,4,6,104.9,1,0,0,1,0,0,23,0,0,6,6,5,16.56,0,0,6,9,5,12.52,0,7.6,1.1,-0.88,Graduate
1,18,2,9003,0,15,106.9,1,6,23,11,2,138.3,1,0,0,1,1,0,20,0,0,6,6,6,14.62,0,0,6,8,4,11.09,0,3.9,1.0,-0.15,Graduate
1,7,6,33,1,14,115.3,1,6,11,8,12,153.0,0,0,0,1,0,0,23,0,0,6,7,5,16.24,0,0,6,8,5,14.33,0,11.2,2.4,1.45,Enrolled
1,9,4,9500,1,6,157.8,1,24,18,4,11,173.0,0,0,1,1,0,0,29,0,0,6,6,2,11.04,0,0,6,7,0,0,0,8.4,3.2,1.34,Dropout
1,7,6,8014,1,11,106.1,1,19,29,11,7,128.9,1,0,0,1,1,1,19,0,0,6,6,5,13.73,0,0,6,7,6,10.3,0,7.4,0.8,-1.21,Enrolled
1,13,1,9853,1,5,159.2,1,14,23,9,4,136.9,1,0,1,1,1,0,22,0,0,6,7,3,12.36,0,0,6,9,1,10.79,0,4.1,3.0,-0.26,Dropout
1,1,4,9556,1,10,179.4,1,11,1,9,12,177.2,1,0,0,1,1,0,23,0,0,6,8,4,11.98,0,0,6,9,4,11.83,0,6.9,2.2,-0.87,Graduate
1,6,3,9130,1,15,168.6,1,10,19,12,7,102.2,1,0,0,1,0,0,22,0,0,6,7,4,13.13,0,0,6,8,6,10.8,0,7.5,2.7,-1.19,Graduate
1,16,4,9238,1,4,136.9,1,22,24,6,2,121.6,1,0,0,1,0,1,18,0,0,6,7,5,16.45,0,0,6,6,5,12.53,0,5.8,1.2,-0.17,Graduate
1,8,2,9070,1,5,135.0,1,17,17,11,8,187.8,1,0,0,1,0,0,23,0,0,6,7,6,16.51,0,0,6,7,4,14.56,0,11.3,1.8,2.13,Graduate
1,18,3,9119,1,1,162.0,1,19,17,2,6,169.0,1,0,1,1,0,0,28,0,0,6,8,0,0,0,0,6,6,2,11.44,0,7.3,1.6,0.14,Dropout
1,16,3,9238,1,6,112.5,1,11,16,7,3,135.8,1,0,0,1,1,0,23,0,0,6,8,4,14.63,0,0,6,8,5,10.21,0,7.7,3.2,1.78,Graduate
1,7,2,33,0,10,152.9,1,11,23,7,1,143.6,0,0,1,1,0,0,24,0,0,6,8,3,11.91,0,0,6,9,1,12.44,0,6.6,1.8,1.62,Dropout
1,4,1,9147,1,8,100.7,1,27,27,1,5,182.7,1,0,0,1,1,0,21,0,0,6,9,4,10.59,0,0,6,8,5,14.93,0,10.7,1.8,-0.49,Enrolled
2,1,4,9070,1,7,154.0,1,12,20,5,5,167.0,0,0,0,1,0,0,19,0,0,6,9,4,13.53,0,0,6,6,6,16.42,0,8.6,1.9,1.63,Graduate
1,1,2,33,1,6,153.2,1,15,19,4,12,104.9,0,0,0,1,1,1,18,0,0,6,8,4,16.7,0,0,6,7,5,10.47,0,5.0,1.0,2.20,Graduate
1,4,3,8014,1,15,145.2,1,17,26,4,8,107.2,1,0,1,0,1,0,28,0,0,6,8,0,0,0,0,6,8,0,0,0,8.6,1.1,-1.07,Dropout
1,7,3,9991,1,6,187.9,1,18,14,7,6,131.7,1,0,0,1,1,0,21,0,0,6,8,5,12.4,0,0,6,6,6,15.13,0,6.2,3.0,0.34,Graduate
1,1,3,9119,1,6,174.9,1,11,18,2,3,163.5,1,0,0,1,0,1,21,0,0,6,8,4,14.03,0,0,6,6,4,15.04,0,5.7,0.8,0.31,Graduate
1,18,4,9773,1,5,176.5,1,1,27,3,8,136.5,1,0,0,1,0,1,23,0,0,6,8,4,13.89,0,0,6,8,6,12.17,0,6.6,1.3,-0.22,Graduate
1,5,4,171,1,12,100.8,1,18,13,1,3,100.9,1,0,1,1,1,1,23,0,0,6,9,5,10.08,0,0,6,8,4,16.94,0,11.6,0.8,1.24,Graduate
2,9,4,9085,1,11,127.8,1,23,12,8,7,117.6,1,0,0,1,1,0,19,0,0,6,7,5,10.08,0,0,6,7,5,10.71,0,6.8,1.3,-1.17,Graduate
1,16,3,9147,1,1,128.2,1,5,29,8,4,113.7,0,0,0,1,0,0,18,0,0,6,9,4,16.8,0,0,6,7,6,13.83,0,9.3,1.3,1.81,Graduate
1,5,4,9070,1,5,125.3,1,14,10,5,3,113.3,0,0,0,1,0,0,21,0,0,6,9,4,10.14,0,0,6,7,6,15.97,0,6.9,1.1,0.51,Graduate
1,1,3,9147,1,10,128.9,1,4,3,6,5,147.0,1,0,0,1,0,1,18,0,0,6,7,6,13.36,0,0,6,9,5,14.01,0,7.4,1.1,0.62,Graduate
1,6,6,9991,1,12,128.8,1,26,12,1,10,166.4,1,0,0,0,1,0,22,0,0,6,7,1,10.21,0,0,6,6,2,11.25,0,7.9,3.1,0.52,Dropout
1,12,6,171,1,6,100.6,1,11,21,5,6,129.1,1,0,1,1,0,1,23,0,0,6,9,3,10.02,0,0,6,7,1,10.39,0,10.1,3.2,-0.39,Dropout
1,6,2,9119,1,8,178.7,1,10,20,12,7,158.7,1,1,0,1,1,0,20,0,0,6,7,6,11.15,0,0,6,9,4,12.61,0,11.1,3.4,2.13,Graduate
2,4,1,9119,1,3,117.3,1,17,5,3,12,169.4,1,0,0,1,0,0,20,0,0,6,9,3,11.72,0,0,6,9,1,11.45,0,9.7,0.9,0.18,Dropout
1,1,5,171,0,14,117.1,1,7,29,5,1,106.5,1,0,0,1,0,1,20,0,0,6,8,6,13.82,0,0,6,8,6,10.1,0,10.0,0.5,1.69,Graduate
1,11,2,8014,1,13,122.8,1,10,3,1,4,108.7,0,0,1,1,0,0,20,0,0,6,8,4,15.72,0,0,6,7,6,13.63,0,7.7,1.9,1.57,Enrolled
1,11,4,8014,1,3,148.8,1,18,9,11,8,107.1,1,0,1,0,1,0,28,0,0,6,8,3,10.19,0,0,6,6,1,10.41,0,6.6,2.9,1.62,Dropout
1,13,3,9003,1,2,145.4,1,24,18,9,1,149.9,1,0,0,1,1,0,21,0,0,6,9,3,12.88,0,0,6,9,1,10.83,0,8.6,2.7,-1.25,Dropout
1,1,6,8014,1,11,107.7,1,28,25,10,4,143.7,1,0,1,0,1,1,27,0,0,6,6,0,0,0,0,6,7,2,11.96,0,4.4,0.7,1.04,Dropout
1,2,2,9119,1,9,110.3,1,28,23,2,11,167.2,0,0,1,1,0,0,28,0,0,6,9,3,12.91,0,0,6,6,0,0,0,10.6,2.8,0.78,Dropout
1,14,4,9556,1,5,159.1,1,12,29,1,7,109.7,1,0,0,1,0,0,18,0,0,6,9,6,12.13,0,0,6,9,5,15.15,0,7.8,1.5,0.27,Graduate
1,16,6,9556,1,15,108.6,1,5,4,6,2,167.2,1,0,0,1,0,0,20,0,0,6,7,5,15.96,0,0,6,9,5,15.47,0,11.0,1.7,2.04,Graduate
1,17,1,9119,1,15,179.6,1,15,17,6,4,132.2,0,0,0,1,1,0,20,0,0,6,6,6,12.14,0,0,6,6,6,10.25,0,9.9,0.5,0.06,Graduate
1,3,3,9147,0,12,103.0,1,10,27,5,10,172.4,0,0,1,1,0,0,18,0,0,6,8,0,0,0,0,6,7,1,12.89,0,9.4,3.2,0.95,Dropout
1,1,3,171,1,14,104.3,1,24,29,3,2,164.3,1,0,0,1,0,1,23,0,0,6,7,4,10.84,0,0,6,7,5,14.57,0,11.0,0.4,-0.04,Graduate
1,16,1,9670,1,13,153.1,1,27,1,12,5,155.6,1,0,0,1,0,0,21,0,0,6,7,5,14.79,0,0,6,9,4,16.78,0,9.9,3.1,-0.27,Graduate
1,12,5,8014,1,5,170.5,1,11,3,6,1,153.0,0,0,0,1,0,1,29,0,0,6,9,0,0,0,0,6,6,2,12.09,0,3.8,1.3,-0.88,Dropout
1,9,4,9254,1,8,138.4,1,21,23,3,3,100.4,1,0,0,1,0,0,22,0,0,6,7,5,16.22,0,0,6,8,4,13.34,0,8.2,3.0,0.38,Graduate
2,1,3,9130,1,8,154.1,1,7,1,12,1,136.9,0,0,0,1,1,0,23,0,0,6,7,6,11.23,0,0,6,6,5,15.79,0,4.0,0.7,-0.31,Enrolled
1,4,6,9991,1,5,101.2,1,24,15,6,8,154.9,0,0,0,1,0,0,18,0,0,6,8,5,13,0,0,6,8,4,16.6,0,7.8,0.9,0.56,Graduate
1,2,5,171,1,5,175.0,1,1,26,9,1,113.1,0,0,0,1,0,0,24,0,0,6,7,1,10.61,0,0,6,8,0,0,0,10.1,2.1,1.66,Dropout
1,7,2,9119,1,13,178.2,1,1,13,4,4,167.7,1,0,0,1,0,1,18,0,0,6,6,5,14.93,0,0,6,8,4,15.26,0,6.8,1.9,-1.61,Graduate
1,16,3,9130,0,7,177.7,1,1,29,6,2,164.6,1,0,0,1,0,0,20,0,0,6,7,4,10.09,0,0,6,7,6,10.46,0,8.2,3.0,1.50,Graduate
1,1,4,9991,1,14,168.2,1,14,19,10,8,131.7,1,0,0,1,0,0,22,0,0,6,6,6,14.88,0,0,6,9,5,13.06,0,7.2,1.8,1.91,Graduate
1,5,3,9130,1,1,140.2,1,2,13,3,7,105.5,1,0,0,1,1,1,21,0,0,6,6,4,16.02,0,0,6,7,5,14.96,0,3.9,1.4,0.90,Graduate
1,1,4,9130,1,15,137.0,1,15,21,8,2,176.5,1,0,0,0,0,0,25,0,0,6,8,1,10.44,0,0,6,9,2,12.71,0,4.4,1.8,1.07,Dropout
1,13,1,9853,0,2,163.4,1,1,29,8,6,149.9,0,0,0,1,0,0,20,0,0,6,6,5,11.89,0,0,6,9,5,13.38,0,4.2,3.4,-0.08,Graduate
1,6,1,8014,1,11,181.9,1,7,28,2,8,107.3,1,0,0,1,0,0,23,0,0,6,7,6,10.5,0,0,6,7,5,12.75,0,4.6,0.4,0.51,Graduate
1,13,3,9991,1,12,184.1,1,20,22,6,11,134.6,0,0,0,1,0,0,19,0,0,6,6,4,13.34,0,0,6,9,6,11.39,0,6.3,3.1,0.46,Graduate
1,2,4,9119,1,7,138.5,1,14,4,9,5,151.1,1,0,1,1,1,0,28,0,0,6,8,0,0,0,0,6,6,0,0,0,5.3,1.7,0.61,Dropout
1,5,2,9773,1,6,131.8,1,8,22,4,11,185.9,1,0,1,1,0,0,23,0,0,6,6,2,10.67,0,0,6,7,1,12.85,0,6.8,2.0,-0.51,Dropout
1,14,2,9773,1,13,156.4,1,18,21,12,2,123.6,1,0,0,1,0,0,22,0,0,6,6,5,12.03,0,0,6,7,5,16.73,0,4.3,2.8,0.37,Graduate
1,14,4,33,1,8,111.3,1,13,9,1,8,146.0,1,0,0,1,0,0,19,0,0,6,7,5,14.81,0,0,6,6,4,10.04,0,5.8,1.0,-1.35,Graduate
1,11,2,9119,1,13,134.8,1,10,3,11,2,178.5,0,0,0,1,0,0,21,0,0,6,7,6,14.24,0,0,6,8,6,10.52,0,11.4,3.3,-0.31,Graduate
1,14,6,9070,1,12,109.9,1,5,17,2,12,140.3,1,0,1,1,0,1,20,0,0,6,9,4,10.05,0,0,6,7,6,14.06,0,6.0,2.2,2.13,Graduate
1,18,6,9254,1,2,139.2,1,18,7,5,4,108.6,1,0,0,1,0,0,19,0,0,6,8,4,13.96,0,0,6,8,5,16.37,0,3.7,1.0,0.80,Graduate
1,7,6,9147,1,11,125.5,1,5,1,11,7,153.5,1,0,0,1,1,0,18,0,0,6,7,4,10.33,0,0,6,9,5,11.61,0,8.3,1.5,-0.23,Graduate
2,18,3,9991,1,4,178.1,1,2,12,1,2,129.2,1,0,0,1,0,0,22,0,0,6,9,5,12.72,0,0,6,8,6,14.99,0,10.1,3.1,0.79,Graduate
2,1,2,9147,1,11,177.5,1,24,18,1,2,185.8,1,0,0,0,1,0,20,0,0,6,9,2,11.68,0,0,6,8,2,11.55,0,9.5,3.0,1.46,Dropout
1,12,3,9254,1,1,144.0,1,7,25,1,4,109.8,1,0,1,1,0,0,27,0,0,6,9,2,11.13,0,0,6,9,0,0,0,6.1,0.8,1.59,Dropout
1,14,6,9670,1,2,134.0,1,15,28,4,4,147.7,0,0,0,1,0,0,19,0,0,6,9,4,10.84,0,0,6,6,4,14.91,0,4.0,1.4,0.34,Graduate
1,9,5,9070,0,7,146.6,1,17,6,11,1,144.4,1,0,0,1,0,0,18,0,0,6,8,5,12.49,0,0,6,9,6,15.41,0,3.8,1.3,-0.60,Graduate
1,5,5,9130,0,11,177.5,1,11,5,2,8,154.9,1,0,0,1,1,0,21,0,0,6,9,6,10.13,0,0,6,8,4,15.39,0,9.1,1.9,-1.67,Graduate
1,1,6,9670,1,15,154.5,1,12,11,10,11,143.2,1,0,0,1,1,0,19,0,0,6,6,4,16.23,0,0,6,9,6,11.57,0,5.9,0.9,0.20,Enrolled
1,5,6,8014,1,3,126.7,1,7,9,7,9,189.1,1,0,0,1,0,0,21,0,0,6,6,6,10.61,0,0,6,7,6,10.1,0,11.6,3.3,1.81,Enrolled
1,11,1,9500,1,14,167.8,1,23,4,2,1,135.3,1,0,0,0,0,0,28,0,0,6,7,1,10.93,0,0,6,7,0,0,0,4.2,2.2,0.18,Dropout
1,13,5,8014,1,13,160.1,1,9,22,10,11,115.5,1,0,1,1,0,0,19,0,0,6,9,4,15.84,0,0,6,6,5,15.04,0,11.5,3.4,1.30,Enrolled
1,8,1,9003,1,7,142.9,1,22,16,6,11,121.5,1,0,0,1,0,0,19,0,0,6,7,5,13.09,0,0,6,9,5,14.16,0,6.3,0.6,0.57,Graduate
1,15,6,9070,1,10,116.1,1,8,27,7,9,101.5,0,0,0,1,0,1,21,0,0,6,8,5,14.49,0,0,6,8,5,16.96,0,9.8,2.9,1.61,Enrolled
1,5,1,9254,1,11,143.2,1,5,6,11,1,151.2,0,0,0,1,0,0,25,0,0,6,8,1,10.56,0,0,6,9,2,12.42,0,3.8,0.6,0.45,Dropout
1,4,4,9130,1,4,142.1,1,6,8,6,5,168.4,1,0,0,1,0,0,21,0,0,6,8,6,16.17,0,0,6,7,6,12.27,0,10.5,1.4,1.20,Graduate
2,7,5,9670,1,4,166.5,1,28,3,6,3,118.7,0,0,1,1,1,0,19,0,0,6,6,3,11.25,0,0,6,8,2,10.88,0,8.2,0.6,2.01,Dropout
1,12,5,9238,1,7,149.3,1,11,25,3,3,130.6,0,0,0,1,1,0,23,0,0,6,6,0,0,0,0,6,6,1,10.46,0,6.1,1.8,-1.11,Dropout
1,1,4,9773,1,8,182.2,1,10,12,4,8,172.2,1,0,0,1,1,0,18,0,0,6,8,5,11.64,0,0,6,7,6,11.47,0,7.3,2.0,2.01,Enrolled
1,14,5,9556,0,7,128.6,1,21,2,12,3,104.7,0,0,0,1,0,0,19,0,0,6,7,5,15.37,0,0,6,6,6,14.89,0,11.4,1.7,1.01,Graduate
1,15,5,9070,0,3,121.2,1,7,28,9,1,161.4,0,0,0,1,1,0,18,0,0,6,6,6,16.07,0,0,6,7,5,10.16,0,7.8,2.3,0.11,Graduate
2,1,3,9254,1,6,137.3,1,16,18,6,8,177.2,1,0,0,1,1,0,19,0,0,6,7,4,16.75,0,0,6,7,5,11.77,0,9.1,1.6,0.83,Graduate
1,8,5,9773,1,7,178.2,1,5,24,7,2,130.5,0,0,0,1,0,0,26,0,0,6,8,2,10.71,0,0,6,6,1,11.38,0,9.9,0.6,-1.10,Dropout
1,6,6,9670,0,11,189.3,1,1,12,3,7,109.9,1,0,0,1,1,0,19,0,0,6,8,5,16.6,0,0,6,8,6,16.1,0,6.3,2.4,1.17,Enrolled
1,11,1,171,1,2,154.5,1,11,21,5,4,171.0,0,0,0,1,0,1,19,0,0,6,6,6,16.35,0,0,6,6,6,15.18,0,5.0,2.4,0.43,Graduate
1,4,5,8014,0,9,132.7,1,17,22,1,5,128.2,1,0,0,1,1,0,21,0,0,6,9,4,14.93,0,0,6,8,6,14.17,0,5.4,2.6,1.88,Graduate
1,6,3,9119,1,12,123.0,1,11,14,8,8,181.9,0,0,0,0,0,1,18,0,0,6,7,2,10.6,0,0,6,9,1,13,0,9.3,2.6,-1.16,Dropout
1,14,1,9003,1,10,165.8,1,12,14,11,12,119.9,1,0,0,1,0,0,23,0,0,6,6,6,16.95,0,0,6,7,6,12.5,0,6.5,2.2,0.38,Enrolled
1,16,6,9254,1,4,125.3,1,17,23,8,11,146.8,0,0,0,1,1,0,21,0,0,6,6,4,14.17,0,0,6,6,4,12.07,0,11.3,2.9,1.96,Graduate
1,15,3,9147,1,2,181.0,1,7,16,3,8,141.3,0,0,0,1,0,0,23,0,0,6,9,5,15.44,0,0,6,7,6,14.23,0,4.7,2.9,-1.25,Enrolled
1,7,2,9500,1,1,160.4,1,6,5,4,11,124.4,1,0,0,1,0,0,20,0,0,6,9,4,15.9,0,0,6,9,6,12.05,0,4.0,2.8,-1.36,Graduate
1,3,1,9500,1,9,139.2,1,6,16,11,7,100.8,0,0,0,1,0,0,23,0,0,6,8,4,14.57,0,0,6,8,5,11.59,0,9.4,1.6,1.78,Graduate
1,12,4,9500,1,6,158.8,1,29,3,8,1,184.9,0,0,0,1,1,1,22,0,0,6,6,5,12.22,0,0,6,8,4,16.13,0,9.7,2.6,1.82,Enrolled
1,10,3,9556,1,6,188.4,1,14,23,12,6,142.6,1,0,0,1,0,1,18,0,0,6,8,6,10.18,0,0,6,6,4,13.34,0,8.5,2.1,0.11,Enrolled
1,12,3,9119,1,15,139.0,1,19,17,8,8,104.6,0,0,1,1,1,0,25,0,0,6,7,0,0,0,0,6,8,0,0,0,10.3,2.5,-0.25,Dropout
1,13,6,9556,1,9,137.9,1,13,20,3,5,147.6,1,0,0,1,0,1,19,0,0,6,8,4,16.58,0,0,6,7,5,10.42,0,8.3,2.8,0.68,Graduate
1,11,6,9556,1,2,153.4,1,2,5,3,5,112.5,1,0,0,1,0,1,21,0,0,6,8,6,11.15,0,0,6,9,5,12.49,0,6.8,3.3,1.24,Graduate
1,14,2,8014,1,13,141.9,1,27,6,12,3,159.5,1,0,1,0,0,1,18,0,0,6,6,3,12.39,0,0,6,6,2,10.48,0,10.4,0.6,-0.88,Dropout
1,11,6,9130,1,9,150.7,1,14,9,4,8,188.0,0,0,0,1,0,0,21,0,0,6,9,4,11.51,0,0,6,8,5,11.9,0,6.1,1.7,-0.19,Graduate
1,13,3,9085,1,6,109.0,1,12,15,6,7,149.8,0,0,0,1,0,0,19,0,0,6,6,6,13.14,0,0,6,7,4,15.63,0,10.3,0.9,0.52,Graduate
1,11,1,9500,1,9,121.3,1,11,17,8,2,151.5,0,0,0,1,0,0,19,0,0,6,8,4,11.02,0,0,6,6,5,16.54,0,7.0,1.7,0.44,Graduate
1,10,2,9991,0,13,189.5,1,29,2,3,7,146.3,1,0,0,1,1,0,23,0,0,6,7,5,13.46,0,0,6,9,5,10.08,0,5.5,2.3,0.57,Graduate
1,7,1,9003,1,1,158.6,1,25,25,12,6,176.7,1,0,1,1,0,0,29,0,0,6,8,2,11.69,0,0,6,6,0,0,0,6.3,0.4,1.85,Dropout
1,3,3,33,1,2,110.0,1,4,29,4,4,177.2,0,0,1,0,0,0,23,0,0,6,9,2,11.62,0,0,6,9,2,11.21,0,6.0,3.2,2.20,Dropout
1,16,6,9991,0,2,148.7,1,28,2,9,8,118.0,1,0,1,1,0,0,22,0,0,6,8,6,10.95,0,0,6,7,6,15.17,0,6.7,1.4,-1.31,Graduate
2,18,6,9254,1,15,112.3,1,13,23,3,1,139.1,0,1,1,1,0,0,20,0,0,6,6,1,10.14,0,0,6,7,1,10.84,0,10.9,2.8,2.15,Dropout
1,16,4,9991,1,7,170.4,1,4,7,4,6,151.7,0,0,1,1,1,0,28,0,0,6,6,2,10.85,0,0,6,6,2,12.66,0,11.0,2.3,0.46,Dropout
1,7,3,9119,1,2,178.6,1,3,27,3,1,134.5,1,0,0,1,0,0,20,0,0,6,8,6,11,0,0,6,9,4,13.95,0,11.0,2.3,1.72,Graduate
1,5,6,9085,1,4,118.0,1,16,21,9,2,179.4,1,0,0,1,1,1,23,0,0,6,9,4,15.87,0,0,6,7,4,10.79,0,4.4,0.9,0.17,Enrolled
1,1,2,9853,1,12,153.7,1,5,27,11,2,108.3,1,0,0,1,1,0,21,0,0,6,9,5,15.7,0,0,6,8,4,10.61,0,11.2,2.2,0.94,Graduate
1,2,1,9085,1,5,129.5,1,28,27,12,5,139.6,1,0,0,1,0,0,19,0,0,6,8,4,15.4,0,0,6,9,5,16.81,0,5.1,1.3,-1.45,Graduate
1,15,2,9853,1,8,170.1,1,12,1,3,3,145.0,0,1,0,1,0,0,19,0,0,6,8,4,16.73,0,0,6,9,5,10.85,0,9.5,1.8,-1.65,Graduate
1,12,6,9147,0,6,134.6,1,1,17,10,1,136.4,0,0,1,0,1,1,23,0,0,6,9,2,12.33,0,0,6,8,1,10.8,0,4.8,2.9,-1.49,Dropout
1,16,5,9147,1,5,108.3,1,10,21,2,10,156.3,0,0,0,1,0,1,21,0,0,6,8,6,13.39,0,0,6,8,4,12.91,0,7.0,2.0,-0.98,Graduate
1,15,3,9070,0,2,164.5,1,1,26,3,4,139.7,1,0,0,1,1,1,19,0,0,6,6,5,11.37,0,0,6,9,6,12.28,0,5.6,2.2,-0.12,Enrolled
2,9,1,9556,1,3,151.5,1,26,25,6,5,143.4,1,0,1,1,1,0,29,0,0,6,9,3,12.98,0,0,6,9,2,11.52,0,4.4,1.6,-1.27,Dropout
1,16,1,9003,1,7,161.8,1,10,24,9,1,111.6,1,0,1,1,0,0,26,0,0,6,6,2,11.28,0,0,6,7,0,0,0,6.4,2.8,0.97,Dropout
1,9,6,9991,0,10,110.5,1,25,6,2,9,101.7,1,0,0,1,1,1,18,0,0,6,9,6,11.91,0,0,6,6,6,14.05,0,4.8,2.1,2.03,Graduate
1,12,2,33,1,6,159.3,1,2,7,11,5,175.8,1,0,0,1,0,0,18,0,0,6,6,6,12.25,0,0,6,8,6,15.59,0,10.8,1.2,1.72,Graduate
1,3,2,9070,1,1,112.4,1,23,18,4,7,103.8,0,0,0,1,0,0,23,0,0,6,8,4,16.36,0,0,6,8,6,12.05,0,8.1,0.8,-0.36,Enrolled
1,13,2,9119,1,1,122.1,1,7,16,4,3,116.8,1,0,0,1,0,1,23,0,0,6,8,4,13.72,0,0,6,9,4,15.19,0,5.2,3.1,2.11,Graduate
1,6,5,9254,1,8,174.6,1,16,9,10,10,178.4,1,0,0,1,0,0,21,0,0,6,8,6,10.04,0,0,6,9,4,13.82,0,10.3,1.7,1.76,Graduate
2,13,4,9085,1,12,156.4,1,22,18,12,11,143.7,0,0,1,1,0,0,19,0,0,6,6,4,13.41,0,0,6,7,4,11.59,0,10.8,1.5,1.32,Graduate
2,4,3,9254,1,11,178.9,1,26,9,7,10,119.8,1,0,0,1,1,0,21,0,0,6,8,4,13.1,0,0,6,7,6,15.38,0,4.1,1.9,-0.20,Graduate
2,17,5,9773,1,7,108.0,1,9,20,9,2,129.7,0,0,1,0,1,0,25,0,0,6,7,1,10.79,0,0,6,7,2,11.2,0,4.8,1.4,-1.58,Dropout
1,15,6,9254,1,2,132.7,1,28,12,2,10,131.8,1,0,0,1,1,0,27,0,0,6,7,0,0,0,0,6,7,2,12.98,0,4.1,1.7,-0.76,Dropout
1,18,5,171,1,6,117.5,1,1,29,4,12,113.6,1,0,0,1,0,0,19,0,0,6,7,6,14.95,0,0,6,8,4,11.94,0,9.3,1.0,0.80,Graduate
1,5,1,9991,1,10,168.6,1,7,27,7,6,137.0,1,0,0,1,0,0,19,0,0,6,7,6,14.57,0,0,6,6,6,12.43,0,7.5,0.6,-1.36,Graduate
1,7,2,9556,1,12,188.3,1,27,1,10,4,161.6,0,0,0,1,0,0,18,0,0,6,7,4,12.98,0,0,6,9,4,12.97,0,7.8,2.3,-0.74,Graduate
2,10,2,171,1,2,138.5,1,29,1,10,12,183.9,1,0,0,1,0,1,23,0,0,6,9,6,11.62,0,0,6,9,5,11.25,0,4.9,1.5,1.83,Graduate
1,13,5,9070,1,13,123.0,1,12,18,3,11,163.8,1,0,0,1,0,0,22,0,0,6,9,5,15.36,0,0,6,7,4,15.61,0,10.6,1.8,-0.23,Enrolled
1,12,6,171,1,5,133.9,1,7,14,3,11,124.1,0,0,1,0,0,1,23,0,0,6,9,0,0,0,0,6,7,0,0,0,9.9,2.3,0.51,Dropout
1,14,6,9003,1,12,183.6,1,23,3,8,2,141.3,1,0,0,1,0,1,18,0,0,6,9,5,13.41,0,0,6,8,6,15.99,0,6.1,1.3,1.41,Graduate
1,6,3,171,1,5,164.5,1,14,24,8,8,178.8,1,0,0,1,0,0,19,0,0,6,6,5,10.87,0,0,6,9,5,15.8,0,11.3,3.1,-1.25,Graduate
1,12,5,9147,0,1,133.4,1,28,17,11,7,102.4,0,0,1,1,0,0,24,0,0,6,7,3,11.76,0,0,6,7,2,11.77,0,5.5,2.0,0.28,Dropout
1,18,5,9119,1,10,135.9,1,5,20,6,12,117.4,0,0,0,1,0,0,21,0,0,6,7,6,13.22,0,0,6,6,6,16.1,0,3.7,3.3,0.14,Graduate
1,15,1,9238,0,10,182.4,1,6,15,8,7,141.9,0,0,0,1,1,0,21,0,0,6,8,6,16.92,0,0,6,8,6,14.07,0,8.3,1.9,-1.64,Graduate
1,3,3,9853,1,15,124.0,1,29,21,9,12,179.8,0,0,1,0,0,0,25,0,0,6,8,2,12.76,0,0,6,9,1,10.38,0,5.7,2.3,0.37,Dropout
1,6,5,9500,1,15,180.8,1,4,13,12,5,141.3,1,0,0,1,1,0,19,0,0,6,8,4,15.45,0,0,6,7,5,16.46,0,6.1,0.8,0.21,Graduate
1,6,1,9147,1,7,181.5,1,13,1,3,9,133.3,1,0,0,1,0,1,18,0,0,6,8,4,13.69,0,0,6,9,6,14.25,0,7.4,3.4,0.28,Graduate
1,13,6,8014,1,1,117.6,1,10,7,9,12,166.2,0,0,0,1,1,0,21,0,0,6,9,6,15.67,0,0,6,7,6,16.95,0,9.6,3.2,1.42,Graduate
2,6,6,171,1,4,148.1,1,2,13,4,5,115.3,0,0,0,1,0,0,19,0,0,6,8,5,16.05,0,0,6,9,5,16.36,0,7.0,1.1,-0.53,Enrolled
1,3,6,9670,0,1,152.6,1,2,19,8,12,167.9,1,0,0,1,0,0,22,0,0,6,7,4,10.84,0,0,6,6,6,12.64,0,8.3,2.6,1.95,Graduate
1,12,5,9991,0,2,140.3,1,4,1,10,7,136.6,0,0,0,1,0,1,22,0,0,6,8,4,10.12,0,0,6,6,6,12.7,0,5.9,0.4,-1.02,Enrolled
1,12,3,9670,1,6,155.1,1,27,7,6,1,168.9,1,0,0,0,0,0,29,0,0,6,7,3,12.42,0,0,6,9,1,12.59,0,8.0,0.9,-0.54,Dropout
1,16,3,171,1,6,172.0,1,25,18,3,5,100.8,1,0,0,1,1,0,21,0,0,6,7,6,12.76,0,0,6,7,5,11.3,0,4.6,0.8,-1.07,Graduate
1,9,3,9500,1,6,164.4,1,22,1,4,1,152.9,0,0,0,1,1,0,18,0,0,6,8,5,16.73,0,0,6,8,4,11.17,0,6.9,1.1,0.09,Graduate
1,16,1,9238,1,3,172.6,1,11,14,2,9,101.8,0,0,0,1,1,1,23,0,0,6,7,6,12.81,0,0,6,9,5,11,0,7.4,3.1,1.20,Graduate
1,16,6,9254,1,12,101.0,1,11,14,12,3,150.6,0,0,0,1,0,0,18,0,0,6,7,5,12.12,0,0,6,8,4,10.17,0,11.6,2.6,-1.28,Enrolled
1,3,3,9556,1,13,166.5,1,13,20,5,8,146.3,0,0,1,0,0,0,26,0,0,6,7,2,12.11,0,0,6,6,2,10.31,0,6.2,0.7,0.56,Dropout
1,14,2,9070,1,4,155.3,1,15,14,12,7,167.3,1,0,0,1,0,1,21,0,0,6,6,5,11.92,0,0,6,9,4,10.43,0,6.6,1.8,0.98,Graduate
1,12,6,9085,0,8,116.7,1,22,2,11,10,144.4,0,0,0,1,0,0,18,0,0,6,8,1,10.17,0,0,6,7,1,10.11,0,6.2,3.3,-1.02,Dropout
1,1,1,8014,0,9,123.2,1,14,1,10,4,135.8,1,0,0,1,0,0,23,0,0,6,9,6,14.98,0,0,6,9,4,16.33,0,5.4,0.5,-0.62,Enrolled
1,2,6,9254,0,1,150.5,1,11,11,12,8,166.3,1,0,0,1,0,0,20,0,0,6,9,6,10.57,0,0,6,6,6,10.35,0,3.9,2.7,0.24,Graduate
1,2,6,9500,1,10,135.9,1,21,12,3,8,131.1,0,0,0,1,1,1,22,0,0,6,6,6,11.13,0,0,6,6,6,13.8,0,5.3,2.5,0.01,Graduate
1,17,1,9254,1,15,108.0,1,12,12,10,4,133.0,1,0,0,1,1,0,21,0,0,6,9,5,16.47,0,0,6,9,6,13.08,0,5.9,2.3,2.22,Graduate
2,4,5,9773,1,1,159.9,1,25,11,3,9,168.3,1,0,0,1,0,0,22,0,0,6,9,4,14.36,0,0,6,9,4,15.11,0,7.7,1.7,1.38,Graduate
1,17,3,9500,1,12,186.1,1,10,28,6,7,174.5,0,0,0,1,1,1,20,0,0,6,8,4,12.54,0,0,6,6,4,14.08,0,10.8,2.5,0.90,Graduate
1,14,3,9070,1,3,123.5,1,17,24,6,4,187.1,1,0,0,1,0,0,23,0,0,6,8,4,10.73,0,0,6,8,5,13.61,0,10.3,3.2,0.08,Graduate
1,11,4,9991,1,13,116.0,1,15,8,6,12,154.4,1,0,1,1,1,0,29,0,0,6,8,0,0,0,0,6,7,0,0,0,10.1,2.1,0.82,Dropout
1,1,2,9130,1,4,115.5,1,26,25,3,12,160.5,0,0,0,1,0,0,24,0,0,6,8,2,10.24,0,0,6,6,1,12.07,0,3.6,2.3,-0.45,Dropout
1,16,3,9500,1,13,131.1,1,13,7,6,9,173.2,1,0,0,1,1,0,22,0,0,6,7,3,10.93,0,0,6,8,1,12.34,0,3.9,2.2,-1.30,Dropout
1,14,4,9773,1,6,170.5,1,7,27,4,10,145.9,0,0,0,1,0,0,21,0,0,6,6,4,14.13,0,0,6,8,4,10.15,0,6.3,1.8,0.05,Graduate
1,2,3,9085,1,4,187.4,1,23,13,8,12,168.6,1,0,1,0,1,0,18,0,0,6,9,0,0,0,0,6,6,2,12.53,0,4.2,1.8,2.02,Dropout
2,14,3,9773,0,1,127.6,1,10,17,5,12,103.1,1,0,1,1,0,0,27,0,0,6,6,2,11.18,0,0,6,7,2,10.22,0,3.9,3.1,2.05,Dropout
1,14,4,171,1,6,111.4,1,10,29,3,4,107.1,1,0,0,0,1,0,25,0,0,6,6,1,10.04,0,0,6,6,0,0,0,4.9,0.6,1.91,Dropout
1,9,1,9147,1,9,133.5,1,15,17,3,12,159.6,1,0,0,1,0,0,23,0,0,6,7,5,11.7,0,0,6,6,5,11.74,0,10.7,1.3,-0.99,Graduate
1,6,2,9670,1,12,110.2,1,2,16,7,4,187.2,0,0,1,1,1,1,25,0,0,6,6,1,11.45,0,0,6,8,2,12.18,0,6.5,1.0,1.49,Dropout
1,2,3,171,1,8,169.0,1,7,26,11,9,179.7,1,0,0,1,0,1,28,0,0,6,6,0,0,0,0,6,9,2,11.87,0,10.1,1.0,0.31,Dropout
1,9,4,9119,1,5,168.4,1,28,17,10,1,130.7,1,0,1,1,0,1,27,0,0,6,7,0,0,0,0,6,6,0,0,0,4.8,1.3,-1.45,Dropout
1,12,1,8014,1,8,153.2,1,24,24,5,10,189.4,0,0,0,1,0,0,19,0,0,6,9,5,14.56,0,0,6,6,6,16.13,0,8.9,2.9,-1.70,Graduate
2,15,3,9773,1,11,131.5,1,19,9,9,12,147.0,1,0,0,1,0,1,18,0,0,6,8,6,13.56,0,0,6,6,4,12.68,0,11.4,0.4,-0.47,Graduate
1,13,6,9238,1,9,114.1,1,4,4,6,7,163.6,1,0,0,1,0,0,21,0,0,6,8,4,11.32,0,0,6,6,4,14.19,0,4.5,1.1,-0.87,Enrolled
1,3,1,9003,0,1,112.1,1,13,14,6,12,171.5,1,0,1,1,0,0,21,0,0,6,8,3,12.44,0,0,6,6,2,11.76,0,8.2,2.8,1.37,Dropout
1,18,1,9500,1,4,104.3,1,8,11,11,2,104.4,1,0,0,1,1,1,21,0,0,6,6,6,16.26,0,0,6,8,6,14.61,0,7.3,1.9,1.20,Graduate
1,18,3,9119,1,8,103.5,1,12,13,4,10,174.8,1,0,0,1,0,0,18,0,0,6,6,4,14.56,0,0,6,6,4,14.62,0,7.5,3.2,0.34,Graduate
1,10,2,9238,1,4,155.7,1,19,26,12,11,151.2,1,0,0,1,1,0,19,0,0,6,9,5,13.87,0,0,6,9,5,10.31,0,5.9,1.9,-0.03,Graduate
1,15,4,9773,1,15,132.7,1,7,23,3,11,112.4,1,0,0,1,1,0,18,0,0,6,9,5,12.49,0,0,6,7,6,14.62,0,10.0,3.4,-0.08,Graduate
1,13,3,9670,0,15,149.8,1,20,25,6,4,171.3,0,0,1,0,1,0,24,0,0,6,6,3,12.08,0,0,6,8,1,11.06,0,9.2,1.7,-0.73,Dropout
1,18,4,9070,1,4,177.7,1,24,17,4,10,124.9,0,0,0,1,1,1,18,0,0,6,9,5,12.43,0,0,6,9,6,10.06,0,11.5,2.4,-0.62,Graduate
1,7,5,9670,1,2,132.1,1,19,8,6,8,127.9,0,0,0,0,0,0,21,0,0,6,6,1,10.07,0,0,6,9,1,11.84,0,5.3,2.8,0.46,Dropout
1,15,4,9556,0,5,108.7,1,14,14,1,5,141.9,1,0,0,1,1,0,19,0,0,6,8,6,11.05,0,0,6,6,4,16.43,0,6.6,0.9,-0.84,Graduate
1,14,3,9500,1,4,126.5,1,8,3,7,12,159.5,0,0,1,0,1,0,19,0,0,6,7,2,12.21,0,0,6,9,0,0,0,8.4,2.5,-0.81,Dropout
1,5,5,9556,1,7,149.4,1,27,12,5,9,167.4,0,0,1,1,0,1,23,0,0,6,7,5,10.51,0,0,6,8,5,12.57,0,11.0,1.3,0.98,Graduate
1,6,1,33,1,2,135.1,1,3,7,9,9,122.1,0,0,1,0,0,1,26,0,0,6,7,0,0,0,0,6,8,0,0,0,9.6,1.8,1.80,Dropout
1,12,2,9003,1,5,165.1,1,27,21,10,10,179.9,1,0,0,1,0,0,27,0,0,6,9,3,10.97,0,0,6,6,1,11.16,0,10.7,1.5,0.72,Dropout
1,12,2,8014,1,3,141.0,1,29,5,7,11,119.7,1,0,1,0,0,0,19,0,0,6,9,1,11.78,0,0,6,7,1,10.78,0,6.7,2.3,1.03,Dropout
1,12,3,9130,1,13,162.7,1,29,18,9,1,130.5,1,0,1,1,0,0,25,0,0,6,9,3,12.84,0,0,6,8,2,10.42,0,3.7,1.8,1.61,Dropout
1,16,5,9238,1,11,121.9,1,29,11,6,3,162.8,1,0,0,0,0,0,19,0,0,6,8,0,0,0,0,6,7,0,0,0,3.8,1.3,-0.12,Dropout
1,7,5,9853,1,2,116.8,1,1,23,7,3,169.2,1,0,0,1,0,1,19,0,0,6,6,5,10.84,0,0,6,6,4,16.71,0,9.9,2.2,-0.35,Graduate
1,6,5,9773,1,15,158.0,1,5,8,9,9,116.7,1,0,0,1,1,0,19,0,0,6,8,4,16.76,0,0,6,7,4,16.71,0,11.0,3.2,-0.44,Graduate
1,13,1,9238,1,14,130.9,1,26,28,2,9,167.4,1,0,0,1,1,0,23,0,0,6,8,4,11.08,0,0,6,7,6,13.35,0,6.0,2.0,-1.68,Graduate
1,5,3,8014,0,6,166.1,1,5,3,2,3,127.9,0,0,0,1,0,1,21,0,0,6,8,5,11.29,0,0,6,6,5,14.95,0,3.8,1.7,-0.92,Enrolled
1,12,4,9003,1,15,178.0,1,4,19,6,9,111.7,0,0,1,0,1,0,23,0,0,6,8,1,12.96,0,0,6,6,1,11.21,0,8.4,3.4,1.55,Dropout
1,8,5,9130,1,10,175.7,1,7,21,1,7,130.9,1,1,0,1,0,0,28,0,0,6,9,1,12.23,0,0,6,9,2,11.97,0,5.4,3.2,-1.25,Dropout
1,18,2,9773,0,10,100.2,1,6,14,3,12,183.0,0,0,0,1,1,1,20,0,0,6,6,6,10.91,0,0,6,6,6,11.21,0,8.9,3.0,-0.73,Graduate
1,11,1,9556,1,10,150.3,1,3,13,2,11,110.3,1,0,0,1,0,0,19,0,0,6,9,5,14.95,0,0,6,7,5,16.72,0,8.2,0.7,1.89,Graduate
1,17,4,8014,0,5,181.9,1,7,23,12,1,183.0,0,0,1,0,0,0,18,0,0,6,6,1,11.23,0,0,6,7,2,11.56,0,5.9,1.7,2.25,Dropout
1,6,1,9147,1,8,160.2,1,21,23,8,11,187.8,0,0,1,1,0,0,21,0,0,6,7,3,10.25,0,0,6,6,0,0,0,9.9,0.6,1.06,Dropout
2,9,6,9773,1,8,164.4,1,14,25,7,8,181.0,0,0,0,1,0,0,21,0,0,6,9,5,12.41,0,0,6,7,5,14.84,0,7.5,0.5,-0.21,Enrolled
2,17,2,9238,1,8,107.4,1,22,29,8,1,122.1,1,0,0,1,1,0,18,0,0,6,7,6,15.75,0,0,6,9,4,15.36,0,6.2,3.3,2.02,Graduate
1,18,3,9500,1,14,185.3,1,27,23,8,11,107.4,0,0,0,0,0,0,24,0,0,6,6,2,12.03,0,0,6,9,1,12.36,0,11.1,1.0,0.05,Dropout
1,14,6,9147,1,4,146.3,1,5,16,2,4,179.7,1,0,0,1,0,0,18,0,0,6,7,4,16.06,0,0,6,8,5,10.31,0,6.3,1.9,0.52,Graduate
1,4,3,9130,1,13,140.9,1,5,12,1,2,174.9,1,0,0,1,0,0,20,0,0,6,6,2,10.33,0,0,6,8,0,0,0,5.4,3.3,-0.83,Dropout
1,18,6,9085,1,12,179.7,1,13,1,4,12,189.8,0,0,0,1,0,1,18,0,0,6,8,4,15.03,0,0,6,7,6,13.09,0,8.8,3.3,-1.36,Enrolled
1,9,1,9991,0,11,138.4,1,22,10,2,11,114.0,0,0,0,1,1,0,21,0,0,6,8,5,13.98,0,0,6,6,6,16.93,0,9.7,3.1,2.13,Graduate
1,4,2,171,1,13,123.1,1,19,6,3,11,184.0,1,0,0,1,0,0,22,0,0,6,8,5,10.52,0,0,6,7,5,10.69,0,10.9,1.4,-0.27,Graduate
1,8,5,9991,1,9,145.6,1,23,17,9,10,148.0,0,0,1,1,1,0,21,0,0,6,9,4,11.26,0,0,6,7,4,15.79,0,6.0,2.4,-0.02,Graduate
1,6,6,9853,1,9,151.8,1,9,16,11,12,130.6,0,0,0,1,0,1,18,0,0,6,6,5,10.23,0,0,6,8,6,11.71,0,6.1,2.2,1.20,Graduate
1,14,1,9670,1,14,155.9,1,21,1,1,4,152.2,1,0,0,1,1,0,22,0,0,6,9,5,12.79,0,0,6,6,4,13.7,0,6.1,0.8,2.11,Graduate
1,3,5,171,1,1,137.7,1,8,10,1,10,168.6,0,0,0,1,1,0,23,0,0,6,6,5,12.24,0,0,6,6,5,15.66,0,10.7,3.2,1.16,Enrolled
1,6,3,9853,1,14,109.6,1,14,6,7,1,111.8,0,0,1,1,1,1,22,0,0,6,7,4,16.42,0,0,6,7,6,11.21,0,4.3,3.1,-1.58,Enrolled
1,13,1,9773,1,4,169.8,1,19,14,7,2,184.1,0,0,0,1,0,0,18,0,0,6,6,5,13.3,0,0,6,6,6,13.09,0,5.4,2.6,1.41,Graduate
1,1,4,9991,0,8,132.3,1,4,24,1,11,161.2,0,0,0,1,0,0,18,0,0,6,9,6,15.12,0,0,6,8,6,14.15,0,11.6,2.1,1.04,Graduate
1,1,2,9500,1,13,161.6,1,12,2,6,8,121.1,1,0,0,1,0,0,21,0,0,6,9,2,12.66,0,0,6,9,1,10.58,0,6.9,0.7,0.07,Dropout
1,3,5,9853,1,10,178.0,1,8,5,8,5,122.5,1,0,0,1,0,0,23,0,0,6,9,6,11.95,0,0,6,9,6,13.48,0,10.6,0.8,1.46,Graduate
1,5,5,33,1,1,156.6,1,9,17,1,9,163.5,1,0,0,1,0,0,20,0,0,6,7,6,12.94,0,0,6,9,6,10.84,0,5.7,3.4,2.30,Graduate
1,13,1,9991,1,4,180.6,1,20,13,3,6,110.7,1,0,0,1,0,0,26,0,0,6,8,1,10.89,0,0,6,9,0,0,0,4.5,1.0,0.78,Dropout
1,11,3,9085,1,1,114.3,1,16,4,6,3,106.9,1,0,0,1,1,0,21,0,0,6,8,5,12.8,0,0,6,8,4,10.59,0,6.8,2.5,0.89,Graduate
1,16,5,9085,1,10,130.5,1,9,24,3,2,158.2,1,0,0,1,0,0,19,0,0,6,8,5,10.55,0,0,6,7,5,15.71,0,6.1,2.5,1.31,Graduate
1,7,2,9853,1,14,179.5,1,15,2,1,10,142.0,0,0,0,1,0,0,23,0,0,6,6,5,15.63,0,0,6,8,4,12.71,0,4.9,3.0,2.02,Graduate
1,6,5,8014,1,11,103.4,1,14,21,8,9,110.0,0,0,1,1,0,0,18,0,0,6,8,3,10.04,0,0,6,7,1,11.33,0,11.4,0.9,0.22,Dropout
2,10,1,9556,1,9,178.4,1,21,25,12,6,124.3,1,0,1,1,0,0,22,0,0,6,9,3,12.87,0,0,6,8,0,0,0,5.4,3.3,2.15,Dropout
1,6,1,9238,1,7,188.9,1,29,28,10,12,169.3,1,0,1,1,1,1,20,0,0,6,9,5,11.62,0,0,6,8,5,11.72,0,3.9,1.1,1.59,Enrolled
1,5,3,9147,1,13,128.5,1,6,1,3,5,182.8,1,0,0,1,0,0,23,0,0,6,8,4,12.75,0,0,6,9,4,10.25,0,9.5,1.2,0.08,Graduate
1,5,2,33,1,6,149.1,1,14,14,8,7,133.3,0,0,0,1,0,0,23,0,0,6,9,5,10.71,0,0,6,9,5,11.83,0,11.3,2.9,-1.21,Graduate
1,6,1,9991,0,14,173.5,1,10,13,9,12,127.7,1,0,0,1,0,0,20,0,0,6,6,6,16.37,0,0,6,6,6,16.26,0,3.7,2.1,1.61,Graduate
1,13,1,9147,1,13,173.8,1,19,9,3,11,184.1,0,0,0,1,0,1,19,0,0,6,8,2,11.03,0,0,6,8,2,11.35,0,6.0,1.3,1.90,Dropout
1,14,1,9254,1,6,142.7,1,10,17,3,7,103.7,1,0,1,1,1,0,28,0,0,6,8,1,12.57,0,0,6,6,1,10.61,0,4.5,1.9,2.27,Dropout
1,15,2,9070,1,3,169.9,1,5,18,5,4,111.8,0,0,0,1,0,0,21,0,0,6,7,5,11.74,0,0,6,7,4,16.92,0,7.2,0.5,0.55,Enrolled
1,4,4,9119,1,5,172.7,1,19,23,10,9,170.6,1,0,0,1,0,0,19,0,0,6,8,6,13.39,0,0,6,8,4,12.49,0,6.0,2.2,0.29,Graduate
1,13,5,9070,1,5,158.8,1,18,7,2,12,148.0,1,0,1,1,1,0,22,0,0,6,8,2,12.41,0,0,6,7,2,12.73,0,4.2,0.7,-1.04,Dropout
1,18,5,8014,1,5,165.7,1,22,18,8,12,150.9,1,0,0,1,1,0,20,0,0,6,8,5,11.14,0,0,6,6,6,12.94,0,6.6,3.1,1.05,Graduate
1,1,1,9254,1,3,123.7,1,8,2,4,3,128.8,1,0,1,1,0,0,19,0,0,6,8,3,11.46,0,0,6,8,1,11.34,0,8.1,1.3,0.39,Dropout
1,18,3,9130,1,11,161.4,1,19,27,2,1,145.7,0,0,0,1,0,0,21,0,0,6,6,4,11.07,0,0,6,9,5,15.08,0,5.1,1.9,-0.70,Enrolled
2,8,6,9853,1,6,171.7,1,16,23,1,10,110.1,1,0,0,1,0,0,21,0,0,6,7,6,16.64,0,0,6,9,5,15.29,0,11.4,0.5,1.85,Graduate
1,11,6,9773,1,12,160.2,1,6,28,2,5,147.9,0,0,0,1,0,0,20,0,0,6,7,4,10.14,0,0,6,9,5,16.53,0,7.6,1.8,0.56,Graduate
2,1,3,9130,1,2,121.6,1,15,24,3,2,110.5,1,0,0,1,0,0,23,0,0,6,8,5,13.69,0,0,6,6,6,13.21,0,7.4,0.4,1.30,Graduate
1,3,2,9003,1,1,107.4,1,13,10,8,9,182.7,1,0,0,1,0,1,18,0,0,6,7,4,11.56,0,0,6,6,6,16.61,0,10.7,2.5,1.92,Graduate
1,3,2,9003,1,2,135.5,1,12,6,11,10,123.1,1,0,0,1,0,0,19,0,0,6,6,5,13.06,0,0,6,9,5,16.94,0,4.1,2.2,0.58,Graduate
1,1,1,9119,0,1,168.1,1,19,29,7,11,113.6,0,0,1,0,1,0,21,0,0,6,7,2,11.76,0,0,6,6,1,11.98,0,11.2,2.4,-1.07,Dropout
1,4,2,9238,1,8,180.2,1,20,3,2,6,134.7,1,0,1,1,0,0,20,0,0,6,6,0,0,0,0,6,6,0,0,0,9.1,2.4,0.66,Dropout
1,9,5,9130,1,15,134.8,1,22,9,10,11,169.0,1,0,0,1,0,0,23,0,0,6,7,4,11.83,0,0,6,9,6,13.24,0,5.4,1.2,0.19,Graduate
1,2,5,171,1,15,138.3,1,19,28,3,6,146.4,0,0,0,0,0,0,25,0,0,6,7,3,11.05,0,0,6,7,1,11.08,0,6.7,2.9,0.64,Dropout
1,16,6,9070,1,12,178.8,1,10,11,5,12,125.0,1,0,1,1,0,0,21,0,0,6,7,2,11.77,0,0,6,6,2,11.99,0,10.4,2.2,-0.18,Dropout
1,4,6,9003,0,10,166.8,1,17,28,7,1,113.5,0,1,0,1,1,0,20,0,0,6,9,4,13.96,0,0,6,8,4,15.93,0,10.4,2.2,1.21,Graduate
1,6,4,9147,0,3,187.4,1,29,25,4,9,125.3,1,0,1,1,1,0,20,0,0,6,8,1,11.27,0,0,6,8,1,10.35,0,11.5,2.9,1.56,Dropout
1,14,3,9853,1,6,106.5,1,2,5,7,3,163.4,1,0,0,1,1,1,23,0,0,6,9,5,13.29,0,0,6,9,4,14.2,0,5.3,3.3,-1.52,Enrolled
2,16,5,9003,1,14,171.0,1,11,9,1,2,140.6,0,0,0,1,1,0,18,0,0,6,7,4,11.13,0,0,6,9,4,12.45,0,8.4,0.9,1.81,Enrolled
1,10,5,8014,1,7,179.4,1,11,18,11,1,174.2,1,0,0,1,0,1,23,0,0,6,8,6,13.9,0,0,6,6,4,14.24,0,4.3,2.4,-0.10,Graduate
1,4,1,33,1,11,109.9,1,3,27,4,10,112.1,0,0,0,1,0,0,19,0,0,6,9,4,12.57,0,0,6,8,4,15.38,0,7.5,2.4,-0.34,Graduate
1,16,4,9853,1,1,120.1,1,29,4,11,7,185.7,1,0,0,1,0,0,23,0,0,6,9,5,16.53,0,0,6,7,6,10.33,0,9.0,0.7,0.41,Graduate
1,16,4,8014,1,13,138.0,1,26,28,3,5,124.4,1,0,0,1,1,0,22,0,0,6,9,4,11.42,0,0,6,8,6,10.94,0,9.6,0.9,-1.57,Enrolled
1,13,3,9119,1,4,100.8,1,17,5,7,5,128.3,0,0,0,1,0,0,20,0,0,6,6,5,14.01,0,0,6,8,5,16.49,0,11.4,2.6,2.19,Enrolled
2,12,3,8014,1,4,127.0,1,8,27,8,4,160.4,1,0,1,0,0,0,20,0,0,6,7,3,10.32,0,0,6,7,2,12.36,0,8.5,0.7,1.89,Dropout
2,6,3,9085,1,8,137.9,1,13,29,6,2,126.5,0,0,0,1,1,1,23,0,0,6,7,1,11.53,0,0,6,9,2,10.88,0,10.7,3.2,-0.18,Dropout
1,1,5,9085,1,8,152.6,1,24,19,10,4,174.1,1,0,1,0,0,0,27,0,0,6,9,0,0,0,0,6,7,2,12.36,0,9.2,1.3,1.64,Dropout
1,1,3,9254,1,7,107.1,1,24,28,4,6,182.1,0,0,0,1,0,0,19,0,0,6,9,6,11.18,0,0,6,6,4,15.97,0,5.3,1.3,-0.59,Graduate
1,18,2,171,1,2,134.3,1,25,17,10,3,189.7,0,1,0,1,1,1,21,0,0,6,6,4,10.07,0,0,6,6,6,16.52,0,7.0,2.7,-1.48,Graduate
1,8,6,9003,1,10,148.0,1,23,10,12,9,121.2,1,0,1,1,1,0,21,0,0,6,8,3,12.35,0,0,6,6,2,12.84,0,7.8,0.4,1.42,Dropout
1,8,4,9070,0,1,152.0,1,13,7,6,4,168.7,1,0,1,1,0,0,20,0,0,6,7,6,15.27,0,0,6,8,4,10.38,0,7.7,1.8,1.25,Enrolled
1,16,4,171,1,10,187.0,1,14,29,11,8,148.6,1,0,0,1,0,0,22,0,0,6,9,6,13.5,0,0,6,7,5,11.57,0,10.8,0.6,1.79,Enrolled
1,11,3,9773,1,7,189.6,1,25,28,9,6,100.4,1,0,0,1,1,0,22,0,0,6,7,4,12.67,0,0,6,6,4,11.39,0,4.8,2.7,0.58,Enrolled
1,14,4,9670,1,9,161.8,1,12,22,11,8,121.0,1,0,0,1,0,1,21,0,0,6,9,4,13.65,0,0,6,9,5,10.43,0,10.7,3.3,0.96,Enrolled
1,6,5,9773,1,4,120.6,1,11,5,9,12,104.7,1,0,0,1,0,0,22,0,0,6,8,6,14.06,0,0,6,9,6,16.8,0,5.3,1.8,-0.49,Graduate
1,8,4,9238,1,4,100.3,1,5,14,7,6,132.2,1,0,0,1,1,1,18,0,0,6,9,5,15.06,0,0,6,6,4,12.99,0,7.5,0.5,-1.14,Enrolled
1,4,1,9070,1,2,184.2,1,6,18,9,5,187.6,1,0,1,1,1,0,22,0,0,6,6,0,0,0,0,6,8,0,0,0,6.1,1.8,-0.22,Dropout
1,7,6,9670,1,10,134.1,1,21,4,4,11,134.5,1,0,0,1,0,0,20,0,0,6,6,6,13.22,0,0,6,8,6,15.94,0,6.0,1.2,1.01,Graduate
1,17,4,9130,1,9,154.4,1,2,4,11,8,124.1,0,0,0,1,1,0,22,0,0,6,9,5,16.61,0,0,6,6,6,13.13,0,11.3,1.8,0.39,Enrolled
1,17,6,9119,1,1,102.3,1,15,27,3,7,133.6,0,0,0,1,0,1,20,0,0,6,6,4,13.98,0,0,6,9,6,15.06,0,6.1,0.6,-0.64,Graduate
1,10,2,9556,1,4,165.6,1,1,28,5,5,167.3,1,0,0,1,0,0,22,0,0,6,8,5,15.02,0,0,6,6,6,11.44,0,10.7,3.3,1.95,Enrolled
1,15,1,9085,1,15,110.3,1,21,28,8,10,141.1,1,0,0,1,0,0,20,0,0,6,9,4,15.28,0,0,6,8,4,12.45,0,9.2,3.0,-0.87,Graduate
1,2,1,9070,1,9,157.7,1,26,21,9,6,170.2,0,1,0,1,0,0,20,0,0,6,9,6,16.2,0,0,6,9,4,14.68,0,4.0,0.6,1.56,Enrolled
1,9,4,171,1,10,178.3,1,11,23,1,6,150.2,0,0,0,0,1,0,23,0,0,6,7,0,0,0,0,6,7,1,11.94,0,6.4,2.7,1.36,Dropout
1,6,5,9773,1,8,171.0,1,21,7,10,2,135.3,1,0,1,1,1,0,20,0,0,6,7,5,11.16,0,0,6,9,4,13.78,0,7.3,3.3,-0.49,Enrolled
1,7,1,9500,1,13,128.1,1,15,27,9,10,123.7,1,0,0,1,1,1,18,0,0,6,9,6,10.32,0,0,6,8,6,16.89,0,5.5,1.5,0.31,Graduate
1,11,4,9130,1,14,110.7,1,4,29,5,9,125.0,1,0,0,1,1,0,19,0,0,6,7,5,12.67,0,0,6,9,5,12.13,0,10.4,3.0,0.52,Enrolled
2,9,2,9853,1,6,148.1,1,17,21,11,8,181.3,1,0,0,1,0,0,21,0,0,6,7,6,14.01,0,0,6,8,4,12.86,0,10.4,3.0,0.36,Graduate
1,4,2,33,0,14,143.4,1,17,20,7,12,178.9,0,0,1,0,0,0,21,0,0,6,7,2,11.73,0,0,6,8,1,11.71,0,8.7,0.7,-0.78,Dropout
1,8,4,9119,1,10,155.2,1,17,21,5,5,155.7,0,0,0,1,1,0,23,0,0,6,9,5,14.63,0,0,6,8,4,16.76,0,8.5,3.4,-1.42,Enrolled
1,13,5,9003,0,12,159.2,1,14,29,11,10,105.8,1,0,0,1,0,0,18,0,0,6,7,6,16.21,0,0,6,8,5,15.48,0,6.9,2.9,-1.44,Graduate
1,6,4,9085,1,8,125.2,1,26,8,4,3,136.6,1,0,0,1,1,0,22,0,0,6,6,4,12.26,0,0,6,8,6,15.83,0,7.8,2.7,-0.96,Enrolled
1,12,3,8014,1,6,186.1,1,25,16,2,5,145.2,0,0,1,0,1,0,20,0,0,6,6,1,10.08,0,0,6,8,1,10.41,0,7.0,1.3,0.94,Dropout
2,18,6,9254,1,14,150.6,1,27,29,3,9,132.3,0,0,0,1,1,0,22,0,0,6,9,4,15.59,0,0,6,6,4,12.92,0,4.5,0.5,0.31,Graduate
1,5,3,9147,1,11,147.2,1,9,14,11,9,143.9,0,0,0,1,0,0,23,0,0,6,8,5,11.85,0,0,6,6,6,11.62,0,8.4,2.6,-1.45,Enrolled
1,7,6,9238,1,9,133.3,1,5,11,10,6,143.0,1,0,1,1,0,0,20,0,0,6,8,0,0,0,0,6,9,2,11.42,0,11.6,2.8,1.44,Dropout
1,15,6,9500,1,5,118.5,1,16,17,1,5,174.2,1,0,0,1,1,0,19,0,0,6,9,4,10.05,0,0,6,6,4,14.14,0,8.7,1.3,1.96,Graduate
1,2,1,9003,1,4,174.2,1,10,3,2,12,174.1,0,0,0,1,0,0,20,0,0,6,7,6,10.47,0,0,6,9,6,11.14,0,11.2,2.6,1.29,Graduate
1,9,6,9238,1,13,103.4,1,11,15,7,9,155.3,1,0,0,1,1,0,23,0,0,6,6,5,13.67,0,0,6,6,5,16.12,0,4.3,3.0,-1.59,Enrolled
1,15,2,9238,1,4,168.9,1,22,13,9,9,163.4,1,0,0,1,0,0,18,0,0,6,9,5,11.55,0,0,6,8,5,11.48,0,6.6,3.4,-1.51,Enrolled
1,3,6,9254,1,6,120.4,1,7,4,5,7,143.6,1,0,0,0,0,0,27,0,0,6,7,1,12.85,0,0,6,9,0,0,0,10.4,3.2,1.59,Dropout
1,8,4,9238,1,6,136.9,1,29,15,4,7,108.5,1,0,0,1,0,0,19,0,0,6,6,6,11.62,0,0,6,9,6,12.14,0,3.8,2.2,1.79,Graduate
1,8,4,9773,1,13,112.4,1,27,21,9,4,119.2,1,0,0,1,0,0,19,0,0,6,6,4,11.8,0,0,6,8,6,15.23,0,9.4,2.4,-0.22,Enrolled
1,9,4,9853,1,12,149.9,1,20,3,10,5,130.1,0,0,0,1,1,0,18,0,0,6,6,5,15.96,0,0,6,6,6,14.8,0,4.6,2.9,-0.61,Graduate
1,15,3,9991,1,2,165.1,1,29,13,12,9,128.9,1,0,1,0,0,0,18,0,0,6,8,0,0,0,0,6,6,1,12.69,0,10.5,1.9,1.79,Dropout
1,10,1,9003,1,11,173.6,1,28,21,6,4,122.0,1,1,0,1,0,1,20,0,0,6,7,6,14.83,0,0,6,6,4,16.55,0,6.6,1.4,0.04,Enrolled
1,8,1,9130,0,6,110.7,1,13,14,2,8,186.9,0,0,0,1,1,0,22,0,0,6,8,5,15.26,0,0,6,8,4,15.84,0,6.5,1.0,-0.10,Graduate
2,1,6,9500,1,4,127.4,1,23,22,12,6,127.9,0,0,1,1,1,0,25,0,0,6,9,0,0,0,0,6,7,2,11.9,0,10.9,1.0,0.85,Dropout
1,5,2,9085,1,15,101.6,1,15,18,12,2,146.3,1,0,0,1,0,0,18,0,0,6,6,4,10.8,0,0,6,6,6,15.56,0,7.7,3.3,-0.58,Graduate
1,10,6,9119,1,2,185.3,1,1,11,9,12,129.8,1,0,1,1,0,0,29,0,0,6,6,3,12.18,0,0,6,6,2,12.5,0,6.4,1.6,1.91,Dropout
1,17,5,9853,1,2,125.5,1,7,12,8,9,133.4,1,0,0,1,1,0,21,0,0,6,6,4,16.78,0,0,6,7,5,16.63,0,8.4,1.5,-0.18,Graduate
1,13,5,8014,1,5,121.0,1,28,17,2,4,119.3,0,0,1,1,1,1,27,0,0,6,6,1,12.31,0,0,6,8,0,0,0,3.7,1.3,0.93,Dropout
2,12,5,9556,1,14,164.3,1,17,28,1,11,146.1,0,0,0,1,0,0,19,0,0,6,6,6,12.71,0,0,6,9,6,16.8,0,4.3,2.4,-1.31,Graduate
1,1,2,9500,1,11,120.9,1,26,21,2,4,176.2,1,0,1,0,1,0,21,0,0,6,9,2,11.43,0,0,6,9,2,11.62,0,5.7,1.7,-1.28,Dropout
1,15,6,9991,1,3,138.1,1,8,8,7,8,134.4,1,0,1,1,0,0,24,0,0,6,9,0,0,0,0,6,8,0,0,0,8.5,0.7,-0.90,Dropout
1,16,1,9773,1,7,126.2,1,26,12,5,1,120.2,1,0,0,1,0,0,22,0,0,6,9,6,16.7,0,0,6,7,4,10.4,0,6.8,2.3,1.55,Graduate
1,6,4,9130,1,3,111.2,1,5,2,1,11,187.2,1,0,0,1,1,0,22,0,0,6,6,2,11.07,0,0,6,8,1,12.37,0,5.5,1.0,-0.44,Dropout
1,6,1,9773,1,8,121.4,1,15,21,6,9,131.9,1,0,0,1,0,0,23,0,0,6,9,6,16.3,0,0,6,7,5,11.45,0,6.9,1.9,0.51,Graduate
1,4,1,9238,1,1,182.6,1,7,21,11,3,125.0,1,0,0,1,1,1,18,0,0,6,6,4,10.57,0,0,6,9,6,12.75,0,4.4,3.1,1.49,Graduate
1,6,3,9238,1,9,109.9,1,4,25,6,12,189.0,0,0,0,1,1,0,22,0,0,6,9,6,13.14,0,0,6,8,6,15.83,0,8.1,1.2,-0.99,Graduate
1,12,1,9130,1,7,189.9,1,2,25,1,7,128.4,0,0,0,1,0,0,22,0,0,6,7,4,11.93,0,0,6,6,5,15.16,0,5.9,2.8,2.28,Graduate
1,18,1,9147,1,10,150.3,1,14,21,12,10,114.1,0,0,0,1,1,0,29,0,0,6,6,0,0,0,0,6,8,1,10.81,0,6.4,2.2,-1.49,Dropout
1,10,1,9773,1,1,111.2,1,6,14,6,8,180.3,1,0,1,0,0,0,25,0,0,6,6,3,12.77,0,0,6,7,1,12.27,0,7.5,1.4,-1.00,Dropout
1,3,1,9003,1,10,128.9,1,26,14,9,6,166.6,1,0,0,1,1,0,18,0,0,6,6,4,15.6,0,0,6,8,6,11.18,0,9.7,2.9,-1.40,Graduate
1,13,4,9119,1,7,137.5,1,5,24,7,3,148.6,1,0,0,1,0,1,22,0,0,6,9,4,11.16,0,0,6,9,6,11.6,0,6.4,1.1,-0.55,Graduate
1,1,3,9238,1,14,171.2,1,13,14,5,5,142.6,1,0,0,1,1,0,21,0,0,6,8,2,11.63,0,0,6,8,0,0,0,8.7,0.9,-1.52,Dropout
1,8,1,9147,1,8,135.2,1,19,2,11,4,190.0,0,0,0,1,0,0,20,0,0,6,6,5,14.79,0,0,6,7,6,10.68,0,9.6,1.5,-0.83,Graduate
1,13,3,9991,1,5,172.6,1,25,10,12,8,113.5,1,0,0,1,0,0,18,0,0,6,8,6,11.98,0,0,6,6,4,13.04,0,6.2,2.2,-0.10,Graduate
1,1,3,9500,0,15,111.8,1,9,5,4,4,138.6,0,0,1,1,1,0,27,0,0,6,8,0,0,0,0,6,6,1,10.46,0,10.2,1.4,-0.86,Dropout
1,2,1,9556,1,13,104.4,1,1,6,3,7,142.5,1,0,1,1,0,0,27,0,0,6,6,2,12.53,0,0,6,6,2,10.36,0,5.8,2.1,-1.09,Dropout
2,6,5,9500,1,15,137.5,1,23,28,10,9,128.4,0,0,0,1,1,0,20,0,0,6,6,5,15.32,0,0,6,6,5,14.28,0,7.5,1.6,1.24,Graduate
1,11,6,9853,1,7,148.3,1,28,15,3,6,172.3,1,0,0,1,1,0,23,0,0,6,9,3,12.36,0,0,6,8,2,10.95,0,4.1,1.4,1.27,Dropout
1,1,3,9003,0,6,156.0,1,8,1,11,1,173.2,1,1,0,1,1,0,21,0,0,6,6,4,13.51,0,0,6,9,6,16.52,0,6.9,3.1,-0.40,Graduate
1,13,4,9147,1,2,118.6,1,20,21,6,5,115.7,1,0,1,1,0,0,26,0,0,6,8,2,12.69,0,0,6,6,1,11.31,0,10.5,1.2,0.33,Dropout
1,10,2,9254,1,11,119.0,1,29,15,6,9,175.1,1,0,0,1,0,0,22,0,0,6,9,6,13.45,0,0,6,6,5,11,0,7.4,0.9,-1.27,Graduate
1,6,5,9003,1,13,111.1,1,23,13,7,2,104.4,0,0,1,1,0,0,27,0,0,6,9,2,11.75,0,0,6,7,2,10.9,0,8.9,3.2,1.43,Dropout
2,8,6,9238,1,9,128.2,1,21,4,9,1,103.0,0,0,0,1,0,1,21,0,0,6,6,4,14.55,0,0,6,8,4,16.28,0,5.9,0.8,1.83,Graduate
1,18,1,9254,1,4,158.9,1,5,23,3,2,150.2,1,0,1,1,0,0,18,0,0,6,6,3,10.89,0,0,6,8,2,12.27,0,7.5,0.5,1.53,Dropout
1,6,3,9119,0,2,154.7,1,10,24,3,3,134.8,1,0,1,1,0,0,21,0,0,6,8,5,15.51,0,0,6,8,4,11.99,0,10.6,2.1,-1.34,Graduate
2,5,5,9085,1,5,169.8,1,4,4,2,6,181.8,1,0,0,1,0,0,19,0,0,6,9,6,10.42,0,0,6,9,4,15.5,0,8.2,2.8,1.13,Graduate
1,14,1,9238,1,7,166.5,1,11,16,5,8,144.3,1,0,1,1,0,0,18,0,0,6,8,1,12.16,0,0,6,6,2,11.2,0,6.1,2.4,-0.54,Dropout
1,6,6,9853,1,5,102.8,1,20,11,9,1,117.3,1,0,1,0,1,0,29,0,0,6,7,0,0,0,0,6,7,2,12.56,0,10.9,1.1,1.30,Dropout
1,14,1,9773,1,3,171.6,1,1,15,11,2,112.6,1,0,0,0,1,0,25,0,0,6,9,1,11.75,0,0,6,6,2,11.43,0,9.9,0.7,-0.34,Dropout
1,13,2,9003,1,8,122.2,1,24,2,5,4,161.1,1,0,0,1,0,1,18,0,0,6,7,6,12.75,0,0,6,9,6,11.36,0,11.3,1.7,1.73,Graduate
2,8,4,9070,0,13,142.8,1,26,21,8,10,119.6,1,0,0,1,1,0,19,0,0,6,8,5,14.99,0,0,6,9,4,15.98,0,7.4,2.5,-1.46,Graduate
1,4,4,9670,1,6,175.9,1,16,28,3,7,106.7,1,1,0,1,0,0,19,0,0,6,7,5,12.19,0,0,6,7,4,15.3,0,5.2,2.6,-0.91,Graduate
1,16,1,9085,1,5,119.9,1,14,4,6,7,140.6,0,0,0,1,0,0,20,0,0,6,9,4,13.86,0,0,6,7,6,16.27,0,11.1,2.0,0.65,Graduate
1,17,4,8014,1,3,125.3,1,13,7,2,9,186.8,1,0,1,1,1,0,20,0,0,6,7,1,11.46,0,0,6,7,0,0,0,11.3,0.7,-0.20,Dropout
1,15,5,9254,1,10,151.0,1,29,17,8,5,179.9,1,0,0,1,1,0,21,0,0,6,6,6,12.88,0,0,6,9,6,10.2,0,8.2,2.5,1.84,Graduate
1,2,6,9238,1,1,114.9,1,20,8,5,2,183.9,0,0,0,1,0,0,22,0,0,6,9,6,13.06,0,0,6,9,4,14.46,0,8.4,1.3,-1.48,Enrolled
1,15,5,9003,1,7,140.9,1,24,2,2,6,164.2,0,0,0,1,0,1,23,0,0,6,9,6,12.81,0,0,6,6,6,12.51,0,8.5,3.2,1.56,Graduate
1,16,3,9130,1,5,182.7,1,16,24,4,12,178.9,0,0,0,1,0,1,21,0,0,6,7,4,16.49,0,0,6,7,4,13.43,0,8.9,1.1,2.17,Graduate
1,12,5,9670,1,1,155.8,1,4,27,9,2,108.8,1,0,0,1,1,0,20,0,0,6,9,5,15.5,0,0,6,6,6,13.92,0,4.1,3.3,0.33,Graduate
1,11,1,9130,1,14,174.3,1,10,11,8,4,146.4,0,0,0,0,0,0,22,0,0,6,7,0,0,0,0,6,8,0,0,0,6.7,1.1,0.27,Dropout
1,17,1,9070,1,7,102.3,1,13,11,6,10,184.3,1,0,0,1,0,0,21,0,0,6,8,4,13.78,0,0,6,8,6,12.84,0,9.1,2.3,-0.98,Graduate
1,7,4,9070,1,15,135.7,1,14,20,2,11,165.0,1,0,0,1,0,0,21,0,0,6,6,4,15.4,0,0,6,8,5,14.59,0,6.8,2.4,0.24,Enrolled
1,18,6,9556,1,8,161.7,1,25,24,3,3,104.5,1,0,0,1,0,0,26,0,0,6,8,3,12.43,0,0,6,8,0,0,0,4.6,1.7,1.40,Dropout
1,7,5,9130,1,9,160.4,1,10,10,11,3,141.2,0,0,0,1,0,0,20,0,0,6,7,1,12.75,0,0,6,8,2,12.85,0,6.9,1.5,1.37,Dropout
1,11,3,9085,1,8,116.1,1,2,20,12,5,165.1,0,0,0,1,0,0,22,0,0,6,9,5,13.5,0,0,6,6,4,10.91,0,3.7,2.9,-1.22,Enrolled
1,11,2,9085,1,2,122.8,1,26,4,3,9,160.4,1,0,0,1,1,1,21,0,0,6,7,6,13.69,0,0,6,9,4,16.24,0,5.4,1.2,0.38,Enrolled
1,6,5,9991,1,15,123.6,1,15,27,3,8,143.9,0,0,0,1,0,1,23,0,0,6,8,5,12.68,0,0,6,7,5,16.63,0,9.8,1.8,-0.41,Graduate
2,4,1,9085,1,1,109.9,1,17,24,3,6,113.4,1,0,0,1,1,0,18,0,0,6,8,4,15.25,0,0,6,7,5,12.89,0,10.7,1.0,-1.50,Graduate
1,3,6,9500,1,11,176.8,1,24,25,3,2,127.3,0,0,0,1,0,0,22,0,0,6,9,4,12.04,0,0,6,6,4,13.9,0,6.9,0.5,1.60,Graduate
2,6,1,8014,1,14,115.2,1,3,5,11,4,130.4,1,0,0,1,1,0,22,0,0,6,7,4,12.66,0,0,6,9,5,12.97,0,8.8,0.5,-1.27,Graduate
1,9,5,9773,1,5,136.6,1,20,2,1,3,164.5,0,0,0,1,0,0,19,0,0,6,8,6,11.07,0,0,6,6,4,14.14,0,3.7,2.6,0.09,Graduate
1,18,1,9500,1,2,168.5,1,5,12,1,10,162.4,0,0,0,1,0,0,20,0,0,6,8,4,16.21,0,0,6,8,6,11.63,0,8.9,3.1,1.99,Graduate
1,6,1,9147,0,12,141.5,1,26,19,4,8,134.8,1,0,1,1,1,1,27,0,0,6,9,3,10.55,0,0,6,6,2,11.12,0,7.3,2.9,2.20,Dropout
1,11,3,9500,1,5,180.3,1,23,9,6,2,106.5,0,0,0,1,0,1,20,0,0,6,7,6,12.98,0,0,6,7,5,11.87,0,5.4,2.0,-0.81,Graduate
1,9,1,9070,1,1,183.0,1,21,29,8,7,131.8,1,0,0,1,0,0,22,0,0,6,9,4,13.1,0,0,6,7,5,14.89,0,11.3,3.4,0.42,Graduate
1,18,2,9070,0,2,136.2,1,4,11,11,10,109.6,1,0,0,1,0,0,22,0,0,6,6,4,12.94,0,0,6,8,5,10.55,0,11.3,2.0,0.55,Graduate
1,3,5,9773,1,4,143.7,1,3,21,7,11,115.4,1,0,0,1,1,0,18,0,0,6,9,5,11.76,0,0,6,6,5,16.42,0,8.2,1.2,1.04,Graduate
1,16,6,9130,1,1,158.8,1,25,20,10,8,138.2,1,0,1,1,1,0,23,0,0,6,9,4,11.8,0,0,6,6,5,14.86,0,6.4,2.5,-0.05,Enrolled
1,12,4,9085,1,10,112.3,1,24,25,8,2,160.4,1,0,0,1,0,1,20,0,0,6,9,6,11.06,0,0,6,6,6,13.34,0,7.6,0.4,0.05,Graduate
1,1,2,9556,1,13,150.9,1,4,15,2,8,122.0,0,0,0,1,1,0,18,0,0,6,8,5,10.5,0,0,6,7,5,16.4,0,4.1,2.4,1.58,Graduate
1,3,5,9003,0,15,117.1,1,1,10,5,9,123.8,1,0,1,1,0,0,20,0,0,6,8,1,10.34,0,0,6,8,1,12.31,0,10.3,0.8,1.81,Dropout
1,16,1,9853,1,7,189.8,1,8,10,12,4,112.4,1,0,0,1,0,1,19,0,0,6,8,6,10.78,0,0,6,9,5,15.68,0,11.2,0.8,2.10,Graduate
1,2,1,9130,1,8,189.5,1,21,21,10,9,150.6,1,0,1,1,0,0,29,0,0,6,9,3,11.28,0,0,6,7,1,11.23,0,6.6,0.7,-1.47,Dropout
1,7,4,9991,1,6,144.2,1,2,2,2,5,150.5,1,0,0,0,1,0,21,0,0,6,6,0,0,0,0,6,8,1,12.24,0,9.5,1.0,-0.81,Dropout
1,11,5,9556,1,9,134.2,1,20,6,9,10,113.5,1,0,0,0,1,0,21,0,0,6,7,0,0,0,0,6,7,2,10.87,0,8.3,1.8,-0.31,Dropout
1,15,5,9853,0,14,112.3,1,23,10,6,2,137.3,1,0,0,1,0,0,22,0,0,6,6,5,13.82,0,0,6,9,5,14.74,0,5.1,2.9,2.26,Graduate
1,8,6,9773,1,12,105.5,1,7,11,8,3,135.5,1,0,0,1,0,1,23,0,0,6,8,6,11.88,0,0,6,9,4,13.11,0,4.2,0.8,-1.70,Graduate
2,12,1,9238,1,7,164.1,1,12,18,8,12,146.9,1,0,0,1,0,0,20,0,0,6,9,5,10.81,0,0,6,8,5,15.01,0,9.2,2.7,1.63,Graduate
1,15,2,33,1,3,165.8,1,17,29,4,5,110.3,1,0,0,1,0,0,22,0,0,6,8,0,0,0,0,6,7,0,0,0,9.1,2.3,-1.38,Dropout
2,7,1,9070,1,13,137.3,1,29,9,12,4,166.9,1,0,0,1,1,0,18,0,0,6,6,5,13.38,0,0,6,7,5,14.21,0,8.0,2.2,-0.40,Graduate
2,1,1,9147,1,4,142.7,1,21,12,9,7,121.3,1,0,0,1,0,0,21,0,0,6,9,6,11.59,0,0,6,9,4,14.55,0,7.1,3.2,0.70,Enrolled
1,11,6,9003,1,1,115.2,1,6,6,9,12,157.2,1,0,0,1,1,0,21,0,0,6,6,5,11.07,0,0,6,7,5,13.05,0,4.5,3.3,1.32,Graduate
1,5,2,9991,1,13,112.5,1,2,22,5,7,168.3,0,0,0,1,1,0,21,0,0,6,8,5,16.33,0,0,6,6,4,12.52,0,9.3,2.6,0.37,Graduate
1,17,1,33,1,12,147.4,1,8,11,1,9,147.3,1,0,0,1,1,1,21,0,0,6,9,4,13.5,0,0,6,8,4,10.15,0,8.7,1.2,1.12,Graduate
1,3,4,9003,1,8,163.0,1,9,6,8,8,166.1,1,0,1,1,1,0,24,0,0,6,7,1,10.57,0,0,6,8,0,0,0,5.5,1.2,1.20,Dropout
1,17,1,8014,1,6,147.9,1,4,21,2,3,177.4,0,0,0,1,0,0,18,0,0,6,9,4,10.24,0,0,6,7,6,16.2,0,9.3,1.7,-0.26,Enrolled
2,17,6,9147,1,4,184.9,1,11,29,8,2,130.2,0,0,1,0,1,0,21,0,0,6,9,2,11.02,0,0,6,6,2,12.8,0,8.1,2.0,0.37,Dropout
1,7,4,9119,0,10,189.1,1,7,24,3,10,131.8,0,0,0,1,0,0,20,0,0,6,6,5,15.12,0,0,6,9,6,16.47,0,8.4,2.6,0.92,Enrolled
1,6,4,9070,1,15,122.1,1,26,9,3,3,142.8,1,0,0,1,1,0,18,0,0,6,8,5,14.23,0,0,6,9,4,10.13,0,4.8,1.6,-1.18,Graduate
1,18,4,9147,1,10,121.5,1,6,23,4,3,164.5,1,0,0,1,0,0,19,0,0,6,9,6,12.38,0,0,6,7,5,16.05,0,8.6,2.3,1.56,Graduate
1,7,5,8014,1,5,170.6,1,1,1,7,7,122.9,0,0,0,1,0,0,29,0,0,6,6,3,11.62,0,0,6,7,2,10.93,0,10.4,1.2,1.01,Dropout
1,11,2,9670,1,9,108.9,1,22,4,12,12,185.5,1,0,1,1,1,0,20,0,0,6,7,0,0,0,0,6,7,0,0,0,6.7,1.7,1.09,Dropout
1,13,1,9500,1,3,127.5,1,16,16,7,4,167.8,1,0,1,1,0,0,18,0,0,6,6,5,15.37,0,0,6,7,6,13.77,0,11.3,1.1,1.12,Graduate
1,15,1,9556,1,12,154.6,1,15,14,3,10,178.9,0,0,0,1,1,1,22,0,0,6,7,6,13.44,0,0,6,8,6,11.22,0,10.0,1.0,0.65,Graduate
1,11,1,33,1,13,134.1,1,24,29,1,1,141.9,1,0,1,0,0,0,21,0,0,6,8,3,10.37,0,0,6,9,0,0,0,10.0,3.4,1.11,Dropout
2,7,6,9500,1,1,126.2,1,22,7,12,4,187.5,1,0,1,0,0,0,24,0,0,6,8,3,10.37,0,0,6,7,2,11.26,0,8.3,2.0,-1.45,Dropout
1,1,6,9085,0,14,112.2,1,21,28,4,9,167.0,0,0,1,0,0,0,18,0,0,6,7,2,10.91,0,0,6,8,2,10.11,0,4.5,2.0,-1.69,Dropout
1,13,5,171,1,15,149.5,1,8,1,5,11,170.8,0,0,0,1,0,0,23,0,0,6,6,4,10.06,0,0,6,9,5,15.68,0,8.2,2.0,-1.47,Graduate
1,4,4,9130,0,7,111.4,1,18,27,1,4,159.7,1,0,1,1,0,0,26,0,0,6,9,3,12.75,0,0,6,9,0,0,0,9.1,1.4,-1.07,Dropout
1,5,1,9991,1,9,148.6,1,22,17,6,9,167.8,0,0,1,1,0,0,22,0,0,6,9,3,11.62,0,0,6,8,0,0,0,4.8,1.5,-0.85,Dropout
1,3,4,33,1,10,181.0,1,24,24,4,11,173.8,1,0,0,1,0,0,23,0,0,6,6,4,15.57,0,0,6,6,5,16.94,0,7.0,3.3,0.67,Graduate
1,11,2,9119,1,7,138.0,1,19,13,8,10,101.8,0,0,0,1,0,0,21,0,0,6,8,1,12.5,0,0,6,7,0,0,0,6.2,3.4,1.79,Dropout
1,1,3,9070,1,5,101.4,1,25,22,8,7,171.6,0,0,1,1,1,0,18,0,0,6,9,1,10,0,0,6,8,1,12.83,0,6.2,2.6,1.12,Dropout
1,10,6,9853,1,13,166.1,1,10,22,6,8,164.7,0,0,1,1,0,0,24,0,0,6,6,3,10.88,0,0,6,7,0,0,0,4.4,2.7,0.63,Dropout
1,8,3,33,0,13,189.0,1,16,21,11,4,119.0,1,0,0,1,1,1,21,0,0,6,7,6,10.08,0,0,6,6,4,13.05,0,6.3,1.3,0.82,Enrolled
1,11,1,8014,1,13,125.0,1,4,25,9,12,126.3,1,0,1,0,0,0,26,0,0,6,7,1,12.03,0,0,6,9,0,0,0,5.7,2.6,0.96,Dropout
1,18,2,9119,1,12,169.0,1,2,4,3,2,140.9,1,0,1,0,1,0,26,0,0,6,7,3,10.44,0,0,6,8,1,11.12,0,9.7,1.2,1.02,Dropout
1,15,6,9991,1,14,130.9,1,17,11,4,4,135.9,1,0,0,1,1,0,19,0,0,6,7,5,11.61,0,0,6,8,4,16.13,0,4.4,3.4,-0.26,Graduate
1,16,5,9070,1,14,170.1,1,7,4,12,4,174.9,1,0,0,1,0,0,21,0,0,6,9,4,15.69,0,0,6,9,6,12.49,0,9.3,2.9,2.28,Enrolled
1,6,5,9070,0,10,175.7,1,7,20,9,2,128.3,1,0,0,0,0,0,26,0,0,6,9,2,11.72,0,0,6,8,2,11.38,0,5.3,2.6,1.34,Dropout
1,5,5,9070,1,12,167.0,1,13,18,11,5,159.7,1,1,1,1,1,0,18,0,0,6,9,2,11.92,0,0,6,8,1,12.29,0,7.9,2.4,-0.01,Dropout
1,10,6,9254,1,13,138.5,1,25,13,5,3,151.6,0,0,0,1,0,1,22,0,0,6,9,4,15.21,0,0,6,9,6,15.57,0,7.4,2.8,-0.38,Enrolled
1,14,3,9070,1,14,127.3,1,8,1,1,4,105.7,1,0,0,1,1,0,20,0,0,6,9,4,14.88,0,0,6,9,6,12.67,0,8.5,0.8,-0.12,Graduate
1,18,6,9670,1,12,153.6,1,19,6,12,8,187.0,0,0,0,1,0,0,29,0,0,6,8,3,11.06,0,0,6,7,1,12.73,0,4.2,1.9,-1.58,Dropout
1,6,4,9773,1,8,133.7,1,18,23,3,10,114.9,1,0,0,1,0,1,21,0,0,6,6,4,14.73,0,0,6,7,5,14.1,0,9.3,2.5,0.63,Graduate
1,9,6,9130,1,12,173.0,1,19,8,11,9,181.3,1,0,0,1,1,1,18,0,0,6,6,4,14.37,0,0,6,7,6,13.69,0,8.3,2.6,-1.44,Enrolled
1,3,3,9556,1,1,152.2,1,27,12,3,7,105.2,1,0,0,1,0,0,19,0,0,6,9,5,13.51,0,0,6,9,5,12.26,0,7.4,2.0,0.71,Enrolled
1,5,4,9991,1,13,167.7,1,10,14,4,3,132.9,1,0,1,1,0,0,28,0,0,6,8,2,11.33,0,0,6,7,2,10.89,0,9.6,3.0,-1.31,Dropout
1,18,5,9556,1,2,120.1,1,11,4,1,2,162.9,1,0,0,1,1,0,27,0,0,6,9,3,10.39,0,0,6,6,1,12.57,0,10.9,2.7,-0.85,Dropout
1,3,4,9070,1,9,110.9,1,19,15,10,2,118.2,0,0,0,1,0,0,22,0,0,6,7,5,13.81,0,0,6,7,6,10.08,0,5.6,1.2,1.16,Enrolled
1,4,1,9254,1,13,134.0,1,9,23,4,9,135.9,0,0,1,0,1,0,19,0,0,6,8,0,0,0,0,6,7,1,11.98,0,7.2,1.4,-1.39,Dropout
1,13,2,9003,1,7,147.7,1,27,17,4,2,158.0,1,0,0,1,0,1,23,0,0,6,7,5,13.27,0,0,6,7,5,14.89,0,7.1,3.2,-0.33,Graduate
2,8,6,9773,1,10,180.6,1,9,13,11,3,158.2,1,0,0,1,1,0,21,0,0,6,9,4,11.4,0,0,6,6,4,11.24,0,11.2,3.4,0.97,Graduate
1,6,6,9070,1,9,169.8,1,29,14,8,10,165.3,1,0,0,1,0,0,29,0,0,6,8,2,12.31,0,0,6,7,0,0,0,6.8,2.3,-0.21,Dropout
1,5,6,9556,1,1,148.7,1,24,9,8,8,184.5,1,0,1,1,0,1,22,0,0,6,8,4,14.29,0,0,6,6,6,11.57,0,3.8,0.9,-0.86,Graduate
1,17,6,9773,0,1,158.4,1,29,20,3,4,148.1,1,0,0,1,0,0,18,0,0,6,6,5,12.47,0,0,6,8,6,16.97,0,9.2,2.7,1.77,Enrolled
1,3,6,9991,1,12,151.6,1,9,2,7,4,109.8,1,0,0,1,1,0,20,0,0,6,7,6,16.53,0,0,6,6,4,13.09,0,4.8,1.9,0.71,Graduate
1,4,4,9670,1,7,184.5,1,8,4,12,4,149.1,0,0,1,1,0,0,21,0,0,6,9,3,10.47,0,0,6,6,2,11.97,0,5.9,1.6,2.02,Dropout
1,17,5,9670,1,1,132.1,1,3,26,6,4,121.2,0,0,0,1,0,0,22,0,0,6,7,4,15.81,0,0,6,6,5,10.1,0,4.7,3.0,-1.34,Graduate
2,4,6,9773,1,14,118.9,1,25,22,10,5,168.6,1,0,1,1,0,0,25,0,0,6,8,3,10.47,0,0,6,8,2,11.68,0,6.1,1.3,0.22,Dropout
1,8,5,9670,1,7,139.4,1,14,16,2,6,131.9,1,0,0,1,0,0,22,0,0,6,6,5,13.31,0,0,6,7,6,13.17,0,11.2,0.4,0.83,Graduate
1,11,2,9500,1,3,187.6,1,19,11,1,1,108.6,0,0,0,1,0,0,21,0,0,6,8,4,15.56,0,0,6,7,6,14.02,0,10.7,2.3,1.80,Graduate
1,1,6,9085,1,13,164.7,1,14,24,7,8,175.5,1,0,0,0,0,0,28,0,0,6,8,2,10.19,0,0,6,7,2,12.73,0,10.7,2.0,0.07,Dropout
1,10,1,9254,1,4,153.7,1,12,4,11,6,161.3,1,0,0,1,0,0,18,0,0,6,9,5,12.2,0,0,6,6,6,11.18,0,7.1,1.9,0.91,Graduate
1,9,4,9254,1,11,102.0,1,15,16,6,3,172.5,0,0,0,1,1,0,23,0,0,6,6,4,16.48,0,0,6,7,6,14.51,0,5.2,2.3,1.47,Enrolled
1,4,6,9670,1,7,104.3,1,15,26,10,4,125.5,0,0,0,1,0,1,20,0,0,6,6,6,11.85,0,0,6,6,6,16.43,0,5.6,1.3,-0.03,Enrolled
2,17,4,9500,1,15,156.6,1,4,9,9,9,103.7,0,0,1,1,1,0,21,0,0,6,8,2,12.7,0,0,6,8,1,12.93,0,9.7,2.2,1.44,Dropout
1,7,5,9991,1,10,103.5,1,25,10,6,9,148.7,1,0,0,1,0,0,22,0,0,6,9,5,16.35,0,0,6,8,5,16.88,0,5.3,1.3,2.26,Graduate
1,14,6,9238,1,13,107.2,1,24,29,11,3,144.6,0,0,0,1,1,1,21,0,0,6,9,5,15.95,0,0,6,8,6,12.53,0,6.6,1.0,1.88,Graduate
1,1,4,33,1,10,173.7,1,28,20,10,7,137.4,1,0,0,1,1,0,19,0,0,6,7,4,13.53,0,0,6,6,4,12.41,0,10.5,2.5,1.73,Graduate
1,4,2,9556,1,13,109.4,1,10,20,8,9,147.3,1,0,0,1,0,0,21,0,0,6,7,6,12.08,0,0,6,6,6,15.27,0,5.7,3.4,2.08,Graduate
1,9,6,9670,1,8,181.3,1,19,3,3,8,167.4,0,0,1,1,1,0,20,0,0,6,8,2,12.9,0,0,6,6,2,10.57,0,7.3,1.8,1.74,Dropout
2,1,5,9085,1,5,176.8,1,14,12,7,1,125.8,1,0,0,1,0,0,22,0,0,6,7,5,14.19,0,0,6,9,6,13.54,0,5.9,1.6,1.42,Graduate
1,10,3,9130,1,5,144.9,1,3,2,5,4,147.1,1,0,1,1,1,1,22,0,0,6,8,6,15.62,0,0,6,6,5,16.22,0,7.2,3.3,-0.07,Enrolled
1,4,6,33,1,4,187.6,1,13,2,7,2,136.9,0,0,0,1,1,0,21,0,0,6,7,6,15.43,0,0,6,9,6,10.63,0,10.6,1.1,0.74,Graduate
2,14,4,9119,1,14,118.4,1,11,19,9,6,160.6,0,0,0,1,0,0,20,0,0,6,8,5,10.22,0,0,6,8,4,10.87,0,4.6,3.3,1.39,Graduate
1,6,3,9119,1,11,140.9,1,5,11,10,5,177.0,0,0,0,1,0,0,24,0,0,6,9,1,12.24,0,0,6,7,2,12.72,0,10.3,3.4,1.00,Dropout
1,15,3,9119,1,14,149.3,1,26,10,6,1,172.6,0,0,0,1,1,1,23,0,0,6,9,5,16.56,0,0,6,7,6,15.13,0,4.2,1.0,0.52,Graduate
1,16,5,9238,1,11,175.8,1,24,6,7,11,153.6,0,0,0,0,0,0,24,0,0,6,6,1,10.76,0,0,6,9,1,12.89,0,10.5,2.5,-0.96,Dropout
1,17,3,9085,1,7,109.7,1,18,26,1,8,174.0,0,1,1,1,0,0,21,0,0,6,6,4,10.7,0,0,6,8,6,12.65,0,9.8,0.6,1.88,Graduate
1,12,5,9853,1,12,161.1,1,14,3,5,12,102.3,0,0,0,1,0,1,22,0,0,6,8,4,15.27,0,0,6,8,6,16.78,0,8.3,2.0,-1.34,Enrolled
1,16,1,9670,1,13,134.4,1,26,5,7,6,154.5,1,0,0,1,0,0,21,0,0,6,7,2,11.4,0,0,6,9,2,11.36,0,6.2,2.3,1.31,Dropout
1,5,2,9238,1,8,166.2,1,3,12,8,9,133.3,1,0,0,1,1,0,19,0,0,6,7,5,11.9,0,0,6,8,5,16.17,0,8.4,1.7,0.34,Enrolled
1,18,2,9238,1,3,110.3,1,16,27,8,2,121.0,1,0,0,1,0,0,22,0,0,6,7,6,15.41,0,0,6,7,6,10.79,0,4.9,0.6,0.50,Graduate
2,1,1,9119,1,2,123.9,1,12,18,4,7,140.2,0,0,0,1,1,0,22,0,0,6,7,4,11.37,0,0,6,9,4,16.3,0,10.1,2.2,-0.32,Graduate
1,11,4,171,1,4,131.3,1,6,4,1,1,132.0,0,0,0,1,0,1,23,0,0,6,8,6,16.81,0,0,6,8,5,14.88,0,5.7,0.7,0.63,Graduate
1,12,2,9500,1,3,188.7,1,8,28,12,11,140.6,0,0,0,1,1,0,19,0,0,6,9,4,14.88,0,0,6,8,6,10.66,0,9.7,1.2,-1.17,Graduate
1,12,1,9853,1,7,108.2,1,23,13,11,11,124.1,0,0,0,1,0,0,18,0,0,6,9,4,12.86,0,0,6,8,5,10.19,0,10.9,0.5,-1.03,Graduate
1,16,1,9070,0,10,105.6,1,27,16,8,4,159.3,0,0,0,1,0,0,18,0,0,6,8,4,12.47,0,0,6,7,5,10.49,0,9.1,2.2,0.57,Enrolled
1,1,2,9853,1,9,180.5,1,24,5,6,7,159.9,1,0,0,0,0,0,19,0,0,6,8,2,12.62,0,0,6,7,2,10.65,0,9.7,2.5,-0.57,Dropout
1,4,5,9085,1,12,156.6,1,27,11,2,2,124.6,1,0,1,1,0,1,22,0,0,6,9,3,12.99,0,0,6,6,2,10.13,0,4.8,2.7,-1.07,Dropout
1,16,6,9003,1,12,111.9,1,24,28,6,12,183.0,1,0,0,1,0,0,20,0,0,6,7,5,13.15,0,0,6,7,6,16.71,0,4.7,2.7,0.26,Graduate
1,3,6,9119,1,10,114.6,1,15,1,2,2,183.3,0,0,0,1,0,1,21,0,0,6,7,6,11.38,0,0,6,9,6,13.99,0,11.2,1.7,-1.18,Graduate
1,9,1,8014,1,10,184.1,1,3,18,12,11,171.1,0,0,1,1,0,0,22,0,0,6,7,4,13.23,0,0,6,6,6,11.59,0,9.2,2.4,2.11,Graduate
1,7,4,9773,1,5,104.5,1,27,1,12,9,139.8,0,0,0,1,1,0,23,0,0,6,7,6,10.07,0,0,6,7,5,13.46,0,10.9,1.1,0.21,Graduate
2,1,4,9119,1,11,106.6,1,10,5,6,10,176.1,1,0,1,0,0,0,18,0,0,6,7,1,11.18,0,0,6,9,2,10.08,0,11.0,1.3,0.82,Dropout
1,14,4,9085,1,14,102.2,1,21,5,6,7,117.8,1,0,0,0,1,0,29,0,0,6,6,0,0,0,0,6,8,0,0,0,10.3,2.7,-1.31,Dropout
1,13,6,9991,1,8,111.4,1,12,8,11,7,182.5,0,0,0,1,1,0,21,0,0,6,7,5,15.43,0,0,6,7,6,14.68,0,4.9,1.5,-1.68,Graduate
1,2,1,9119,1,2,100.9,1,23,22,4,3,170.1,0,0,1,0,1,0,22,0,0,6,8,3,12.19,0,0,6,9,0,0,0,8.9,3.0,-0.51,Dropout
1,2,3,9670,1,2,151.1,1,24,29,10,9,116.3,1,0,1,1,0,0,23,0,0,6,7,1,11.78,0,0,6,9,0,0,0,3.8,2.2,0.38,Dropout
1,12,3,9130,1,5,123.3,1,3,10,9,7,160.3,0,0,0,1,0,1,22,0,0,6,9,6,11.76,0,0,6,7,5,10.21,0,8.2,1.9,-1.22,Graduate
1,2,1,9147,1,6,154.5,1,7,4,1,2,181.3,0,0,0,1,1,0,21,0,0,6,8,0,0,0,0,6,7,1,10.24,0,11.2,0.4,0.49,Dropout
1,12,5,8014,1,4,181.1,1,2,8,1,5,153.9,0,0,0,1,1,1,23,0,0,6,6,4,10.56,0,0,6,8,6,12.53,0,7.2,3.3,-0.98,Graduate
1,16,2,9130,1,9,127.7,1,11,27,6,4,183.5,0,0,1,1,0,0,23,0,0,6,9,5,14.83,0,0,6,9,5,16.29,0,7.4,2.5,-0.99,Graduate
1,10,1,9238,1,11,103.9,1,1,8,10,12,142.7,1,0,0,1,0,1,23,0,0,6,9,6,12.74,0,0,6,6,4,15.69,0,4.2,0.7,0.72,Graduate
1,16,5,9119,0,2,165.6,1,27,28,10,1,165.6,1,0,0,1,1,0,23,0,0,6,9,5,14.46,0,0,6,6,6,16.75,0,10.0,3.1,-1.36,Graduate
1,3,4,9085,0,7,129.1,1,10,25,3,3,138.7,1,0,0,1,0,0,20,0,0,6,6,5,14.1,0,0,6,7,4,10.56,0,6.7,2.9,0.29,Graduate
1,7,6,9003,1,15,160.9,1,12,22,2,7,127.9,0,1,0,1,1,1,22,0,0,6,9,4,14.78,0,0,6,8,4,16.04,0,5.0,2.1,1.21,Enrolled
1,4,1,9070,1,11,167.8,1,9,7,6,4,187.2,1,0,0,1,1,0,18,0,0,6,9,6,12.08,0,0,6,7,6,10.84,0,9.3,1.4,1.31,Graduate
1,13,2,9238,1,15,160.7,1,7,29,3,12,185.2,1,0,0,1,1,0,21,0,0,6,9,6,11.8,0,0,6,7,4,14.07,0,10.0,2.8,-1.59,Graduate
1,6,2,9238,1,6,155.7,1,4,21,5,4,133.6,1,0,1,1,0,0,19,0,0,6,7,2,12.32,0,0,6,8,2,10.65,0,8.2,3.0,1.74,Dropout
1,2,3,9003,1,10,184.2,1,2,22,2,8,123.0,1,0,1,0,0,0,27,0,0,6,8,0,0,0,0,6,8,0,0,0,7.7,3.2,-0.90,Dropout
1,2,1,9670,1,2,185.6,1,3,15,12,12,135.9,1,0,1,1,0,0,22,0,0,6,8,5,11.56,0,0,6,6,6,15.35,0,10.7,2.9,0.69,Graduate
1,11,5,9130,1,5,100.6,1,23,28,1,10,189.3,1,0,0,1,0,0,22,0,0,6,7,5,11.11,0,0,6,8,4,11.67,0,11.6,2.3,0.10,Graduate
1,9,2,9556,1,13,137.5,1,7,20,5,8,145.9,0,0,0,1,1,0,22,0,0,6,6,6,15.55,0,0,6,8,6,16.73,0,10.9,0.7,0.17,Graduate
1,10,5,171,1,5,167.0,1,1,20,6,12,174.3,0,0,1,0,0,0,20,0,0,6,7,2,11.35,0,0,6,8,2,10.51,0,9.5,3.0,1.10,Dropout
1,6,3,9254,1,7,124.1,1,13,23,6,5,113.0,0,0,0,1,1,0,18,0,0,6,9,4,16.26,0,0,6,9,6,10.49,0,5.3,3.2,0.54,Enrolled
1,5,6,9130,1,13,135.9,1,4,29,3,3,153.7,1,0,0,1,0,0,21,0,0,6,8,6,11.5,0,0,6,7,4,11.8,0,10.6,1.7,0.08,Enrolled
1,16,5,9670,1,11,137.8,1,26,22,8,1,151.1,0,0,1,1,0,0,28,0,0,6,8,3,12.15,0,0,6,6,1,12.14,0,6.3,1.2,1.75,Dropout
1,18,4,171,1,9,184.0,1,24,20,12,6,120.6,1,0,0,1,0,0,19,0,0,6,7,1,12.51,0,0,6,9,2,11.92,0,7.5,3.3,-0.94,Dropout
1,10,4,9070,1,10,119.9,1,3,8,2,9,146.9,0,0,1,1,0,0,24,0,0,6,9,3,11.47,0,0,6,7,2,12.34,0,5.1,3.2,-0.55,Dropout
1,1,6,9853,1,8,152.8,1,15,25,11,12,188.0,1,0,0,1,0,0,19,0,0,6,8,5,10.77,0,0,6,6,5,12.27,0,9.4,1.4,-0.60,Graduate
2,15,5,9070,1,12,146.4,1,3,6,1,11,128.7,1,0,0,1,0,0,22,0,0,6,7,5,16.36,0,0,6,6,5,14.99,0,9.9,3.2,0.43,Graduate
1,8,6,9254,0,6,103.6,1,14,2,10,10,148.9,0,0,1,0,1,0,25,0,0,6,9,2,10.35,0,0,6,9,1,10.25,0,5.4,2.3,-1.32,Dropout
1,16,5,9119,0,10,151.0,1,22,8,5,3,136.4,1,0,0,1,0,0,20,0,0,6,8,5,13.24,0,0,6,7,6,16.93,0,6.7,2.7,-1.70,Graduate
1,16,3,9119,1,11,178.3,1,27,4,5,9,105.7,1,0,0,1,0,0,22,0,0,6,7,6,14.69,0,0,6,7,6,16.66,0,11.3,1.7,2.22,Graduate
1,4,3,9853,0,13,141.0,1,26,21,9,5,117.1,1,0,0,1,0,1,20,0,0,6,7,4,13.34,0,0,6,8,4,10.65,0,10.6,3.0,0.47,Graduate
1,13,3,9147,0,15,169.1,1,28,9,5,12,123.5,1,0,0,1,1,1,20,0,0,6,8,4,12.04,0,0,6,7,6,14.18,0,6.9,3.4,1.78,Graduate
1,17,5,9119,1,11,173.5,1,15,15,7,12,156.7,1,0,1,1,1,1,20,0,0,6,9,2,11.63,0,0,6,9,2,12.4,0,5.4,1.4,0.59,Dropout
1,17,1,9991,0,7,149.1,1,9,25,4,7,175.4,1,0,0,0,0,0,29,0,0,6,8,2,11.31,0,0,6,8,2,11.08,0,4.3,2.3,0.85,Dropout
1,10,3,171,1,3,150.5,1,6,22,12,1,187.2,0,0,0,1,1,1,21,0,0,6,6,4,11.38,0,0,6,9,5,11.52,0,8.2,1.3,-0.74,Enrolled
1,16,4,9130,1,9,174.6,1,17,29,6,4,172.9,1,0,0,1,0,0,21,0,0,6,7,6,16.1,0,0,6,6,4,11.58,0,9.8,2.5,1.73,Graduate
2,17,4,9130,0,2,136.0,1,25,2,8,11,183.3,0,0,0,1,0,1,23,0,0,6,8,0,0,0,0,6,7,0,0,0,11.6,2.1,-0.90,Dropout
2,4,3,9254,1,5,109.7,1,11,11,12,3,180.5,0,0,0,1,1,0,21,0,0,6,8,1,11.21,0,0,6,9,0,0,0,4.0,1.0,-0.21,Dropout
1,18,5,33,1,15,109.6,1,2,1,11,3,174.0,1,0,1,1,0,0,22,0,0,6,8,4,12.9,0,0,6,6,5,11.79,0,9.9,0.9,-1.32,Graduate
1,13,4,9119,1,12,140.8,1,19,23,2,5,171.4,1,0,0,1,0,0,22,0,0,6,7,5,12.92,0,0,6,7,6,12.22,0,9.8,2.7,0.17,Enrolled
1,9,4,8014,1,9,121.1,1,11,10,3,6,113.3,1,0,1,1,1,1,25,0,0,6,8,2,10.19,0,0,6,7,0,0,0,7.9,3.2,0.03,Dropout
1,9,6,9147,0,9,120.6,1,5,10,9,11,180.0,0,0,0,1,0,0,21,0,0,6,9,5,16.73,0,0,6,9,5,14.58,0,10.0,3.1,0.29,Graduate
2,5,2,9119,1,12,147.1,1,26,2,2,9,104.5,1,0,0,1,1,1,22,0,0,6,9,4,12.52,0,0,6,7,4,13.49,0,3.7,1.0,0.91,Enrolled
1,12,1,9853,1,11,117.3,1,13,7,2,7,125.7,1,0,0,1,0,0,18,0,0,6,7,4,12.57,0,0,6,6,6,16.71,0,8.2,3.3,-1.05,Enrolled
1,7,3,9773,1,1,166.9,1,8,23,2,1,176.0,1,0,1,1,0,1,22,0,0,6,6,3,12.05,0,0,6,9,0,0,0,8.5,2.3,-0.61,Dropout
1,11,2,9147,0,9,163.4,1,20,15,10,10,105.8,0,0,1,1,1,0,29,0,0,6,8,1,10.91,0,0,6,8,0,0,0,9.0,2.0,1.46,Dropout
1,1,5,8014,1,7,145.2,1,26,8,1,1,165.6,1,0,1,0,0,0,23,0,0,6,6,2,12.17,0,0,6,8,0,0,0,7.5,1.4,-1.11,Dropout
1,12,5,9085,0,10,116.8,1,24,25,4,5,103.3,0,0,1,1,1,1,18,0,0,6,8,6,11.97,0,0,6,8,6,15.5,0,7.1,3.0,2.30,Graduate
1,14,6,9147,1,7,124.8,1,6,17,8,5,150.1,1,0,0,1,1,0,21,0,0,6,7,1,12.58,0,0,6,6,1,11.6,0,7.4,0.5,0.02,Dropout
1,14,1,171,1,5,137.8,1,15,11,7,1,120.5,1,0,0,1,0,0,19,0,0,6,7,4,15.71,0,0,6,6,4,15.5,0,9.4,3.3,0.18,Graduate
1,1,6,33,1,6,140.7,1,5,7,4,12,141.3,0,0,1,1,1,1,18,0,0,6,9,6,14.63,0,0,6,9,6,15.92,0,5.9,0.5,1.85,Graduate
1,12,3,9070,1,15,175.0,1,5,6,4,1,174.0,0,0,0,1,0,0,22,0,0,6,9,5,11.3,0,0,6,8,6,11.39,0,7.0,1.6,0.07,Graduate
1,4,6,9500,1,5,186.5,1,16,20,8,4,141.2,0,0,0,0,1,0,22,0,0,6,8,2,11.33,0,0,6,8,0,0,0,5.8,0.9,-0.72,Dropout
1,16,3,9238,1,9,108.3,1,23,7,11,4,100.8,0,0,0,1,1,0,29,0,0,6,9,0,0,0,0,6,6,0,0,0,4.1,2.9,-1.67,Dropout
1,16,4,9147,1,9,130.5,1,13,21,6,8,149.7,1,0,0,0,0,0,26,0,0,6,7,1,12.42,0,0,6,6,2,11.1,0,7.9,2.2,1.43,Dropout
1,1,3,9003,1,7,120.7,1,7,4,4,11,136.7,1,0,0,1,0,0,20,0,0,6,6,4,11.43,0,0,6,7,4,14.41,0,7.0,2.8,-0.88,Graduate
1,16,3,9147,1,14,146.6,1,6,6,10,9,145.9,0,0,0,1,1,0,18,0,0,6,6,5,10.64,0,0,6,9,6,13.68,0,10.5,0.7,-0.28,Enrolled
1,10,3,9238,1,8,133.5,1,26,18,8,11,152.5,1,0,0,1,1,1,19,0,0,6,6,5,15.28,0,0,6,8,6,10.82,0,6.0,0.7,-0.41,Graduate
1,11,3,9500,1,4,112.1,1,29,17,1,7,136.1,1,0,1,0,1,0,18,0,0,6,8,3,11.82,0,0,6,7,0,0,0,4.1,0.5,0.70,Dropout
1,3,2,9853,1,5,102.5,1,9,19,5,3,182.7,0,0,0,1,0,0,21,0,0,6,7,4,16.03,0,0,6,8,6,11.27,0,5.4,2.7,-0.32,Enrolled
1,16,4,9238,1,9,171.9,1,21,23,8,12,120.3,1,0,0,1,0,0,18,0,0,6,9,4,10.64,0,0,6,7,6,13.67,0,10.8,0.7,0.45,Graduate
1,18,1,9773,1,9,179.6,1,6,9,11,11,120.1,1,0,0,1,0,1,23,0,0,6,6,4,13.2,0,0,6,7,6,12.86,0,11.1,3.3,0.44,Enrolled
1,5,1,9070,1,1,177.7,1,25,8,12,9,128.4,1,0,1,0,0,0,28,0,0,6,8,3,10.32,0,0,6,6,0,0,0,6.7,2.5,-1.32,Dropout
1,10,5,9670,1,12,146.2,1,23,9,5,1,175.1,1,0,0,1,0,0,23,0,0,6,8,6,16.13,0,0,6,9,4,13.75,0,7.2,0.8,2.27,Graduate
1,10,1,9119,1,3,130.6,1,1,19,2,8,119.6,1,0,0,1,0,0,20,0,0,6,9,5,15.5,0,0,6,9,5,12.89,0,9.2,2.1,-0.17,Enrolled
1,6,5,33,0,6,123.8,1,13,19,7,7,185.4,1,0,0,1,0,0,19,0,0,6,6,6,14.3,0,0,6,7,4,13.78,0,5.8,3.1,-1.56,Graduate
1,9,2,9130,1,3,126.5,1,16,24,1,2,131.0,0,0,0,1,0,0,19,0,0,6,8,5,14.83,0,0,6,8,5,13.6,0,6.9,0.4,-0.04,Graduate
1,5,2,9119,1,4,144.8,1,12,15,1,9,142.5,1,0,0,1,0,0,18,0,0,6,9,5,12.16,0,0,6,6,4,16.68,0,5.6,0.8,1.48,Graduate
1,14,2,8014,1,3,132.8,1,26,17,4,9,171.1,1,0,1,1,0,1,23,0,0,6,9,2,11.71,0,0,6,8,0,0,0,7.1,2.0,0.82,Dropout
1,15,3,9500,1,9,189.3,1,22,4,12,1,100.8,0,0,1,0,0,0,29,0,0,6,6,1,10.65,0,0,6,6,2,10.23,0,6.6,0.9,1.02,Dropout
1,15,1,8014,1,2,146.1,1,27,15,3,2,121.5,1,0,0,1,1,0,20,0,0,6,8,6,14.15,0,0,6,8,4,13.26,0,7.7,3.1,1.03,Graduate
1,11,6,9670,1,1,176.2,1,7,15,12,4,174.1,1,0,0,1,1,1,20,0,0,6,8,4,15.62,0,0,6,8,6,10.07,0,6.1,1.0,-1.40,Graduate
1,8,2,9991,1,3,169.5,1,25,15,6,1,162.3,1,0,0,1,0,1,19,0,0,6,7,5,15.89,0,0,6,7,6,14.14,0,9.0,1.1,0.46,Graduate
1,17,6,9085,1,15,155.7,1,10,6,9,12,138.9,1,0,0,1,1,0,23,0,0,6,7,4,12.4,0,0,6,7,4,10.19,0,9.1,0.5,-0.67,Graduate
1,1,4,33,1,7,165.3,1,3,11,6,7,107.5,1,0,0,0,1,0,25,0,0,6,8,3,12.49,0,0,6,6,0,0,0,7.4,3.1,1.68,Dropout
2,13,5,9556,1,7,116.0,1,5,24,5,9,104.0,1,0,0,1,1,1,21,0,0,6,8,5,10.97,0,0,6,9,6,15.99,0,5.5,2.6,-1.70,Graduate
1,13,4,171,1,11,122.7,1,23,21,10,10,188.0,1,0,1,0,0,0,24,0,0,6,9,3,11.61,0,0,6,7,2,11.81,0,8.5,1.0,-1.37,Dropout
1,3,6,9238,1,6,149.9,1,28,22,5,11,165.7,0,0,0,1,1,0,19,0,0,6,8,6,16.23,0,0,6,9,6,15.58,0,5.0,0.6,1.95,Graduate
1,7,2,9670,0,5,151.1,1,2,4,5,12,109.3,1,0,0,1,1,0,19,0,0,6,8,5,14.67,0,0,6,6,4,14.44,0,6.1,3.1,-0.29,Graduate
1,12,3,9991,1,6,132.4,1,12,5,10,11,178.8,0,0,1,0,0,0,23,0,0,6,6,0,0,0,0,6,8,0,0,0,4.2,1.2,0.81,Dropout
1,8,1,9773,1,8,119.8,1,20,3,7,12,135.5,1,0,1,0,0,0,21,0,0,6,7,3,11.05,0,0,6,7,2,10.62,0,9.7,1.8,-0.96,Dropout
1,14,4,9238,1,5,173.5,1,24,15,6,5,130.2,0,0,0,1,1,0,18,0,0,6,9,5,16.46,0,0,6,8,5,11.08,0,11.4,2.8,1.09,Graduate
1,12,3,9147,1,8,125.0,1,15,9,10,6,173.1,1,0,0,1,1,0,20,0,0,6,9,4,12.29,0,0,6,6,6,16.26,0,5.1,2.0,-1.51,Enrolled
1,7,3,9003,0,8,169.4,1,15,4,5,10,147.8,1,1,0,1,0,0,29,0,0,6,8,3,11.76,0,0,6,6,1,12.46,0,7.6,1.2,0.39,Dropout
1,7,5,9991,1,5,178.6,1,19,9,2,11,147.4,0,0,0,1,1,0,19,0,0,6,9,4,16.24,0,0,6,7,6,12.97,0,8.0,1.9,0.62,Graduate
1,9,6,8014,1,7,148.9,1,7,6,7,11,160.1,1,0,0,1,1,1,20,0,0,6,9,4,15.71,0,0,6,6,6,15.75,0,6.5,2.9,1.27,Graduate
1,1,6,171,1,3,109.2,1,6,8,2,8,100.2,0,0,1,0,0,0,28,0,0,6,9,0,0,0,0,6,9,0,0,0,3.9,1.7,2.27,Dropout
1,12,3,9003,1,14,179.1,1,22,24,1,12,139.0,1,0,0,1,1,0,22,0,0,6,9,4,11.71,0,0,6,7,6,14.05,0,7.9,3.1,0.43,Graduate
1,12,3,9670,1,12,174.2,1,23,15,3,6,142.6,1,0,1,1,0,1,19,0,0,6,6,3,12.51,0,0,6,7,2,10.15,0,8.7,3.0,-0.47,Dropout
1,11,1,9500,1,1,130.5,1,14,5,6,6,141.0,1,0,0,1,0,1,22,0,0,6,8,6,15.61,0,0,6,9,4,16.78,0,11.0,3.1,1.44,Graduate
1,9,4,9853,1,14,178.5,1,18,10,9,12,147.3,1,0,0,1,0,1,23,0,0,6,8,4,13.24,0,0,6,7,4,10.13,0,6.0,3.4,1.69,Graduate
2,7,6,9254,1,3,157.1,1,29,26,6,8,130.7,1,0,0,1,1,0,22,0,0,6,7,5,10.46,0,0,6,8,5,16.73,0,8.3,1.5,-0.27,Graduate
1,3,3,9119,1,6,139.8,1,22,9,11,5,182.0,0,0,0,1,0,0,23,0,0,6,9,4,10.38,0,0,6,6,6,16.35,0,5.6,2.9,-1.08,Enrolled
2,13,1,9991,0,11,108.8,1,20,3,6,6,187.3,1,0,1,1,0,0,27,0,0,6,9,3,11.82,0,0,6,6,2,12.45,0,4.2,2.2,0.16,Dropout
1,2,3,9500,0,14,139.3,1,29,28,12,8,165.9,1,0,0,1,1,0,23,0,0,6,9,4,13.33,0,0,6,7,4,16.97,0,5.6,2.9,1.99,Graduate
1,18,1,9254,1,2,184.9,1,13,29,12,1,170.1,1,0,0,1,1,0,21,0,0,6,7,6,11.27,0,0,6,8,5,14.75,0,9.4,1.0,-0.08,Enrolled
2,13,4,9500,1,7,161.1,1,17,11,8,2,181.8,0,0,1,1,0,0,27,0,0,6,6,2,11.22,0,0,6,9,2,11.87,0,5.1,1.4,0.30,Dropout
1,18,3,9119,0,7,121.1,1,29,15,11,6,163.8,0,0,0,1,0,0,27,0,0,6,7,1,10.79,0,0,6,8,2,11.07,0,4.7,3.2,2.20,Dropout
1,18,2,9003,1,9,118.1,1,3,21,1,10,124.2,1,0,1,1,1,0,19,0,0,6,8,2,10.02,0,0,6,6,0,0,0,6.5,2.7,0.44,Dropout
1,10,5,9773,1,13,173.2,1,6,29,8,11,111.5,0,0,0,1,0,0,23,0,0,6,7,5,12.67,0,0,6,8,5,16.78,0,7.2,0.7,-0.26,Graduate
1,6,6,33,1,8,164.1,1,29,22,10,4,169.9,1,0,0,1,0,0,20,0,0,6,6,6,13.7,0,0,6,6,4,14,0,10.1,1.0,0.54,Graduate
1,8,6,9070,1,8,109.2,1,19,9,3,12,172.1,1,0,0,1,0,0,21,0,0,6,9,5,14.35,0,0,6,9,6,14.65,0,7.7,1.3,0.31,Graduate
1,10,3,9003,1,12,176.8,1,19,19,8,5,178.1,0,0,0,1,0,0,22,0,0,6,8,4,12.74,0,0,6,7,4,16.32,0,6.0,2.1,2.02,Graduate
1,3,2,9670,1,11,122.4,1,15,20,6,4,164.9,1,0,0,1,0,0,21,0,0,6,9,5,16.81,0,0,6,6,6,14.41,0,4.1,0.6,1.86,Graduate
1,9,5,9070,1,15,160.8,1,11,9,7,10,179.5,1,0,1,0,0,0,18,0,0,6,9,1,10.7,0,0,6,8,1,11.51,0,11.3,2.3,0.70,Dropout
1,9,3,9119,0,13,102.4,1,10,13,9,5,183.6,1,0,1,1,1,1,21,0,0,6,8,4,13.59,0,0,6,6,6,15.98,0,4.8,1.6,1.22,Graduate
1,15,2,33,1,6,121.4,1,29,1,9,6,180.3,0,0,0,1,1,1,22,0,0,6,7,5,14.19,0,0,6,9,6,13.35,0,4.4,1.0,0.72,Graduate
1,4,4,9670,1,9,164.1,1,22,26,6,5,181.2,1,0,0,1,1,0,19,0,0,6,7,5,13.55,0,0,6,6,6,12.95,0,5.4,0.7,-1.05,Graduate
1,7,1,9130,1,3,161.6,1,8,8,1,4,189.2,0,0,0,1,1,0,19,0,0,6,6,6,16.87,0,0,6,8,4,10.17,0,8.9,2.2,0.59,Enrolled
1,9,3,9773,1,8,132.4,1,18,14,3,2,103.1,0,0,1,1,1,0,23,0,0,6,8,0,0,0,0,6,8,2,10.72,0,10.8,1.3,-0.20,Dropout
1,9,6,33,1,15,143.8,1,14,8,9,5,135.3,0,0,0,1,0,1,20,0,0,6,6,3,11.63,0,0,6,7,0,0,0,9.3,2.8,-0.79,Dropout
1,18,4,9773,1,2,147.3,1,2,5,4,2,165.2,0,0,1,0,0,0,24,0,0,6,8,3,10.97,0,0,6,8,2,12.17,0,5.1,2.8,1.27,Dropout
1,3,4,171,1,11,149.6,1,12,11,4,1,127.5,1,0,0,1,0,0,18,0,0,6,9,6,10.23,0,0,6,7,4,13.91,0,7.6,3.1,1.66,Graduate
1,15,6,9991,1,6,105.3,1,10,23,9,9,140.2,0,0,0,1,1,0,26,0,0,6,6,1,10.46,0,0,6,9,1,12.8,0,4.8,2.6,-0.68,Dropout
1,9,3,9070,1,10,104.6,1,14,26,7,4,161.6,1,0,0,1,0,0,19,0,0,6,6,4,16.72,0,0,6,9,5,14.8,0,6.5,2.4,1.32,Graduate
1,14,2,8014,1,4,181.9,1,15,11,7,8,141.0,1,0,0,1,0,0,21,0,0,6,7,5,10.79,0,0,6,6,4,10.24,0,7.9,1.5,0.70,Graduate
2,1,2,9556,1,9,133.3,1,14,1,8,3,158.6,1,0,1,1,1,0,27,0,0,6,6,3,11.08,0,0,6,8,2,12.38,0,9.2,1.9,0.32,Dropout
1,18,3,171,1,6,183.3,1,27,25,9,4,107.7,1,0,1,0,0,0,28,0,0,6,7,2,11.57,0,0,6,8,1,12.15,0,7.7,2.0,0.36,Dropout
2,10,6,9130,1,10,165.1,1,2,4,2,2,139.0,1,0,1,0,0,0,19,0,0,6,9,2,11.86,0,0,6,6,0,0,0,6.7,1.1,0.46,Dropout
1,16,6,8014,1,12,171.0,1,10,6,7,6,160.2,0,1,1,1,1,1,29,0,0,6,6,1,12.11,0,0,6,6,2,12.88,0,7.7,2.2,-1.05,Dropout
1,2,6,9254,1,13,110.1,1,24,1,10,10,135.6,1,0,1,0,1,0,29,0,0,6,6,0,0,0,0,6,7,1,12.42,0,9.6,1.4,-0.12,Dropout
1,17,3,9130,1,4,148.5,1,5,6,6,1,161.7,0,0,0,0,1,0,27,0,0,6,9,3,12.47,0,0,6,7,0,0,0,5.7,2.5,-1.25,Dropout
1,18,5,9670,1,15,167.1,1,11,9,4,8,130.0,1,0,0,1,1,0,18,0,0,6,9,5,10.57,0,0,6,9,4,11.98,0,5.6,1.4,-0.52,Graduate
1,12,4,9773,1,2,179.7,1,12,4,4,3,119.9,1,0,0,1,0,0,22,0,0,6,7,4,16.33,0,0,6,9,5,15.11,0,3.7,2.2,0.35,Graduate
1,17,3,9130,1,15,105.8,1,4,17,10,6,105.1,0,0,0,1,0,0,19,0,0,6,7,6,14.27,0,0,6,9,5,12.47,0,6.6,1.2,0.17,Graduate
1,15,3,9500,1,11,148.0,1,2,29,2,10,132.9,1,0,0,1,0,0,20,0,0,6,6,5,16,0,0,6,7,4,10.97,0,4.2,3.1,1.87,Graduate
1,5,5,9130,1,3,113.8,1,1,1,8,5,162.4,1,0,0,1,1,1,22,0,0,6,6,4,14.27,0,0,6,7,5,11.07,0,4.6,1.3,0.22,Graduate
1,16,5,9119,1,13,180.2,1,12,11,12,7,148.1,0,0,0,1,1,0,19,0,0,6,8,6,16.82,0,0,6,8,5,14.15,0,7.6,1.5,0.15,Graduate
1,2,5,9119,1,12,120.7,1,9,21,10,7,127.1,1,0,0,1,1,0,27,0,0,6,6,1,10.7,0,0,6,6,2,10.32,0,7.5,2.0,-0.14,Dropout
1,13,1,9670,1,10,142.3,1,29,7,9,3,124.4,1,0,0,1,0,1,18,0,0,6,6,5,11.94,0,0,6,6,4,12.53,0,8.9,0.8,1.35,Graduate
1,10,2,171,1,5,183.9,1,7,13,7,5,179.8,0,0,1,1,1,0,27,0,0,6,8,0,0,0,0,6,8,2,12.92,0,7.8,1.5,-1.10,Dropout
1,3,2,9130,1,12,183.2,1,5,7,2,8,132.0,1,0,0,0,1,1,21,0,0,6,7,0,0,0,0,6,9,1,10.28,0,4.9,2.4,-1.57,Dropout
1,2,3,9130,1,15,176.3,1,26,8,6,2,129.5,0,0,0,0,1,0,26,0,0,6,7,2,10.55,0,0,6,9,1,12.95,0,4.5,2.3,-0.31,Dropout
1,12,4,171,1,9,113.5,1,26,5,3,10,141.6,1,0,0,1,0,0,21,0,0,6,9,5,12.19,0,0,6,9,6,16.42,0,9.9,3.0,0.79,Graduate
1,17,3,9991,1,12,171.2,1,26,4,9,1,126.7,0,0,0,1,0,0,22,0,0,6,7,4,11.28,0,0,6,7,5,13.7,0,5.4,2.6,1.07,Enrolled
1,7,1,33,1,5,163.4,1,23,26,9,4,169.7,1,0,0,0,0,0,28,0,0,6,7,1,10.55,0,0,6,7,2,12.86,0,10.1,2.0,-0.20,Dropout
1,16,6,9003,1,5,113.0,1,7,24,8,12,189.0,1,0,0,1,0,0,23,0,0,6,7,4,15.81,0,0,6,6,4,15.73,0,9.2,0.9,0.12,Graduate
1,9,4,9991,1,3,185.7,1,5,11,12,12,133.0,1,0,0,1,0,1,19,0,0,6,9,5,13.06,0,0,6,9,4,11.09,0,5.2,1.9,-1.44,Graduate
1,10,3,9773,1,4,115.2,1,22,9,9,3,133.1,1,0,1,0,1,0,24,0,0,6,6,3,11.55,0,0,6,9,2,11.98,0,4.8,2.1,1.80,Dropout
1,5,3,9147,1,4,150.7,1,5,7,9,10,175.2,1,0,0,1,0,0,19,0,0,6,9,5,12.37,0,0,6,8,4,15.03,0,9.1,2.2,1.01,Graduate
1,16,1,9556,1,9,163.5,1,22,4,1,4,185.0,1,0,1,1,0,0,26,0,0,6,6,3,10.88,0,0,6,8,2,10.18,0,5.1,1.4,0.69,Dropout
1,6,2,171,1,7,142.0,1,9,16,8,6,117.9,1,0,1,1,1,0,21,0,0,6,6,4,13.61,0,0,6,9,4,16.96,0,9.0,2.5,2.05,Graduate
1,4,1,9670,0,11,112.3,1,11,27,6,12,130.8,0,0,0,1,1,0,21,0,0,6,7,4,15.45,0,0,6,7,6,16.06,0,6.6,2.0,-1.19,Graduate
1,12,3,33,1,11,142.5,1,8,6,8,4,142.4,1,0,0,1,0,0,26,0,0,6,9,3,10.89,0,0,6,8,2,12.98,0,3.6,2.1,-1.40,Dropout
1,13,2,9238,0,15,131.9,1,14,20,6,4,182.9,0,0,0,1,0,0,22,0,0,6,8,1,10.03,0,0,6,9,2,12.61,0,10.8,2.7,0.48,Dropout
1,13,6,9773,1,10,162.2,1,7,16,7,5,136.9,1,0,0,1,1,0,18,0,0,6,8,4,12.1,0,0,6,6,4,13.5,0,5.9,1.6,-0.33,Enrolled
1,13,6,9003,1,2,187.1,1,22,10,9,10,134.5,1,0,1,0,0,0,24,0,0,6,6,1,11.24,0,0,6,8,0,0,0,4.2,2.3,-1.69,Dropout
2,12,5,9085,1,10,180.3,1,29,6,9,8,176.2,0,0,1,0,0,1,22,0,0,6,7,0,0,0,0,6,8,1,10.57,0,4.9,0.5,0.62,Dropout
1,18,3,9254,1,8,124.9,1,8,7,1,3,126.9,1,0,1,1,0,0,22,0,0,6,8,1,10.5,0,0,6,7,0,0,0,4.2,2.8,-1.14,Dropout
1,10,1,9085,1,7,119.7,1,23,20,2,9,126.4,0,0,0,1,0,0,19,0,0,6,8,5,12.6,0,0,6,7,6,13.74,0,10.8,1.6,1.47,Graduate
1,17,4,9773,1,12,144.8,1,21,10,12,10,143.8,0,0,0,0,1,0,27,0,0,6,6,3,12.17,0,0,6,7,2,10.4,0,7.7,1.2,0.84,Dropout
1,8,6,9670,1,2,181.6,1,12,21,1,11,131.3,0,0,0,1,1,0,22,0,0,6,6,4,16.25,0,0,6,9,4,10.09,0,4.3,2.9,-1.05,Graduate
1,1,1,8014,1,4,125.7,1,22,21,11,8,146.1,0,0,0,1,1,0,19,0,0,6,9,4,12.25,0,0,6,9,4,15.96,0,4.1,3.3,-0.14,Graduate
1,1,5,9853,1,6,186.7,1,20,9,10,11,137.4,0,0,0,1,0,0,21,0,0,6,9,5,10.86,0,0,6,7,4,12.91,0,6.2,1.5,1.04,Graduate
1,9,3,9670,1,5,178.1,1,16,21,2,4,109.2,1,0,1,1,0,0,23,0,0,6,6,1,11.29,0,0,6,7,2,11.21,0,11.1,2.1,-1.09,Dropout
1,17,2,9070,1,7,135.7,1,19,3,12,8,182.7,1,0,0,1,0,0,22,0,0,6,6,6,13.87,0,0,6,7,4,16.38,0,4.0,3.1,1.75,Graduate
1,6,4,9147,1,9,121.3,1,10,7,2,6,165.1,0,0,1,1,0,0,27,0,0,6,8,0,0,0,0,6,7,2,11.89,0,9.6,3.0,0.21,Dropout
1,15,3,9773,1,9,125.5,1,9,13,1,4,122.2,0,0,0,1,0,0,18,0,0,6,8,6,16.41,0,0,6,7,4,14.01,0,4.1,2.3,-0.08,Graduate
1,4,4,9670,1,15,175.6,1,16,4,12,4,176.8,1,0,1,0,1,0,21,0,0,6,8,2,11.05,0,0,6,7,1,12.33,0,8.1,0.7,0.44,Dropout
2,9,3,9773,1,6,131.2,1,3,5,8,7,141.2,0,0,0,1,0,1,21,0,0,6,8,4,13.92,0,0,6,7,5,11.67,0,3.9,0.9,-0.31,Enrolled
1,9,6,9147,1,14,170.0,1,11,3,9,8,155.5,1,0,0,1,1,1,18,0,0,6,9,5,14.74,0,0,6,7,4,14.02,0,7.3,2.5,-0.97,Enrolled
1,14,4,9070,1,2,110.7,1,25,23,1,3,124.5,0,0,1,1,0,0,20,0,0,6,7,3,12.34,0,0,6,9,0,0,0,7.6,1.6,-0.80,Dropout
1,16,3,9500,1,5,125.1,1,10,23,5,9,164.5,0,0,1,0,1,0,23,0,0,6,7,1,10.67,0,0,6,8,0,0,0,10.0,3.1,0.17,Dropout
1,9,3,9991,1,7,133.7,1,27,21,5,5,101.0,0,0,0,1,0,1,22,0,0,6,6,5,11.3,0,0,6,6,4,15.97,0,10.6,2.7,0.56,Graduate
1,16,6,9853,1,6,149.8,1,25,22,4,7,107.8,1,0,0,1,0,0,21,0,0,6,6,5,15.18,0,0,6,9,6,16.94,0,10.1,2.0,-0.25,Enrolled
1,5,6,33,1,13,134.4,1,13,1,2,7,116.2,1,0,0,1,0,0,20,0,0,6,7,5,15.38,0,0,6,9,4,12.54,0,11.0,1.9,-1.14,Graduate
1,1,4,9773,1,14,152.3,1,25,11,1,3,155.1,1,0,0,0,1,0,26,0,0,6,9,2,10.78,0,0,6,6,0,0,0,6.6,0.7,1.43,Dropout
1,11,1,9070,0,8,141.6,1,25,5,5,7,153.1,1,0,0,1,0,0,19,0,0,6,7,5,15.76,0,0,6,6,5,16.2,0,4.7,3.1,1.34,Graduate
1,2,5,9130,1,2,127.2,1,22,3,9,4,146.1,0,0,1,1,1,0,25,0,0,6,9,3,11.76,0,0,6,6,0,0,0,6.5,0.4,-0.27,Dropout
1,4,3,9147,1,8,104.0,1,16,1,4,1,102.8,1,0,1,1,0,0,28,0,0,6,6,1,11.73,0,0,6,8,2,10.57,0,7.4,0.9,-0.29,Dropout
1,2,6,9500,1,15,166.5,1,2,14,2,10,150.1,0,0,0,1,0,1,19,0,0,6,7,5,10.66,0,0,6,7,4,16.78,0,5.1,3.0,1.26,Graduate
2,6,3,9991,1,7,119.4,1,14,26,8,1,119.0,1,0,0,1,0,0,19,0,0,6,7,5,11.76,0,0,6,7,5,10.09,0,6.5,1.6,1.83,Graduate
1,17,3,9773,1,15,145.3,1,16,19,9,1,183.3,0,0,0,1,1,0,23,0,0,6,8,5,15.77,0,0,6,6,4,12.8,0,8.6,1.1,1.44,Graduate
1,14,2,9070,0,10,160.0,1,23,18,5,8,178.2,1,0,1,1,1,0,22,0,0,6,7,6,14.18,0,0,6,7,5,11.17,0,10.9,1.7,0.67,Graduate
1,3,5,9070,1,13,113.8,1,20,4,4,3,131.2,1,0,0,1,0,0,21,0,0,6,8,4,14.16,0,0,6,7,6,14.96,0,5.4,1.8,-1.45,Graduate
1,13,2,9556,1,7,162.0,1,19,12,3,9,174.5,1,0,0,1,1,0,20,0,0,6,8,4,14.67,0,0,6,8,5,13.23,0,4.6,2.0,0.89,Enrolled
1,13,6,9085,1,12,180.9,1,3,5,11,5,178.6,1,0,0,1,1,1,20,0,0,6,7,6,12.59,0,0,6,6,6,14.64,0,8.0,0.5,-1.59,Enrolled
1,12,3,9130,1,13,163.5,1,11,28,9,4,113.6,1,0,0,1,0,0,22,0,0,6,7,4,11.9,0,0,6,9,6,15.92,0,9.4,0.5,-1.23,Graduate
1,13,2,9130,1,13,160.1,1,8,4,1,6,183.2,1,1,0,1,1,1,20,0,0,6,6,5,13.56,0,0,6,6,4,13.28,0,8.5,0.9,-0.10,Graduate
1,10,2,9670,1,12,107.1,1,9,15,3,7,119.2,0,0,1,1,1,0,19,0,0,6,8,3,11.13,0,0,6,7,0,0,0,4.4,2.7,0.72,Dropout
1,9,2,9853,1,8,136.0,1,26,29,8,10,158.2,0,0,0,1,0,1,20,0,0,6,8,4,15.67,0,0,6,9,4,11.29,0,7.1,3.4,0.93,Graduate
1,6,1,9853,1,15,101.2,1,8,26,10,11,113.2,1,0,1,0,1,0,26,0,0,6,8,0,0,0,0,6,7,1,10.56,0,8.4,0.5,0.18,Dropout
1,5,3,9003,0,9,119.3,1,10,26,11,4,161.0,0,0,1,1,1,0,19,0,0,6,9,2,12.82,0,0,6,9,0,0,0,6.9,2.0,-0.41,Dropout
1,17,4,9556,1,8,103.1,1,24,25,2,6,183.6,0,0,0,0,1,0,28,0,0,6,7,2,12.96,0,0,6,8,2,11.71,0,5.3,1.1,0.31,Dropout
1,3,1,9085,0,6,114.5,1,3,26,8,4,142.5,1,0,0,1,0,0,23,0,0,6,9,6,16.18,0,0,6,9,5,10.01,0,6.7,3.4,-0.19,Graduate
1,12,4,9085,1,7,189.0,1,20,19,5,2,121.6,0,0,0,1,1,1,23,0,0,6,9,4,15.81,0,0,6,6,5,15.38,0,10.2,2.3,1.10,Graduate
1,12,5,9085,1,15,102.9,1,6,25,4,1,163.9,1,0,1,0,1,0,22,0,0,6,7,2,11.1,0,0,6,6,0,0,0,3.6,1.2,0.41,Dropout
1,18,1,9147,1,2,129.3,1,28,18,10,1,114.0,0,0,0,1,1,0,19,0,0,6,7,5,13.81,0,0,6,7,4,14.74,0,6.0,2.8,-0.15,Graduate
1,5,2,9773,1,1,113.6,1,19,9,5,3,167.5,1,0,0,1,0,1,18,0,0,6,8,6,15.63,0,0,6,6,6,16.38,0,6.5,2.9,1.72,Graduate
1,4,3,9500,1,10,104.3,1,15,6,6,12,129.9,1,0,0,1,0,0,21,0,0,6,7,5,16.29,0,0,6,8,5,13.83,0,8.1,1.9,-1.55,Graduate
1,18,3,9556,1,12,152.9,1,6,8,3,10,136.2,1,0,1,1,1,0,21,0,0,6,7,1,10.13,0,0,6,7,0,0,0,5.5,3.4,2.18,Dropout
1,9,4,9130,1,13,164.3,1,19,17,4,5,124.9,1,0,0,1,1,1,23,0,0,6,9,6,16.16,0,0,6,9,6,12.05,0,8.2,2.1,0.43,Graduate
1,5,6,9670,1,11,120.5,1,26,14,8,6,141.7,1,0,0,1,1,0,22,0,0,6,6,5,10.39,0,0,6,7,6,16.92,0,4.4,3.2,1.28,Enrolled
1,9,1,9085,1,10,138.4,1,21,2,6,6,118.1,1,0,0,1,0,0,23,0,0,6,8,4,11.57,0,0,6,8,5,14.31,0,7.0,1.6,1.62,Graduate
1,15,3,9991,1,4,124.1,1,26,27,11,9,156.5,0,0,1,1,0,0,25,0,0,6,9,1,12.06,0,0,6,9,1,11.58,0,9.5,2.9,1.74,Dropout
1,17,1,9130,1,4,177.5,1,4,8,7,1,151.1,1,0,0,1,1,0,22,0,0,6,6,0,0,0,0,6,7,1,12.9,0,8.1,2.0,-0.48,Dropout
2,6,1,9670,1,6,158.5,1,5,27,11,2,174.6,0,0,0,1,0,0,20,0,0,6,7,6,10.62,0,0,6,8,6,13.08,0,6.9,2.6,1.52,Graduate
1,3,6,9119,1,12,175.2,1,23,11,1,3,162.3,1,0,0,0,1,0,26,0,0,6,7,2,10.97,0,0,6,7,0,0,0,7.1,0.7,0.30,Dropout
1,15,3,9085,1,9,145.5,1,3,16,6,7,166.4,0,0,0,1,0,0,19,0,0,6,7,4,10.75,0,0,6,9,4,16.08,0,7.6,1.5,0.98,Graduate
1,5,4,33,1,13,119.8,1,6,8,8,11,136.0,0,0,0,1,0,0,19,0,0,6,7,4,12.63,0,0,6,9,5,15.66,0,8.6,1.4,-1.51,Enrolled
1,15,6,9991,1,11,125.1,1,2,13,12,8,135.5,1,0,1,1,0,0,19,0,0,6,7,3,12.93,0,0,6,8,1,12.74,0,4.8,3.2,-0.99,Dropout
1,8,6,9773,1,12,127.3,1,1,22,12,4,163.3,1,0,0,1,0,1,21,0,0,6,6,5,15.43,0,0,6,6,4,13.61,0,8.6,1.3,0.68,Graduate
1,8,5,9254,1,7,153.8,1,17,5,10,4,162.5,0,0,1,1,1,1,19,0,0,6,8,0,0,0,0,6,7,0,0,0,9.6,3.1,1.20,Dropout
1,18,5,9773,1,1,158.2,1,9,29,12,1,118.1,1,0,1,0,1,0,24,0,0,6,8,3,11.58,0,0,6,8,0,0,0,7.7,2.4,1.88,Dropout
1,11,1,9085,0,7,138.5,1,25,27,4,5,168.8,0,0,0,1,1,0,23,0,0,6,7,6,11.81,0,0,6,9,6,14.7,0,4.2,1.1,1.48,Graduate
1,5,6,9147,1,15,188.8,1,11,15,8,11,159.9,0,0,0,1,0,0,20,0,0,6,8,6,14.7,0,0,6,9,6,15.4,0,6.1,2.5,-0.97,Graduate
2,11,2,8014,1,3,148.9,1,8,26,3,8,174.4,1,0,0,1,1,0,20,0,0,6,7,6,11.72,0,0,6,8,4,15.85,0,9.0,2.7,1.31,Graduate
1,1,3,9119,0,11,145.9,1,19,19,3,5,152.6,1,0,0,1,0,0,21,0,0,6,9,6,10.52,0,0,6,7,5,16.95,0,9.8,3.2,1.29,Graduate
1,6,4,9070,1,2,119.1,1,18,11,10,4,187.4,0,0,0,1,0,0,21,0,0,6,9,5,15.44,0,0,6,9,5,14.15,0,7.5,0.7,0.99,Graduate
1,17,3,9147,1,7,111.8,1,17,27,12,5,175.6,0,0,0,1,0,0,21,0,0,6,7,4,16.45,0,0,6,6,5,10.6,0,4.4,1.9,-1.51,Graduate
1,11,3,33,1,2,135.5,1,16,23,2,9,126.0,0,0,0,1,0,0,26,0,0,6,8,2,12.01,0,0,6,8,0,0,0,10.5,2.2,0.64,Dropout
1,17,3,9003,1,10,135.6,1,28,11,8,1,134.1,0,0,0,0,0,0,29,0,0,6,8,0,0,0,0,6,8,1,10.83,0,7.8,2.6,0.56,Dropout
2,3,6,9254,0,11,188.8,1,29,3,1,4,184.2,1,0,1,1,0,0,29,0,0,6,8,2,12.89,0,0,6,7,2,12.69,0,5.0,2.3,-1.32,Dropout
1,7,5,9003,1,7,125.7,1,18,22,9,2,127.6,0,0,0,1,1,0,19,0,0,6,6,5,15.88,0,0,6,6,6,15.52,0,5.4,3.4,2.07,Graduate
2,7,5,9500,1,11,119.1,1,18,7,3,12,152.8,1,0,1,1,0,0,21,0,0,6,8,6,14.33,0,0,6,9,4,15.18,0,7.8,3.1,-0.47,Graduate
1,10,3,8014,1,3,181.1,1,14,18,11,7,143.3,1,0,0,1,0,0,21,0,0,6,8,4,15.87,0,0,6,8,5,12.7,0,4.5,1.7,-1.17,Graduate
1,10,5,9003,1,12,136.0,1,25,25,2,9,106.1,0,0,0,1,0,0,18,0,0,6,6,4,14.27,0,0,6,9,6,12.82,0,10.0,1.8,0.71,Graduate
1,8,3,9254,1,1,113.2,1,12,25,10,11,104.1,1,0,1,1,0,0,22,0,0,6,9,0,0,0,0,6,6,2,11.21,0,3.9,3.0,-1.25,Dropout
1,10,4,9991,1,15,143.1,1,18,6,1,11,153.2,0,0,0,1,0,0,19,0,0,6,7,6,15.99,0,0,6,7,4,16.1,0,6.5,3.1,0.54,Enrolled
1,7,6,171,1,11,176.9,1,26,15,10,3,138.5,0,0,1,1,0,0,18,0,0,6,9,1,11.5,0,0,6,7,1,10.79,0,3.8,1.9,0.16,Dropout
1,18,1,9500,1,5,171.7,1,22,1,4,1,155.8,1,0,0,1,0,0,21,0,0,6,7,4,12.69,0,0,6,9,6,14.58,0,7.3,1.3,-0.48,Graduate
1,12,3,33,0,6,166.9,1,29,2,3,11,137.3,0,0,0,1,0,0,23,0,0,6,8,6,10.64,0,0,6,6,4,13.71,0,3.7,2.6,0.16,Enrolled
1,11,3,9085,1,1,109.8,1,20,8,2,6,177.6,1,0,0,1,0,0,19,0,0,6,9,6,11.15,0,0,6,7,4,12.62,0,8.9,1.2,-0.67,Graduate
1,6,1,9238,1,4,128.7,1,21,15,2,6,119.1,1,0,0,1,1,0,20,0,0,6,8,5,16.12,0,0,6,9,6,10.86,0,7.0,2.1,-0.47,Graduate
1,8,3,9119,1,6,154.5,1,10,16,1,1,140.0,1,0,0,1,0,1,29,0,0,6,8,2,11.39,0,0,6,7,1,12.55,0,7.3,3.0,-0.29,Dropout
1,2,1,9853,0,11,163.8,1,9,8,10,11,175.7,0,0,0,1,0,0,19,0,0,6,9,6,12.72,0,0,6,7,6,13.58,0,9.9,2.1,0.17,Enrolled
1,17,5,171,1,7,132.2,1,8,11,1,2,140.1,0,0,0,1,1,0,22,0,0,6,8,4,12.53,0,0,6,9,5,16.23,0,10.7,3.1,-0.41,Graduate
1,4,2,9147,1,10,132.8,1,26,6,4,11,119.2,1,0,0,1,1,0,20,0,0,6,6,1,11.1,0,0,6,8,0,0,0,6.8,1.0,1.77,Dropout
1,7,1,171,1,12,187.0,1,20,9,7,8,177.2,0,0,0,1,0,1,23,0,0,6,6,4,11.67,0,0,6,6,5,11.21,0,9.7,1.6,1.00,Graduate
1,16,2,9130,1,3,123.7,1,28,16,6,2,159.3,1,0,1,1,1,0,19,0,0,6,8,0,0,0,0,6,7,1,10.13,0,3.6,2.6,2.21,Dropout
1,16,6,9003,1,6,148.5,1,15,12,12,6,109.9,0,0,0,1,0,0,19,0,0,6,9,6,16.85,0,0,6,8,4,13.79,0,9.8,2.6,0.77,Graduate
1,11,4,9130,1,15,128.8,1,20,16,8,12,175.0,1,0,1,0,0,0,19,0,0,6,8,0,0,0,0,6,6,0,0,0,5.4,3.3,-1.03,Dropout
1,12,3,9238,0,5,158.7,1,24,12,4,12,182.3,1,0,1,1,1,0,24,0,0,6,6,3,12.16,0,0,6,8,0,0,0,9.1,0.9,1.79,Dropout
1,10,6,9773,1,9,164.6,1,26,8,1,7,103.2,0,0,0,0,0,0,18,0,0,6,6,0,0,0,0,6,6,0,0,0,6.9,2.5,-1.45,Dropout
1,14,6,9238,0,9,119.1,1,25,27,1,6,140.1,1,0,1,1,1,0,22,0,0,6,6,2,10.67,0,0,6,6,2,12.7,0,6.2,2.7,0.47,Dropout
1,2,5,9147,1,7,177.8,1,5,19,8,11,141.3,0,0,1,1,1,1,26,0,0,6,6,3,10.85,0,0,6,9,1,11,0,4.5,2.7,1.92,Dropout
1,5,5,9070,1,11,169.2,1,15,13,10,3,172.8,0,0,1,0,1,1,19,0,0,6,7,2,12.66,0,0,6,8,1,10.88,0,10.7,1.4,1.33,Dropout
1,6,5,9773,0,3,103.2,1,18,17,8,7,153.7,0,0,0,1,0,0,21,0,0,6,9,5,16.04,0,0,6,9,6,15.56,0,6.0,2.7,-0.77,Graduate
1,3,6,9773,1,9,112.8,1,12,2,9,9,120.4,0,0,0,1,0,0,20,0,0,6,7,6,16.14,0,0,6,6,6,11.88,0,8.5,2.8,0.16,Graduate
1,13,5,171,1,14,103.9,1,9,5,12,7,116.5,0,0,0,1,0,1,23,0,0,6,7,4,11.04,0,0,6,6,4,10.8,0,9.1,0.9,1.81,Graduate
1,5,4,9147,1,2,183.0,1,16,11,11,4,159.7,1,0,1,0,1,0,29,0,0,6,6,2,11.39,0,0,6,7,1,12.14,0,4.7,2.7,1.20,Dropout
1,14,4,9254,0,5,133.2,1,27,7,12,11,160.0,0,0,1,1,0,0,18,0,0,6,7,2,12.07,0,0,6,6,0,0,0,5.8,0.8,-0.03,Dropout
1,16,1,9085,1,7,136.9,1,17,5,7,4,161.7,1,1,0,1,0,0,20,0,0,6,7,4,10.31,0,0,6,7,4,10.69,0,7.3,1.5,-1.69,Enrolled
1,1,4,9556,1,11,108.2,1,28,12,9,2,126.8,1,0,0,1,1,0,21,0,0,6,7,6,16.35,0,0,6,8,4,12.07,0,4.5,2.0,1.22,Enrolled
1,9,6,171,1,8,134.0,1,10,12,8,4,154.6,1,0,0,1,0,1,18,0,0,6,8,5,13.54,0,0,6,8,6,10.75,0,4.4,1.9,-1.25,Graduate
1,9,4,9556,1,6,116.8,1,25,24,3,2,149.3,0,0,0,1,0,0,22,0,0,6,7,4,15.73,0,0,6,8,6,14.45,0,7.9,0.5,-0.80,Enrolled
1,14,5,9070,1,14,112.4,1,9,19,2,11,153.0,1,0,1,1,0,0,22,0,0,6,9,1,11.78,0,0,6,7,1,10.5,0,10.2,1.2,0.11,Dropout
1,3,4,9853,1,11,150.5,1,25,7,5,12,144.7,0,0,0,1,0,1,20,0,0,6,7,5,12.61,0,0,6,8,6,12.11,0,9.9,2.0,1.98,Graduate
1,2,1,9130,1,12,172.3,1,5,6,3,8,125.1,0,0,0,1,0,0,18,0,0,6,6,5,13.71,0,0,6,6,4,15.98,0,11.0,1.5,2.01,Enrolled
1,8,2,8014,1,13,184.4,1,22,9,1,6,153.5,1,0,0,1,0,0,21,0,0,6,6,6,13.96,0,0,6,7,4,15.2,0,9.0,2.2,1.26,Graduate
1,4,2,9085,0,13,124.9,1,15,5,1,3,115.9,1,0,0,1,0,0,19,0,0,6,8,5,10.88,0,0,6,7,4,16,0,9.5,2.0,-0.76,Graduate
2,5,2,171,1,3,121.8,1,9,20,6,4,162.1,0,0,1,1,1,0,28,0,0,6,6,0,0,0,0,6,6,1,11.97,0,6.8,1.0,-1.37,Dropout
2,18,4,33,1,12,131.7,1,19,1,6,4,107.8,1,0,1,0,0,0,29,0,0,6,9,2,10.2,0,0,6,7,0,0,0,10.8,1.1,-0.95,Dropout
1,1,2,33,1,3,186.8,1,27,20,2,3,145.8,0,0,0,0,1,0,26,0,0,6,9,0,0,0,0,6,8,0,0,0,10.2,3.1,-0.33,Dropout
1,16,2,9670,1,15,134.2,1,17,17,12,5,117.7,1,0,0,1,1,1,21,0,0,6,8,5,13.77,0,0,6,6,5,10.44,0,7.3,2.9,1.18,Graduate
1,14,4,8014,1,13,160.3,1,13,27,11,6,126.3,1,0,0,1,1,0,22,0,0,6,8,4,15.34,0,0,6,6,5,16.73,0,5.6,2.2,0.02,Enrolled
1,15,3,9003,1,12,174.3,1,9,12,9,9,168.2,1,0,1,0,1,0,22,0,0,6,8,1,10.79,0,0,6,7,0,0,0,8.0,1.7,1.08,Dropout
1,12,4,9147,1,10,157.5,1,15,21,6,12,104.6,1,0,0,1,0,0,27,0,0,6,6,0,0,0,0,6,7,1,10.83,0,4.7,1.0,0.18,Dropout
1,3,4,9254,1,4,119.4,1,16,11,12,10,124.1,1,0,0,1,1,0,19,0,0,6,8,4,11.42,0,0,6,8,5,11.91,0,11.2,3.2,-1.04,Graduate
2,6,3,8014,1,12,106.0,1,29,25,11,2,126.3,0,0,0,1,0,0,18,0,0,6,7,4,14.94,0,0,6,6,4,14.71,0,9.5,0.6,-1.17,Enrolled
1,11,2,9670,1,8,161.9,1,19,8,5,4,166.2,0,0,0,1,0,0,21,0,0,6,7,5,15.22,0,0,6,7,6,12.59,0,6.8,2.4,1.82,Graduate
2,14,5,171,1,15,106.5,1,11,25,3,1,171.4,0,0,0,1,0,0,19,0,0,6,8,4,14.84,0,0,6,9,5,12.29,0,11.1,3.3,2.13,Enrolled
1,10,5,9070,1,3,152.2,1,21,27,5,11,183.2,1,0,0,1,0,0,20,0,0,6,6,4,16.75,0,0,6,7,4,13.57,0,8.6,0.7,-1.20,Graduate
1,15,3,9853,1,14,171.0,1,13,20,12,2,125.9,0,0,0,1,1,1,19,0,0,6,8,5,16.26,0,0,6,9,4,10.86,0,9.8,0.8,1.93,Graduate
1,4,1,8014,1,3,153.6,1,11,19,3,6,148.9,1,0,0,1,0,0,23,0,0,6,9,5,13.6,0,0,6,9,6,10.13,0,4.3,1.6,-1.69,Graduate
1,2,5,9556,1,5,162.8,1,10,7,9,12,127.4,1,0,0,1,0,0,19,0,0,6,7,4,12.59,0,0,6,6,6,15.4,0,6.9,3.4,0.68,Graduate
1,18,4,9500,1,10,166.2,1,7,20,5,2,109.0,1,0,0,1,1,0,28,0,0,6,9,3,11.75,0,0,6,8,2,12.06,0,5.0,3.0,0.19,Dropout
1,9,4,33,1,11,183.3,1,26,18,2,9,189.6,1,0,0,1,0,0,23,0,0,6,7,0,0,0,0,6,7,1,12.43,0,10.6,1.2,-1.33,Dropout
1,9,6,9853,1,1,148.2,1,29,7,11,3,129.6,1,0,0,1,1,1,19,0,0,6,7,4,10.36,0,0,6,8,4,11.79,0,9.5,2.0,1.29,Graduate
1,4,1,9991,1,11,137.2,1,26,4,5,6,139.2,1,0,0,1,1,0,28,0,0,6,6,2,10.45,0,0,6,8,2,10.6,0,9.5,1.4,-0.45,Dropout
1,10,6,8014,1,1,113.9,1,14,27,4,7,144.9,1,0,0,1,0,1,19,0,0,6,6,5,10.65,0,0,6,9,4,12.92,0,10.4,1.9,0.15,Graduate
2,16,6,33,1,5,154.1,1,22,15,1,10,105.6,1,0,0,1,1,0,19,0,0,6,8,4,13.35,0,0,6,7,5,15.18,0,8.2,1.0,0.42,Graduate
1,4,5,9991,1,12,177.5,1,23,5,11,7,127.2,1,0,1,0,1,0,28,0,0,6,8,0,0,0,0,6,8,2,12.69,0,5.3,1.1,1.73,Dropout
1,5,4,9500,0,13,172.6,1,23,15,10,2,116.9,1,0,0,1,0,0,23,0,0,6,6,5,11.86,0,0,6,8,5,13.05,0,7.1,1.8,-1.65,Graduate
1,9,6,9070,1,13,136.5,1,28,26,5,11,186.8,0,0,1,1,1,0,19,0,0,6,9,5,10.84,0,0,6,8,5,13.93,0,5.6,3.0,-0.42,Graduate
1,15,6,9254,1,14,181.1,1,29,20,8,4,131.7,1,0,0,1,0,0,19,0,0,6,8,5,13.33,0,0,6,7,5,11.58,0,8.4,1.3,0.89,Graduate
1,4,4,9003,1,12,172.1,1,21,1,4,2,162.3,1,0,0,1,1,0,20,0,0,6,8,0,0,0,0,6,8,0,0,0,8.0,1.5,-1.67,Dropout
1,2,1,9147,1,7,135.3,1,21,11,12,5,137.7,0,0,0,1,0,0,18,0,0,6,7,4,16.52,0,0,6,7,6,13.27,0,6.1,2.7,0.46,Graduate
1,5,6,9500,1,5,106.2,1,6,29,12,4,133.9,0,0,1,0,0,1,24,0,0,6,6,0,0,0,0,6,7,2,11.03,0,6.3,3.2,0.62,Dropout
1,4,6,9003,1,14,106.8,1,9,18,10,3,120.2,1,0,0,1,1,0,21,0,0,6,9,6,14.61,0,0,6,6,5,11.65,0,11.1,3.1,1.60,Enrolled
1,2,4,9119,1,8,100.4,1,25,15,8,9,106.7,0,0,1,0,0,0,24,0,0,6,9,0,0,0,0,6,8,2,12.62,0,4.2,2.2,2.12,Dropout
1,11,3,9147,1,14,179.3,1,11,13,2,8,166.7,1,0,0,1,1,0,23,0,0,6,6,6,15.83,0,0,6,9,6,15.72,0,4.2,2.8,-1.39,Graduate
1,3,1,9556,1,10,141.4,1,13,28,8,8,138.7,1,0,0,1,0,0,20,0,0,6,7,4,13.91,0,0,6,7,6,14.04,0,3.7,2.1,-0.84,Graduate
1,7,5,8014,1,5,154.4,1,28,8,1,12,102.4,1,0,1,1,0,0,20,0,0,6,7,1,12.92,0,0,6,7,2,11.53,0,10.1,3.3,-0.23,Dropout
1,15,4,9003,1,6,189.6,1,12,4,7,7,142.5,0,1,0,1,0,1,21,0,0,6,8,6,16.85,0,0,6,7,4,13.28,0,6.2,1.4,-1.35,Graduate
1,1,3,9003,1,4,157.5,1,7,24,2,6,119.9,1,0,0,1,0,0,20,0,0,6,8,5,13.1,0,0,6,9,4,14.38,0,5.6,0.5,1.85,Enrolled
1,4,4,9500,1,13,168.0,1,24,22,2,4,160.4,1,0,1,1,1,0,19,0,0,6,8,1,10.08,0,0,6,7,0,0,0,7.7,2.9,0.90,Dropout
2,2,1,9130,0,3,183.9,1,26,26,9,2,180.8,0,0,0,1,0,0,22,0,0,6,7,6,14.7,0,0,6,8,6,10.23,0,5.3,3.0,2.23,Graduate
1,7,1,9147,1,1,167.4,1,15,14,3,8,153.7,1,0,0,1,0,0,23,0,0,6,8,6,12.3,0,0,6,8,5,16.99,0,9.6,1.2,-1.08,Graduate
1,7,5,9119,1,14,150.4,1,12,14,6,8,176.6,1,0,1,1,0,0,29,0,0,6,6,1,10.79,0,0,6,9,2,10.4,0,4.4,1.3,0.75,Dropout
1,7,2,9119,1,9,122.2,1,4,4,12,7,134.5,1,0,1,0,0,0,29,0,0,6,7,3,10.15,0,0,6,6,2,12.52,0,6.4,0.6,-0.02,Dropout
1,9,5,9773,1,2,168.5,1,26,21,8,5,144.4,1,0,0,1,1,0,21,0,0,6,6,4,14.67,0,0,6,8,6,16.05,0,8.7,2.0,1.85,Graduate
1,4,3,9556,1,11,182.1,1,26,10,5,12,120.2,0,0,0,1,1,1,18,0,0,6,6,5,10.4,0,0,6,6,5,11.19,0,6.6,1.0,1.32,Graduate
1,4,5,9003,1,4,103.2,1,23,25,1,3,116.9,1,0,1,1,0,0,27,0,0,6,6,2,10.89,0,0,6,8,2,10.06,0,9.5,3.3,-0.69,Dropout
1,8,5,9500,1,7,173.4,1,2,19,6,4,151.4,1,0,0,1,0,0,22,0,0,6,8,6,11.66,0,0,6,7,4,12.31,0,4.0,1.4,0.74,Graduate
1,9,1,9991,1,4,102.3,1,26,13,2,9,128.2,0,0,0,1,1,0,23,0,0,6,9,6,12.33,0,0,6,6,6,12.92,0,6.3,2.2,1.34,Graduate
1,5,1,9147,1,13,116.9,1,10,8,11,3,176.8,0,0,0,1,1,1,20,0,0,6,7,6,12.4,0,0,6,8,6,15.89,0,5.0,2.1,-0.52,Graduate
1,11,1,9147,1,8,162.1,1,1,9,8,9,136.3,1,0,0,1,0,1,23,0,0,6,6,4,15.05,0,0,6,6,6,16.24,0,9.2,1.6,0.67,Enrolled
1,10,2,9147,1,4,132.0,1,6,6,5,5,122.4,0,0,0,1,1,0,22,0,0,6,7,6,16.61,0,0,6,9,6,13.24,0,9.6,0.8,1.40,Enrolled
1,14,2,9147,1,8,122.3,1,2,1,6,9,136.2,1,0,1,1,0,1,22,0,0,6,8,3,12.39,0,0,6,6,0,0,0,6.4,1.2,2.13,Dropout
1,12,1,8014,1,12,122.1,1,6,25,12,8,117.4,1,0,0,1,1,1,20,0,0,6,7,4,14.18,0,0,6,6,5,10.83,0,6.4,2.2,-0.51,Graduate
1,14,2,9773,1,13,135.8,1,19,18,4,8,182.8,1,0,1,1,0,0,18,0,0,6,7,3,12.94,0,0,6,7,2,10.69,0,3.6,1.8,1.01,Dropout
1,11,2,33,1,8,139.4,1,28,8,10,4,186.2,0,0,0,1,1,0,23,0,0,6,6,5,13.27,0,0,6,8,5,10.25,0,6.7,2.8,1.36,Enrolled
1,1,5,9119,1,10,158.4,1,22,4,10,2,131.8,1,0,1,0,0,1,24,0,0,6,9,2,10.49,0,0,6,8,0,0,0,4.9,2.6,0.78,Dropout
1,9,1,9773,0,5,105.4,1,21,26,6,9,183.9,1,0,0,1,1,0,22,0,0,6,9,4,13.28,0,0,6,9,5,12.49,0,5.3,0.9,1.47,Enrolled
1,1,6,9238,1,8,170.1,1,15,19,7,1,146.2,1,0,1,0,0,0,26,0,0,6,6,1,10.13,0,0,6,9,2,12.21,0,10.8,2.1,-1.21,Dropout
1,9,5,9147,1,12,173.7,1,24,7,12,11,165.7,1,0,0,1,1,0,23,0,0,6,8,5,13.94,0,0,6,6,5,11.97,0,6.4,1.2,0.14,Graduate
1,13,6,171,1,8,140.4,1,4,24,8,2,138.9,0,0,0,1,0,0,22,0,0,6,6,4,16.86,0,0,6,8,6,14.52,0,6.2,3.1,0.86,Graduate
1,4,2,9500,1,12,169.5,1,22,23,8,7,166.5,1,0,1,0,0,0,25,0,0,6,9,0,0,0,0,6,7,1,10.65,0,9.8,1.4,1.42,Dropout
1,2,4,171,1,11,130.9,1,16,27,5,3,133.2,1,0,0,1,0,0,22,0,0,6,9,5,13.97,0,0,6,8,6,10.81,0,8.4,2.0,1.86,Enrolled
2,11,2,9119,1,2,108.8,1,19,1,10,9,181.2,1,0,0,1,1,0,21,0,0,6,7,5,16.69,0,0,6,8,6,13.79,0,4.7,1.4,1.14,Graduate
1,15,3,9119,0,2,148.4,1,11,29,11,6,135.3,0,0,1,1,1,0,27,0,0,6,7,2,12.91,0,0,6,7,2,10.8,0,8.1,3.1,-0.83,Dropout
1,11,5,9556,1,14,101.8,1,18,13,10,3,170.7,1,0,0,1,1,1,21,0,0,6,9,5,13.97,0,0,6,6,6,13.64,0,5.3,1.8,-0.22,Graduate
1,5,6,9991,1,14,156.7,1,3,22,1,3,135.3,0,0,0,1,0,0,19,0,0,6,7,4,14.86,0,0,6,7,5,12.77,0,8.3,0.6,1.24,Enrolled
1,5,4,9773,1,14,111.3,1,28,11,1,7,150.4,1,1,0,1,0,1,22,0,0,6,7,6,15.54,0,0,6,6,5,10.66,0,7.8,2.0,-0.08,Graduate
1,5,1,9853,1,14,150.4,1,12,1,2,3,114.5,0,0,0,1,1,0,19,0,0,6,6,5,16.18,0,0,6,9,5,12.7,0,4.6,1.5,-0.18,Enrolled
1,9,2,9773,1,8,151.6,1,8,26,10,2,147.0,1,0,0,1,0,0,19,0,0,6,6,4,15.64,0,0,6,8,6,12.34,0,4.7,2.0,1.83,Enrolled
1,14,5,9238,1,9,113.5,1,8,15,4,10,113.7,1,0,0,1,1,1,23,0,0,6,9,5,12.63,0,0,6,9,4,16.69,0,7.5,2.9,-0.28,Graduate
1,13,2,9070,1,11,152.8,1,3,10,2,4,100.2,0,0,0,1,0,1,22,0,0,6,7,6,11.9,0,0,6,9,5,16.45,0,7.5,2.2,0.14,Graduate
1,17,1,9254,1,10,154.0,1,9,7,12,4,133.2,1,0,0,1,0,0,23,0,0,6,6,5,12.45,0,0,6,7,4,14.75,0,8.5,2.1,1.03,Graduate
1,3,2,9991,1,5,106.8,1,6,17,10,12,157.2,0,0,1,0,0,0,23,0,0,6,6,3,12.48,0,0,6,6,1,10.77,0,8.9,3.3,-0.69,Dropout
1,13,1,9500,1,10,151.8,1,27,19,3,6,126.7,0,0,0,1,1,0,22,0,0,6,8,4,11.4,0,0,6,8,5,12.89,0,8.1,2.4,1.51,Graduate
1,15,5,9991,1,4,173.8,1,15,27,11,9,183.5,1,0,0,1,0,0,18,0,0,6,8,5,13.38,0,0,6,6,6,12.71,0,8.6,1.1,-0.70,Enrolled
1,1,2,9130,1,11,122.5,1,29,12,11,7,101.7,0,0,0,1,0,0,19,0,0,6,8,6,16.71,0,0,6,8,4,10.42,0,11.5,1.6,1.50,Graduate
2,5,1,9773,1,14,141.5,1,19,24,11,3,179.1,1,0,0,1,0,0,21,0,0,6,7,5,11.97,0,0,6,9,5,10.87,0,6.5,0.5,-0.25,Graduate
1,7,4,9003,1,14,187.8,1,28,5,11,2,133.9,0,0,0,1,1,0,22,0,0,6,6,6,14.55,0,0,6,8,5,14.12,0,4.0,1.3,-0.49,Graduate
1,1,1,9500,1,14,176.0,1,28,1,2,11,178.9,0,0,0,1,0,0,24,0,0,6,6,1,12.58,0,0,6,9,0,0,0,8.7,0.8,-0.17,Dropout
2,11,6,9070,1,15,123.5,1,4,22,2,3,123.0,1,0,0,1,1,1,21,0,0,6,9,6,12.1,0,0,6,6,6,12.12,0,5.7,2.3,2.26,Graduate
1,3,3,9254,1,3,144.3,1,16,10,6,2,102.7,1,0,0,1,0,1,23,0,0,6,9,4,16.96,0,0,6,9,4,15.59,0,10.2,2.1,-0.87,Graduate
1,15,2,9853,1,12,134.8,1,2,29,11,6,146.5,1,0,0,0,0,0,24,0,0,6,8,2,10.89,0,0,6,7,2,12.33,0,9.5,0.9,-0.07,Dropout
1,10,6,9853,1,6,159.7,1,16,17,9,5,187.2,0,0,0,1,1,0,23,0,0,6,8,6,13.96,0,0,6,9,4,10.02,0,4.0,1.7,-1.41,Graduate
1,18,2,33,1,7,105.7,1,24,1,11,7,174.9,1,0,0,1,1,0,28,0,0,6,7,2,12.2,0,0,6,8,1,11.17,0,4.0,2.6,-1.21,Dropout
1,16,6,9003,1,10,144.2,1,23,8,5,9,149.3,1,0,0,1,0,1,23,0,0,6,8,6,14.09,0,0,6,8,5,10.79,0,7.5,3.3,-1.38,Enrolled
2,15,6,9500,1,4,158.6,1,3,2,8,7,148.2,0,0,0,1,1,0,21,0,0,6,9,5,14.61,0,0,6,8,4,12.01,0,10.2,3.0,1.51,Graduate
1,5,5,9773,1,13,126.0,1,23,15,5,11,149.3,1,0,0,1,1,0,18,0,0,6,8,5,14.47,0,0,6,9,6,10.86,0,4.0,2.5,1.87,Graduate
1,12,2,9130,1,7,164.0,1,17,24,3,3,188.8,1,0,0,1,1,0,23,0,0,6,6,4,11.64,0,0,6,8,5,14.9,0,11.4,2.0,0.45,Graduate
1,8,6,9119,1,14,178.6,1,8,24,8,1,166.2,0,0,1,1,0,0,20,0,0,6,9,0,0,0,0,6,8,0,0,0,7.2,1.5,-0.46,Dropout
1,5,1,9670,0,8,107.9,1,29,8,4,5,110.5,1,0,0,1,0,0,21,0,0,6,8,5,12.45,0,0,6,6,6,11.79,0,4.6,0.5,2.13,Graduate
1,9,6,8014,1,13,108.7,1,22,15,9,2,156.6,0,0,0,1,1,0,23,0,0,6,9,4,16.22,0,0,6,7,4,15.14,0,6.9,1.0,1.74,Graduate
1,14,6,9003,1,9,147.3,1,19,7,5,3,170.7,0,0,0,1,0,0,21,0,0,6,8,5,15.34,0,0,6,7,5,12.59,0,6.1,1.6,-0.47,Graduate
1,14,1,9147,1,11,133.0,1,20,2,9,7,184.4,1,0,0,1,1,0,23,0,0,6,9,4,13.84,0,0,6,7,6,16.79,0,4.2,0.4,1.13,Enrolled
1,15,1,33,1,4,142.9,1,5,11,3,12,170.8,1,0,1,0,0,0,23,0,0,6,9,2,12.69,0,0,6,7,1,11.77,0,6.0,2.5,0.47,Dropout
1,7,3,9853,1,9,126.6,1,13,20,6,1,118.0,0,0,0,1,1,1,18,0,0,6,7,4,13.7,0,0,6,6,5,14.62,0,5.4,3.4,1.82,Graduate
1,14,3,9070,1,8,188.1,1,20,7,12,4,146.6,1,0,0,1,0,0,22,0,0,6,8,4,13.38,0,0,6,8,5,16.54,0,7.4,1.0,2.19,Graduate
1,13,6,9556,1,7,130.2,1,26,29,8,3,138.1,0,0,0,1,1,1,21,0,0,6,7,5,16.13,0,0,6,6,5,16.54,0,4.7,2.8,-1.03,Enrolled
1,3,1,171,1,8,102.4,1,15,16,11,2,134.9,1,0,0,0,0,0,26,0,0,6,7,1,11.15,0,0,6,8,2,12.1,0,9.5,1.5,0.52,Dropout
1,12,1,9853,1,10,183.2,1,6,27,12,12,150.4,1,0,1,0,0,1,18,0,0,6,7,0,0,0,0,6,9,1,11.33,0,9.2,1.5,-1.36,Dropout
1,12,5,33,1,11,110.6,1,24,26,5,1,178.8,1,0,0,1,0,0,23,0,0,6,8,4,15.22,0,0,6,6,5,11.6,0,11.0,1.7,1.76,Enrolled
1,17,3,9147,1,12,159.0,1,5,10,7,12,167.1,1,1,0,1,1,0,18,0,0,6,7,6,12.89,0,0,6,6,6,15.16,0,4.3,1.2,1.49,Graduate
1,7,2,9003,1,5,110.5,1,29,1,1,12,174.7,1,0,0,1,1,1,23,0,0,6,7,5,14.61,0,0,6,9,4,13.28,0,4.5,1.7,-1.27,Graduate
1,5,2,9147,1,10,118.2,1,21,29,5,6,177.2,1,0,1,0,0,0,21,0,0,6,7,3,11.34,0,0,6,6,2,11.14,0,4.0,2.4,1.47,Dropout
1,18,5,9119,1,9,176.6,1,14,3,3,10,133.4,1,0,0,1,0,1,19,0,0,6,7,5,14.69,0,0,6,6,6,15.28,0,4.1,1.7,0.50,Graduate
1,6,2,9119,1,10,154.0,1,3,18,1,10,164.4,1,0,0,1,0,0,19,0,0,6,6,4,16.3,0,0,6,6,5,15.93,0,3.8,0.5,-1.24,Enrolled
2,8,2,9853,1,5,169.6,1,17,15,8,10,172.3,1,0,0,0,0,0,22,0,0,6,6,3,11.4,0,0,6,7,0,0,0,8.1,2.8,1.70,Dropout
1,18,6,9991,1,8,165.5,1,26,12,11,5,105.9,1,0,0,1,0,1,20,0,0,6,7,4,12.1,0,0,6,7,6,13.51,0,10.7,0.8,-0.44,Graduate
1,7,1,171,1,7,156.3,1,27,10,3,6,184.6,1,0,1,1,0,0,19,0,0,6,6,0,0,0,0,6,9,1,11.53,0,4.9,2.8,-0.33,Dropout
1,13,1,9085,1,15,126.9,1,11,4,6,5,152.0,1,0,0,1,1,0,22,0,0,6,9,4,10.02,0,0,6,7,5,14.29,0,8.2,1.8,0.31,Graduate
1,13,5,8014,1,3,124.6,1,19,28,11,10,184.6,1,0,0,1,0,1,20,0,0,6,7,6,12.19,0,0,6,7,5,16.33,0,4.2,1.2,-0.69,Graduate
1,5,6,9853,1,2,170.1,1,20,22,9,8,142.0,1,0,0,1,0,1,20,0,0,6,9,5,12.46,0,0,6,7,4,11.29,0,5.1,1.8,1.40,Graduate
1,2,3,9773,1,9,121.9,1,22,27,4,3,110.4,0,0,1,1,0,0,22,0,0,6,9,3,11.83,0,0,6,8,2,11.45,0,8.8,1.2,-1.52,Dropout
1,11,4,9130,1,4,100.8,1,26,9,6,7,112.2,0,0,0,1,1,0,21,0,0,6,7,4,12.93,0,0,6,7,6,11.15,0,11.1,0.7,2.09,Graduate
1,4,4,8014,1,14,170.8,1,3,3,11,3,166.9,1,0,0,1,1,0,20,0,0,6,8,6,15.3,0,0,6,8,5,11.05,0,5.2,3.1,1.45,Graduate
1,1,6,9670,1,5,145.6,1,12,15,8,9,119.6,0,0,0,1,0,1,20,0,0,6,8,6,16.02,0,0,6,7,6,14.58,0,4.3,2.5,0.53,Graduate
1,11,2,9991,1,15,172.5,1,12,26,4,10,182.1,1,0,0,1,0,0,18,0,0,6,8,6,12.83,0,0,6,7,6,13.08,0,5.3,3.1,0.61,Graduate
1,5,4,9853,1,9,166.2,1,3,7,4,12,187.1,0,0,0,0,1,0,21,0,0,6,8,2,11.06,0,0,6,9,2,12.9,0,6.6,3.2,1.17,Dropout
1,10,4,9670,1,9,153.4,1,20,19,8,7,144.8,1,0,0,0,0,0,26,0,0,6,7,1,12.26,0,0,6,9,1,12.81,0,4.2,1.3,-0.93,Dropout
1,6,2,9853,1,15,149.5,1,13,7,5,12,162.0,1,0,0,1,0,0,26,0,0,6,9,0,0,0,0,6,7,2,11.01,0,4.1,2.6,0.26,Dropout
1,9,4,171,1,1,111.0,1,11,8,7,9,182.6,1,0,1,0,0,1,21,0,0,6,9,1,10.32,0,0,6,8,0,0,0,8.3,1.8,1.64,Dropout
1,7,5,9119,1,10,130.7,1,23,15,10,7,135.5,1,0,1,0,1,0,18,0,0,6,6,2,11.78,0,0,6,8,0,0,0,3.9,0.6,1.49,Dropout
1,15,3,9070,1,1,143.7,1,23,27,3,2,165.0,1,0,0,1,0,0,22,0,0,6,6,5,12.57,0,0,6,6,6,16.46,0,7.4,1.7,0.29,Graduate
1,5,6,9003,1,12,122.6,1,9,25,7,6,165.1,1,0,0,1,1,0,23,0,0,6,6,5,13.37,0,0,6,7,6,14.95,0,10.8,2.0,2.21,Graduate
1,9,3,33,1,2,189.6,1,23,13,7,4,154.1,0,0,1,1,0,0,21,0,0,6,7,3,11.75,0,0,6,8,1,10.3,0,5.5,2.6,1.81,Dropout
1,10,2,33,1,14,180.7,1,1,3,7,6,188.8,1,0,0,0,0,0,20,0,0,6,7,3,10.67,0,0,6,8,2,11.15,0,3.6,2.6,0.35,Dropout
1,6,6,9130,1,2,176.7,1,2,24,11,5,120.0,0,0,0,1,0,0,20,0,0,6,9,5,12.3,0,0,6,8,6,13.3,0,5.3,1.4,1.89,Graduate
1,5,2,33,1,2,178.5,1,23,19,8,12,172.6,1,0,1,0,1,0,19,0,0,6,6,3,12.99,0,0,6,6,2,11.86,0,8.7,1.9,1.56,Dropout
1,6,5,9070,1,2,103.9,1,17,7,8,10,156.9,0,0,0,1,0,0,22,0,0,6,7,6,16.99,0,0,6,9,4,10.32,0,6.8,0.5,-1.67,Graduate
1,12,5,9119,1,11,182.2,1,26,17,1,10,185.9,1,0,1,1,1,0,22,0,0,6,8,6,13.88,0,0,6,6,5,11.12,0,6.7,0.9,0.61,Graduate
1,14,1,9003,1,11,159.9,1,11,14,7,6,173.1,1,0,0,1,0,0,22,0,0,6,7,5,14.82,0,0,6,9,5,14.28,0,9.5,2.5,1.76,Graduate
1,5,3,171,1,13,109.0,1,6,1,7,9,117.5,0,0,0,1,1,0,21,0,0,6,7,6,10.68,0,0,6,6,6,13.41,0,10.9,1.3,-0.69,Graduate
1,1,5,9119,0,6,189.7,1,27,29,8,11,178.2,0,0,0,1,0,0,18,0,0,6,7,4,14.02,0,0,6,7,6,12.42,0,4.2,2.5,2.24,Enrolled
1,9,5,9130,1,1,125.2,1,6,26,2,1,107.3,0,0,0,1,0,0,18,0,0,6,8,2,10.62,0,0,6,6,1,10.13,0,6.1,2.6,1.56,Dropout
1,17,5,9085,1,15,157.7,1,10,15,4,7,107.9,1,0,1,1,0,1,22,0,0,6,7,5,11.72,0,0,6,8,6,13.87,0,11.5,0.9,0.90,Graduate
1,17,2,9003,1,15,126.9,1,12,24,7,2,182.7,1,0,0,1,0,0,18,0,0,6,6,6,14.05,0,0,6,6,4,15.74,0,9.5,1.5,-1.43,Graduate
2,4,2,9670,0,14,128.5,1,25,6,1,1,123.5,1,0,0,1,0,0,21,0,0,6,9,6,13.25,0,0,6,6,4,15.37,0,9.9,0.8,1.98,Graduate
1,14,3,9254,1,15,110.8,1,17,25,7,8,146.8,0,0,1,1,0,0,18,0,0,6,9,2,12.95,0,0,6,6,1,10.43,0,5.5,1.5,1.14,Dropout
1,18,1,9556,1,12,166.1,1,18,25,4,1,110.6,1,0,0,1,0,0,22,0,0,6,6,4,11.57,0,0,6,8,6,16.32,0,6.3,1.4,1.04,Graduate
1,4,5,8014,0,11,125.7,1,29,13,11,9,158.7,1,0,1,1,0,0,18,0,0,6,7,2,12.14,0,0,6,7,2,12.08,0,4.8,2.8,0.46,Dropout
1,18,3,9254,1,8,103.1,1,6,29,10,4,184.2,1,0,0,1,0,1,21,0,0,6,8,6,16.41,0,0,6,6,5,13.53,0,9.0,1.2,1.32,Graduate
1,8,5,9670,1,13,101.6,1,19,12,1,5,175.7,0,0,1,1,1,0,24,0,0,6,9,0,0,0,0,6,7,2,12.64,0,7.1,1.4,0.26,Dropout
1,14,6,9238,1,5,144.1,1,14,18,9,4,125.4,1,0,1,0,0,0,20,0,0,6,9,3,12.82,0,0,6,7,0,0,0,3.6,3.0,1.56,Dropout
1,8,1,9773,1,15,179.3,1,27,26,9,8,149.3,1,0,0,1,0,0,21,0,0,6,9,6,13.19,0,0,6,6,4,11.57,0,5.8,0.5,0.52,Graduate
2,9,6,171,1,7,182.8,1,3,20,11,12,101.8,1,0,0,1,0,0,23,0,0,6,7,5,10.73,0,0,6,6,5,15.18,0,6.7,3.3,-1.52,Enrolled
2,9,4,8014,1,13,146.3,1,12,24,3,1,174.1,1,0,0,1,0,0,21,0,0,6,7,6,10.63,0,0,6,9,4,15,0,11.1,1.7,0.51,Enrolled
1,8,6,9119,1,8,183.6,1,16,15,5,5,109.8,1,0,0,1,0,0,19,0,0,6,9,2,11.75,0,0,6,8,1,11.97,0,4.6,3.4,-0.92,Dropout
1,15,3,9130,1,3,138.1,1,17,11,1,2,115.4,1,0,0,1,1,0,22,0,0,6,7,3,12.76,0,0,6,6,0,0,0,9.7,2.7,0.45,Dropout
1,12,4,9556,1,10,157.2,1,19,29,4,3,151.0,1,0,0,1,0,0,23,0,0,6,7,5,14.69,0,0,6,7,4,12.66,0,8.4,2.7,0.85,Graduate
2,16,1,9556,1,2,180.0,1,24,27,4,5,129.5,1,0,0,1,0,0,22,0,0,6,8,6,16.41,0,0,6,7,4,12.77,0,5.9,1.6,-0.06,Graduate
1,15,3,9119,1,4,135.0,1,23,17,5,12,102.9,1,0,0,1,0,0,19,0,0,6,6,5,16.82,0,0,6,9,5,14.62,0,3.9,0.7,-0.39,Graduate
2,2,3,9130,1,4,113.2,1,1,18,10,5,133.6,1,0,0,1,0,0,21,0,0,6,7,1,10.59,0,0,6,7,0,0,0,9.9,3.4,-0.48,Dropout
1,5,3,9070,1,14,157.3,1,24,28,3,7,105.8,0,0,1,1,0,0,22,0,0,6,7,4,10.56,0,0,6,9,5,10.99,0,10.6,0.6,-1.23,Enrolled
1,18,3,9003,1,2,165.7,1,12,23,5,3,112.8,1,0,0,1,0,1,18,0,0,6,9,6,13.69,0,0,6,6,6,15.49,0,11.1,3.3,0.76,Graduate
1,1,2,9119,1,15,172.5,1,18,20,3,10,187.2,1,0,0,1,1,1,19,0,0,6,6,6,13.17,0,0,6,7,4,13.44,0,5.7,2.0,-0.73,Graduate
1,10,5,9119,1,3,114.8,1,1,12,7,10,163.4,0,0,0,1,1,0,19,0,0,6,7,6,13.32,0,0,6,9,5,16.67,0,5.5,3.2,-1.57,Graduate
1,9,1,9500,1,6,109.4,1,25,25,8,2,134.3,0,0,0,1,0,1,21,0,0,6,8,4,15.19,0,0,6,6,6,11.65,0,10.8,2.6,0.96,Enrolled
1,1,1,8014,1,3,135.5,1,10,15,9,10,142.2,1,0,0,1,0,0,20,0,0,6,9,6,14.72,0,0,6,9,6,12.6,0,6.6,1.6,1.70,Enrolled
1,8,6,9085,1,14,165.6,1,7,4,5,10,154.5,1,0,0,1,0,0,23,0,0,6,9,4,10.75,0,0,6,7,6,16.35,0,6.4,2.6,-0.11,Graduate
1,8,3,9500,1,5,112.9,1,27,1,5,4,166.9,1,0,0,1,0,0,23,0,0,6,9,4,16.49,0,0,6,8,5,10.52,0,5.9,3.3,-1.44,Graduate
1,5,3,9003,0,11,134.4,1,13,14,2,4,146.5,0,0,0,1,0,0,18,0,0,6,7,4,13.8,0,0,6,7,6,13.67,0,6.6,1.2,-0.06,Graduate
1,4,5,9119,1,13,144.3,1,13,18,9,8,136.5,0,0,0,1,0,0,21,0,0,6,8,5,13.12,0,0,6,7,6,16.76,0,8.2,2.5,-1.59,Enrolled
1,9,4,9119,1,4,108.2,1,16,2,8,4,173.3,1,0,0,1,0,0,22,0,0,6,7,1,10.53,0,0,6,7,0,0,0,9.6,2.7,1.56,Dropout
1,10,1,9773,1,2,110.8,1,1,16,8,4,119.6,0,0,1,1,0,0,23,0,0,6,8,3,10.43,0,0,6,9,1,12.2,0,10.5,2.6,1.49,Dropout
2,11,4,33,1,2,137.4,1,1,25,6,1,152.4,0,0,0,1,0,0,23,0,0,6,8,4,11.94,0,0,6,9,5,14.3,0,5.5,2.3,-0.98,Graduate
1,9,6,9500,1,12,133.0,1,21,12,3,11,176.1,1,0,0,1,0,0,21,0,0,6,9,5,14.86,0,0,6,6,5,16.24,0,8.5,3.3,-0.03,Enrolled
1,9,2,9773,1,3,143.5,1,19,27,12,2,175.7,1,0,1,0,0,0,26,0,0,6,9,3,12.67,0,0,6,7,1,12.14,0,7.2,1.0,-0.69,Dropout
1,12,3,8014,1,4,185.7,1,25,19,9,8,111.9,1,0,0,1,1,1,19,0,0,6,8,6,11.11,0,0,6,9,5,15.33,0,10.3,1.4,-1.52,Graduate
2,5,1,9085,1,8,153.0,1,20,29,8,3,107.5,1,0,0,1,0,0,21,0,0,6,9,6,16.2,0,0,6,7,6,16.78,0,9.2,2.7,-0.35,Enrolled
1,2,3,171,1,1,114.3,1,11,22,1,2,119.8,1,0,0,1,1,0,20,0,0,6,7,4,13.94,0,0,6,9,5,10.35,0,11.4,3.1,-0.32,Enrolled
1,2,1,9070,0,2,157.2,1,16,6,8,3,144.3,0,0,0,1,1,0,19,0,0,6,6,6,16.43,0,0,6,7,6,16.63,0,8.7,0.6,-0.27,Graduate
1,10,2,9254,1,1,153.0,1,6,13,2,4,115.4,0,0,0,1,0,0,23,0,0,6,6,4,15.23,0,0,6,9,4,13.61,0,8.4,2.2,1.26,Graduate
2,2,1,9119,1,4,159.3,1,14,19,3,5,101.1,1,0,0,1,1,0,20,0,0,6,9,6,13.82,0,0,6,7,4,10.18,0,3.9,3.1,0.34,Graduate
1,15,4,9238,0,15,110.6,1,24,27,6,9,141.0,1,0,0,1,0,0,18,0,0,6,8,4,15.94,0,0,6,9,5,10.51,0,9.7,0.6,-1.49,Graduate
1,8,3,9070,1,10,103.1,1,13,26,5,5,147.6,1,0,0,1,0,0,19,0,0,6,7,4,13.69,0,0,6,6,5,10.02,0,10.7,1.3,2.14,Graduate
1,17,3,9670,1,1,105.7,1,27,27,6,4,179.4,1,0,0,1,1,0,21,0,0,6,7,4,14.7,0,0,6,7,4,14.32,0,10.4,2.3,-0.53,Enrolled
1,13,2,9254,1,15,138.3,1,26,2,7,11,170.6,1,0,1,1,1,0,20,0,0,6,7,2,10.29,0,0,6,9,0,0,0,4.3,1.6,-0.15,Dropout
2,7,3,9991,1,1,127.2,1,21,4,7,11,107.9,1,0,0,1,0,1,19,0,0,6,8,4,16.76,0,0,6,6,6,13.89,0,7.4,0.4,-0.68,Graduate
1,4,5,9773,0,12,114.3,1,11,20,8,10,113.6,0,0,1,0,1,0,29,0,0,6,9,3,10.02,0,0,6,6,2,10.32,0,9.9,1.1,-0.52,Dropout
1,4,4,33,1,14,163.5,1,5,10,2,1,108.4,1,0,0,1,1,0,19,0,0,6,8,5,16.85,0,0,6,9,6,16.67,0,8.9,2.7,-0.63,Graduate
1,14,3,9670,1,9,149.5,1,15,11,5,5,169.0,1,0,0,1,0,0,18,0,0,6,9,4,11.81,0,0,6,6,6,11.24,0,9.9,3.4,-0.55,Graduate
1,8,1,9070,1,2,137.3,1,17,12,5,11,171.1,0,0,0,1,0,0,21,0,0,6,9,4,10.81,0,0,6,6,4,11.74,0,9.2,2.3,0.39,Enrolled
1,7,6,8014,1,14,137.4,1,22,21,4,9,128.8,1,0,0,1,0,0,19,0,0,6,9,6,14.17,0,0,6,8,4,16.56,0,8.5,0.4,-0.02,Graduate
1,4,5,9119,1,9,170.5,1,25,12,9,5,175.1,0,0,0,1,0,1,20,0,0,6,6,6,15.03,0,0,6,6,5,10.95,0,4.7,0.9,2.10,Graduate
2,12,3,9147,1,12,153.5,1,11,10,1,11,183.6,0,0,0,1,0,0,19,0,0,6,6,6,10.57,0,0,6,8,5,16.82,0,5.3,1.6,1.91,Graduate
1,12,2,9991,1,1,124.9,1,24,26,7,8,138.6,1,0,1,1,0,0,23,0,0,6,9,0,0,0,0,6,7,0,0,0,6.0,1.1,-0.03,Dropout
1,13,6,9119,1,13,113.9,1,21,12,7,9,159.2,1,0,0,1,1,0,22,0,0,6,7,4,11.68,0,0,6,7,6,14.37,0,4.6,1.2,2.04,Graduate
1,6,5,9991,1,3,153.2,1,28,27,6,1,100.0,1,0,1,1,1,0,24,0,0,6,9,1,11.1,0,0,6,6,0,0,0,6.7,2.9,0.48,Dropout
1,8,4,9119,1,5,166.0,1,3,19,5,1,109.8,0,0,0,0,1,0,22,0,0,6,8,2,12.4,0,0,6,7,0,0,0,7.0,1.9,1.16,Dropout
1,13,6,9147,1,1,177.6,1,23,18,3,6,164.5,0,0,0,1,1,0,20,0,0,6,9,6,13.57,0,0,6,7,4,11.52,0,7.4,2.0,-0.51,Graduate
1,7,4,33,1,4,176.4,1,17,27,7,1,184.8,0,0,1,1,1,0,23,0,0,6,6,6,11.56,0,0,6,6,4,10.53,0,4.5,2.6,-1.31,Graduate
1,4,1,9238,1,13,103.9,1,6,15,7,4,156.3,1,0,0,1,0,0,19,0,0,6,6,4,15.57,0,0,6,9,6,14.27,0,3.7,2.6,-0.43,Graduate
1,10,1,9991,1,10,132.0,1,22,11,10,4,135.1,0,0,0,1,1,0,23,0,0,6,9,5,12.52,0,0,6,6,6,13.34,0,6.1,0.4,2.11,Graduate
1,9,5,9238,1,13,181.3,1,10,19,11,6,154.9,0,0,0,1,0,0,19,0,0,6,6,2,11.88,0,0,6,8,0,0,0,8.1,3.0,0.56,Dropout
1,2,4,9238,1,4,186.7,1,5,14,6,3,182.2,0,0,0,1,1,0,23,0,0,6,7,5,12.99,0,0,6,7,5,11.29,0,11.2,3.4,0.41,Graduate
1,5,6,9556,1,4,138.4,1,19,9,11,6,117.0,1,0,0,1,1,0,20,0,0,6,7,4,13.52,0,0,6,8,4,15,0,3.7,0.9,-0.56,Graduate
1,17,1,9147,0,2,136.5,1,18,13,5,12,180.1,1,0,0,1,0,0,23,0,0,6,8,5,10.38,0,0,6,9,4,11.81,0,3.6,3.2,-1.60,Graduate
1,7,3,9130,1,6,140.9,1,21,29,10,4,183.2,0,0,0,1,1,0,23,0,0,6,8,5,12.84,0,0,6,8,4,11.88,0,6.4,0.4,2.05,Graduate
1,2,4,9085,1,15,102.3,1,25,6,11,7,171.6,0,0,0,0,1,0,27,0,0,6,8,1,12.61,0,0,6,7,1,11.41,0,6.0,1.3,0.02,Dropout
1,3,3,9147,1,1,167.5,1,22,3,3,8,185.2,1,0,0,1,1,0,21,0,0,6,6,6,13.32,0,0,6,6,4,15.63,0,4.8,1.5,1.96,Graduate
1,3,4,9991,1,11,155.9,1,29,27,10,11,170.7,0,0,0,1,1,0,20,0,0,6,9,4,14.94,0,0,6,9,6,10.49,0,6.2,2.2,1.67,Graduate
1,4,5,9991,1,1,156.3,1,7,28,10,8,117.2,1,0,0,1,1,0,22,0,0,6,7,4,12.52,0,0,6,6,5,15.12,0,10.0,2.3,2.06,Graduate
1,17,6,9991,1,12,151.2,1,1,12,10,1,169.8,0,0,1,1,0,0,19,0,0,6,6,3,10.77,0,0,6,6,1,10.29,0,3.6,3.2,1.60,Dropout
1,17,3,8014,1,4,144.4,1,16,22,8,1,171.2,1,0,0,1,1,0,18,0,0,6,9,6,13.7,0,0,6,8,4,16.78,0,6.7,3.2,1.39,Enrolled
1,9,3,171,1,8,164.1,1,13,15,9,12,161.3,1,0,0,1,0,0,20,0,0,6,9,6,10.81,0,0,6,9,4,12.39,0,6.1,3.3,-0.28,Graduate
1,18,5,9500,1,11,140.8,1,28,12,5,12,114.1,0,0,0,1,0,0,20,0,0,6,7,6,16.57,0,0,6,8,4,10.16,0,4.5,2.0,-0.68,Graduate
2,2,2,9773,0,9,109.2,1,22,3,9,4,156.4,0,0,1,1,0,0,21,0,0,6,9,1,10.96,0,0,6,8,1,10.05,0,11.3,2.6,-0.32,Dropout
1,1,6,9238,1,10,131.7,1,1,27,4,3,105.4,1,0,1,0,0,0,25,0,0,6,8,1,10.6,0,0,6,6,1,10.92,0,5.5,2.3,-1.38,Dropout
2,6,3,171,1,10,180.8,1,26,20,6,2,122.2,0,0,0,1,1,1,20,0,0,6,7,6,11.47,0,0,6,8,6,16.57,0,6.1,2.2,2.06,Graduate
1,6,5,8014,1,1,185.6,1,21,18,3,3,105.5,1,0,0,1,1,0,19,0,0,6,9,5,14.52,0,0,6,7,6,12.97,0,6.5,3.2,-1.31,Enrolled
1,5,5,9254,0,6,188.5,1,24,14,6,5,147.3,0,0,1,1,1,0,28,0,0,6,9,2,12.56,0,0,6,9,1,10.83,0,4.9,3.1,1.58,Dropout
2,6,3,8014,1,5,182.9,1,12,13,1,7,141.4,0,0,1,1,0,1,22,0,0,6,7,4,10.97,0,0,6,9,6,16.6,0,5.4,0.8,-1.18,Graduate
1,18,4,9991,1,4,138.0,1,17,9,12,4,189.1,0,0,0,1,0,1,20,0,0,6,6,6,14.24,0,0,6,9,4,13.45,0,10.7,3.0,1.82,Graduate
1,1,4,171,1,3,176.0,1,16,4,5,12,139.9,1,1,1,0,0,0,27,0,0,6,6,2,11.87,0,0,6,7,0,0,0,3.6,3.1,-1.09,Dropout
1,8,2,9773,1,9,144.4,1,7,28,4,2,175.2,1,0,1,1,1,0,20,0,0,6,9,5,10.83,0,0,6,7,4,14.74,0,8.6,0.6,2.25,Graduate
1,3,1,9556,1,2,159.4,1,14,10,7,11,105.8,0,0,0,1,0,0,22,0,0,6,6,6,16.79,0,0,6,9,6,16.96,0,9.8,1.8,-0.65,Graduate
1,5,4,9085,1,4,184.9,1,26,20,7,2,173.1,1,0,0,1,1,0,19,0,0,6,7,5,11.05,0,0,6,8,4,13.63,0,6.6,2.8,-1.49,Graduate
1,13,5,9773,1,2,154.9,1,1,19,9,3,159.2,1,0,0,1,0,0,26,0,0,6,6,1,11.02,0,0,6,6,2,10.13,0,7.6,2.7,0.90,Dropout
1,15,5,9238,1,15,141.9,1,18,17,11,10,161.0,0,0,0,1,1,0,29,0,0,6,8,3,11.9,0,0,6,9,2,12.12,0,11.6,1.9,2.01,Dropout
1,11,2,9070,0,1,107.6,1,17,22,6,11,170.8,1,0,0,1,1,0,23,0,0,6,8,6,12.42,0,0,6,8,6,12.33,0,8.4,0.6,0.58,Graduate
1,13,4,9070,1,8,125.5,1,2,14,2,2,138.7,1,0,0,1,0,0,23,0,0,6,9,4,12.05,0,0,6,8,6,13.59,0,10.3,2.7,1.87,Graduate
1,1,6,171,1,10,170.7,1,2,26,10,9,164.9,1,0,0,1,1,0,20,0,0,6,8,6,13.13,0,0,6,6,5,13.83,0,11.0,2.4,2.12,Graduate
1,14,2,9147,1,2,117.8,1,16,7,6,7,131.7,0,0,0,1,0,0,23,0,0,6,9,5,10.86,0,0,6,7,6,11.14,0,11.5,1.1,0.78,Enrolled
1,7,4,9085,1,8,158.8,1,18,27,7,11,118.8,1,0,0,1,0,1,20,0,0,6,6,1,11.48,0,0,6,9,0,0,0,10.4,2.2,0.42,Dropout
1,9,2,9254,1,4,168.3,1,21,5,3,4,158.3,0,0,0,1,1,1,23,0,0,6,7,6,11.81,0,0,6,6,4,11.34,0,9.6,1.8,1.55,Graduate
1,12,1,9991,0,14,153.1,1,14,9,12,1,165.8,1,0,0,1,1,0,18,0,0,6,7,5,12.46,0,0,6,6,6,15.23,0,11.3,3.2,0.61,Graduate
1,18,5,8014,1,4,159.3,1,28,2,8,1,183.4,0,0,0,1,0,0,18,0,0,6,6,6,15.7,0,0,6,7,4,15.96,0,7.6,2.1,1.93,Enrolled
1,8,2,9003,1,10,178.0,1,29,28,2,3,178.4,1,1,0,1,0,1,23,0,0,6,9,5,13.6,0,0,6,8,4,16.32,0,5.1,2.1,1.20,Graduate
2,8,1,9119,0,12,143.0,1,26,7,4,9,110.8,1,0,0,1,0,0,23,0,0,6,7,4,12.73,0,0,6,7,4,13.02,0,6.9,2.2,1.46,Graduate
1,10,6,9853,1,3,105.8,1,14,6,1,9,164.3,1,0,1,0,0,0,23,0,0,6,8,3,12.06,0,0,6,6,1,11.35,0,10.2,2.8,0.54,Dropout
2,16,4,9991,1,11,114.6,1,3,10,8,1,102.7,0,0,1,1,1,0,26,0,0,6,6,1,12.63,0,0,6,9,0,0,0,10.9,0.6,1.42,Dropout
1,8,2,33,1,6,126.8,1,19,17,9,6,175.6,1,0,0,1,0,0,20,0,0,6,9,6,12.59,0,0,6,9,4,15.75,0,10.7,1.8,2.24,Graduate
2,17,3,9556,1,8,144.7,1,10,19,5,12,107.1,0,0,0,1,0,0,18,0,0,6,7,6,12.47,0,0,6,7,5,16.27,0,11.1,0.7,-0.58,Enrolled
1,6,3,9773,1,12,127.6,1,26,1,10,5,104.5,1,0,0,1,1,0,20,0,0,6,6,5,12.62,0,0,6,7,5,11.35,0,6.8,1.0,-0.02,Graduate
1,9,2,9130,1,11,120.1,1,8,24,5,7,140.5,1,0,1,0,0,0,18,0,0,6,9,2,11.43,0,0,6,8,1,12.12,0,10.5,0.8,-1.63,Dropout
1,11,3,171,1,12,178.4,1,10,2,5,6,172.1,0,0,0,1,0,1,18,0,0,6,6,4,10.11,0,0,6,9,5,16.53,0,10.7,2.2,0.40,Enrolled
1,3,2,9003,1,12,107.4,1,26,17,12,4,140.3,0,0,0,1,1,0,20,0,0,6,6,4,11.39,0,0,6,9,4,12.62,0,8.7,1.9,0.07,Enrolled
1,5,1,33,1,9,181.0,1,15,28,8,7,125.5,1,0,1,0,0,0,19,0,0,6,7,1,11.89,0,0,6,6,1,11.43,0,9.3,0.5,1.95,Dropout
1,14,1,9853,1,15,108.6,1,5,29,11,3,184.4,1,0,0,1,1,0,22,0,0,6,9,4,16.04,0,0,6,9,6,13.09,0,6.9,2.1,-1.56,Graduate
1,5,6,9238,1,14,171.3,1,1,9,4,7,132.1,1,0,0,1,0,0,20,0,0,6,7,6,16.93,0,0,6,7,4,10.92,0,8.9,0.4,0.70,Graduate
1,2,1,9238,0,10,173.8,1,3,14,6,11,134.3,1,0,0,1,0,0,23,0,0,6,8,6,13.35,0,0,6,6,4,14.94,0,9.5,1.0,-0.62,Graduate
1,14,5,9556,1,14,149.7,1,21,3,4,1,121.6,0,0,0,1,0,0,22,0,0,6,9,4,14.33,0,0,6,9,4,16.6,0,3.7,1.0,-1.31,Graduate
1,4,6,9147,0,13,172.9,1,5,24,2,2,137.7,0,0,0,1,1,0,22,0,0,6,9,5,13.38,0,0,6,9,6,11.09,0,4.9,3.1,1.07,Enrolled
1,11,1,9254,1,5,187.1,1,13,5,8,10,170.4,1,0,0,1,1,0,19,0,0,6,8,4,16.3,0,0,6,6,4,15.54,0,8.4,1.0,-0.98,Graduate
1,6,2,9773,1,5,124.7,1,11,9,11,12,169.2,1,0,0,1,1,0,20,0,0,6,6,5,12.26,0,0,6,6,4,14.32,0,7.2,1.2,1.17,Graduate
1,16,2,9119,1,13,153.1,1,17,27,8,10,120.1,0,0,0,1,0,0,19,0,0,6,7,4,13.61,0,0,6,6,4,12.94,0,4.6,1.0,0.89,Graduate
1,5,4,33,1,11,126.3,1,27,4,5,10,138.0,0,0,0,1,0,0,22,0,0,6,9,5,16.26,0,0,6,7,6,10.01,0,6.0,3.1,-1.19,Graduate
1,18,3,171,1,14,115.8,1,16,11,8,8,104.8,0,0,0,1,1,0,20,0,0,6,9,4,10.13,0,0,6,7,5,14.61,0,7.8,2.1,0.63,Graduate
1,16,4,9070,1,7,121.1,1,7,6,3,3,104.6,1,0,1,1,1,0,20,0,0,6,7,2,12.51,0,0,6,8,2,10.99,0,8.2,0.7,0.79,Dropout
1,5,6,9500,1,11,159.1,1,7,7,2,10,183.7,1,0,0,1,0,0,19,0,0,6,6,6,12.96,0,0,6,6,6,15.79,0,8.4,0.5,1.41,Graduate
1,9,1,9556,1,8,102.3,1,19,10,5,2,135.1,0,0,0,1,1,0,21,0,0,6,8,6,11.31,0,0,6,8,4,15.91,0,3.8,2.2,0.26,Graduate
1,6,1,9119,1,7,181.9,1,11,24,5,4,136.9,1,0,0,1,0,0,19,0,0,6,7,6,14.35,0,0,6,9,4,15.29,0,8.3,1.7,0.47,Graduate
1,15,2,9500,1,4,170.8,1,10,19,1,4,133.1,1,0,0,1,0,1,23,0,0,6,7,6,13.25,0,0,6,6,6,12.47,0,7.4,2.7,1.05,Enrolled
1,3,5,9670,0,13,120.1,1,17,24,5,4,150.8,0,0,0,1,0,0,22,0,0,6,9,4,15.45,0,0,6,8,5,10.71,0,11.1,1.0,-0.08,Graduate
1,12,1,9670,0,15,155.9,1,25,1,9,6,177.5,1,0,0,1,1,1,22,0,0,6,8,6,15.02,0,0,6,6,4,15.19,0,4.3,2.9,0.04,Enrolled
1,3,3,9119,1,3,128.7,1,18,12,5,2,151.1,1,0,0,0,1,0,22,0,0,6,6,0,0,0,0,6,9,0,0,0,8.5,0.6,1.90,Dropout
1,17,1,9853,1,9,101.9,1,21,6,4,1,119.1,1,0,1,1,0,1,28,0,0,6,7,3,11.09,0,0,6,9,0,0,0,5.0,3.3,2.24,Dropout
1,5,2,9130,1,11,169.9,1,6,8,4,1,157.5,0,0,1,1,0,0,19,0,0,6,6,0,0,0,0,6,6,0,0,0,5.7,3.1,1.76,Dropout
1,3,3,9119,1,3,184.4,1,20,3,8,2,186.3,1,0,0,1,1,0,22,0,0,6,6,6,10.56,0,0,6,7,6,16.02,0,10.9,2.0,1.24,Graduate
1,8,4,9991,1,9,189.1,1,16,9,10,8,137.8,0,0,0,1,1,0,22,0,0,6,6,4,16.58,0,0,6,8,6,10.84,0,5.2,0.5,-0.78,Enrolled
1,4,4,9003,1,12,146.0,1,6,10,1,12,155.0,1,0,0,1,0,0,25,0,0,6,9,3,10.21,0,0,6,9,0,0,0,7.5,0.9,0.70,Dropout
1,6,4,9670,1,1,128.5,1,6,27,6,2,169.7,1,0,0,0,0,0,20,0,0,6,7,1,12.45,0,0,6,9,0,0,0,5.7,0.9,-1.03,Dropout
1,18,5,9238,1,8,161.8,1,9,3,4,3,132.9,1,0,0,1,1,0,18,0,0,6,9,5,12.8,0,0,6,6,6,10.17,0,3.7,2.2,1.45,Graduate
1,11,1,9254,1,2,101.0,1,3,5,9,3,189.4,0,0,0,0,0,0,29,0,0,6,6,0,0,0,0,6,9,2,12.66,0,11.1,2.3,0.60,Dropout
1,5,2,9085,1,10,145.0,1,1,24,12,6,180.5,0,0,1,0,0,0,24,0,0,6,9,3,11.51,0,0,6,6,2,12.75,0,6.3,1.0,0.34,Dropout
1,8,1,33,1,13,107.3,1,20,26,7,12,149.7,1,0,0,1,0,0,22,0,0,6,6,5,13.11,0,0,6,8,4,16.96,0,7.8,0.7,1.40,Enrolled
1,14,2,9085,1,12,141.4,1,23,12,2,5,189.2,1,0,0,1,0,0,19,0,0,6,6,6,10.82,0,0,6,9,4,13.41,0,8.8,0.6,1.82,Graduate
1,7,2,9238,0,12,119.4,1,10,7,1,12,138.0,0,0,0,1,0,0,19,0,0,6,8,4,11.92,0,0,6,9,6,12.67,0,9.8,1.3,-1.30,Enrolled
1,17,4,9254,1,5,152.8,1,18,16,6,8,103.3,1,0,1,1,0,0,22,0,0,6,8,1,10.69,0,0,6,6,1,11.65,0,8.5,2.7,0.36,Dropout
1,12,4,171,1,6,146.8,1,3,28,9,5,139.6,1,0,0,0,1,0,24,0,0,6,7,0,0,0,0,6,8,2,10.44,0,9.1,2.4,0.24,Dropout
1,1,5,9130,0,13,157.4,1,16,17,3,6,126.8,0,0,1,1,1,0,23,0,0,6,9,6,14.26,0,0,6,9,6,14.55,0,4.7,1.3,0.79,Graduate
1,4,4,9085,1,15,170.1,1,26,5,2,11,133.2,0,0,1,0,1,1,19,0,0,6,9,1,12.74,0,0,6,9,2,11.07,0,9.2,0.8,1.41,Dropout
1,8,1,9238,1,14,179.9,1,12,1,1,3,168.8,1,0,0,1,0,1,22,0,0,6,9,6,15.03,0,0,6,9,5,10.77,0,11.3,1.3,-1.43,Enrolled